{
"type": "FeatureCollection",
"name": "teste",
"crs": { "type": "name", "properties": { "name": "urn:ogc:def:crs:OGC:1.3:CRS84" } },
"features": [
{ "type": "Feature", "properties": { "fid": 1, "id": 14, "grid_status": "sem ponto" }, "geometry": { "type": "Polygon", "coordinates": [ [ [ -53.109, -22.3823272 ], [ -52.909, -22.3823272 ], [ -52.909, -22.5823272 ], [ -53.109, -22.5823272 ], [ -53.109, -22.3823272 ] ] ] } },
{ "type": "Feature", "properties": { "fid": 2, "id": 15, "grid_status": "sem ponto" }, "geometry": { "type": "Polygon", "coordinates": [ [ [ -53.109, -22.5823272 ], [ -52.909, -22.5823272 ], [ -52.909, -22.7823272 ], [ -53.109, -22.7823272 ], [ -53.109, -22.5823272 ] ] ] } },
{ "type": "Feature", "properties": { "fid": 3, "id": 42, "grid_status": "sem ponto" }, "geometry": { "type": "Polygon", "coordinates": [ [ [ -52.909, -22.1823272 ], [ -52.709, -22.1823272 ], [ -52.709, -22.3823272 ], [ -52.909, -22.3823272 ], [ -52.909, -22.1823272 ] ] ] } },
{ "type": "Feature", "properties": { "fid": 4, "id": 43, "grid_status": "sem ponto" }, "geometry": { "type": "Polygon", "coordinates": [ [ [ -52.909, -22.3823272 ], [ -52.709, -22.3823272 ], [ -52.709, -22.5823272 ], [ -52.909, -22.5823272 ], [ -52.909, -22.3823272 ] ] ] } },
{ "type": "Feature", "properties": { "fid": 5, "id": 44, "grid_status": "sem ponto" }, "geometry": { "type": "Polygon", "coordinates": [ [ [ -52.909, -22.5823272 ], [ -52.709, -22.5823272 ], [ -52.709, -22.7823272 ], [ -52.909, -22.7823272 ], [ -52.909, -22.5823272 ] ] ] } },
{ "type": "Feature", "properties": { "fid": 6, "id": 71, "grid_status": "sem ponto" }, "geometry": { "type": "Polygon", "coordinates": [ [ [ -52.709, -22.1823272 ], [ -52.509, -22.1823272 ], [ -52.509, -22.3823272 ], [ -52.709, -22.3823272 ], [ -52.709, -22.1823272 ] ] ] } },
{ "type": "Feature", "properties": { "fid": 7, "id": 72, "grid_status": "sem ponto" }, "geometry": { "type": "Polygon", "coordinates": [ [ [ -52.709, -22.3823272 ], [ -52.509, -22.3823272 ], [ -52.509, -22.5823272 ], [ -52.709, -22.5823272 ], [ -52.709, -22.3823272 ] ] ] } },
{ "type": "Feature", "properties": { "fid": 8, "id": 73, "grid_status": "sem ponto" }, "geometry": { "type": "Polygon", "coordinates": [ [ [ -52.709, -22.5823272 ], [ -52.509, -22.5823272 ], [ -52.509, -22.7823272 ], [ -52.709, -22.7823272 ], [ -52.709, -22.5823272 ] ] ] } },
{ "type": "Feature", "properties": { "fid": 9, "id": 98, "grid_status": "sem ponto" }, "geometry": { "type": "Polygon", "coordinates": [ [ [ -52.509, -21.7823272 ], [ -52.309, -21.7823272 ], [ -52.309, -21.9823272 ], [ -52.509, -21.9823272 ], [ -52.509, -21.7823272 ] ] ] } },
{ "type": "Feature", "properties": { "fid": 10, "id": 99, "grid_status": "sem ponto" }, "geometry": { "type": "Polygon", "coordinates": [ [ [ -52.509, -21.9823272 ], [ -52.309, -21.9823272 ], [ -52.309, -22.1823272 ], [ -52.509, -22.1823272 ], [ -52.509, -21.9823272 ] ] ] } },
{ "type": "Feature", "properties": { "fid": 11, "id": 100, "grid_status": "sem ponto" }, "geometry": { "type": "Polygon", "coordinates": [ [ [ -52.509, -22.1823272 ], [ -52.309, -22.1823272 ], [ -52.309, -22.3823272 ], [ -52.509, -22.3823272 ], [ -52.509, -22.1823272 ] ] ] } },
{ "type": "Feature", "properties": { "fid": 12, "id": 101, "grid_status": "sem ponto" }, "geometry": { "type": "Polygon", "coordinates": [ [ [ -52.509, -22.3823272 ], [ -52.309, -22.3823272 ], [ -52.309, -22.5823272 ], [ -52.509, -22.5823272 ], [ -52.509, -22.3823272 ] ] ] } },
{ "type": "Feature", "properties": { "fid": 13, "id": 102, "grid_status": "sem ponto" }, "geometry": { "type": "Polygon", "coordinates": [ [ [ -52.509, -22.5823272 ], [ -52.309, -22.5823272 ], [ -52.309, -22.7823272 ], [ -52.509, -22.7823272 ], [ -52.509, -22.5823272 ] ] ] } },
{ "type": "Feature", "properties": { "fid": 14, "id": 126, "grid_status": "sem ponto" }, "geometry": { "type": "Polygon", "coordinates": [ [ [ -52.309, -21.5823272 ], [ -52.109, -21.5823272 ], [ -52.109, -21.7823272 ], [ -52.309, -21.7823272 ], [ -52.309, -21.5823272 ] ] ] } },
{ "type": "Feature", "properties": { "fid": 15, "id": 127, "grid_status": "sem ponto" }, "geometry": { "type": "Polygon", "coordinates": [ [ [ -52.309, -21.7823272 ], [ -52.109, -21.7823272 ], [ -52.109, -21.9823272 ], [ -52.309, -21.9823272 ], [ -52.309, -21.7823272 ] ] ] } },
{ "type": "Feature", "properties": { "fid": 16, "id": 128, "grid_status": "sem ponto" }, "geometry": { "type": "Polygon", "coordinates": [ [ [ -52.309, -21.9823272 ], [ -52.109, -21.9823272 ], [ -52.109, -22.1823272 ], [ -52.309, -22.1823272 ], [ -52.309, -21.9823272 ] ] ] } },
{ "type": "Feature", "properties": { "fid": 17, "id": 129, "grid_status": "sem ponto" }, "geometry": { "type": "Polygon", "coordinates": [ [ [ -52.309, -22.1823272 ], [ -52.109, -22.1823272 ], [ -52.109, -22.3823272 ], [ -52.309, -22.3823272 ], [ -52.309, -22.1823272 ] ] ] } },
{ "type": "Feature", "properties": { "fid": 18, "id": 130, "grid_status": "sem ponto" }, "geometry": { "type": "Polygon", "coordinates": [ [ [ -52.309, -22.3823272 ], [ -52.109, -22.3823272 ], [ -52.109, -22.5823272 ], [ -52.309, -22.5823272 ], [ -52.309, -22.3823272 ] ] ] } },
{ "type": "Feature", "properties": { "fid": 19, "id": 131, "grid_status": "sem ponto" }, "geometry": { "type": "Polygon", "coordinates": [ [ [ -52.309, -22.5823272 ], [ -52.109, -22.5823272 ], [ -52.109, -22.7823272 ], [ -52.309, -22.7823272 ], [ -52.309, -22.5823272 ] ] ] } },
{ "type": "Feature", "properties": { "fid": 20, "id": 154, "grid_status": "sem ponto" }, "geometry": { "type": "Polygon", "coordinates": [ [ [ -52.109, -21.3823272 ], [ -51.909, -21.3823272 ], [ -51.909, -21.5823272 ], [ -52.109, -21.5823272 ], [ -52.109, -21.3823272 ] ] ] } },
{ "type": "Feature", "properties": { "fid": 21, "id": 155, "grid_status": "sem ponto" }, "geometry": { "type": "Polygon", "coordinates": [ [ [ -52.109, -21.5823272 ], [ -51.909, -21.5823272 ], [ -51.909, -21.7823272 ], [ -52.109, -21.7823272 ], [ -52.109, -21.5823272 ] ] ] } },
{ "type": "Feature", "properties": { "fid": 22, "id": 156, "grid_status": "sem ponto" }, "geometry": { "type": "Polygon", "coordinates": [ [ [ -52.109, -21.7823272 ], [ -51.909, -21.7823272 ], [ -51.909, -21.9823272 ], [ -52.109, -21.9823272 ], [ -52.109, -21.7823272 ] ] ] } },
{ "type": "Feature", "properties": { "fid": 23, "id": 157, "grid_status": "sem ponto" }, "geometry": { "type": "Polygon", "coordinates": [ [ [ -52.109, -21.9823272 ], [ -51.909, -21.9823272 ], [ -51.909, -22.1823272 ], [ -52.109, -22.1823272 ], [ -52.109, -21.9823272 ] ] ] } },
{ "type": "Feature", "properties": { "fid": 24, "id": 158, "grid_status": "sem ponto" }, "geometry": { "type": "Polygon", "coordinates": [ [ [ -52.109, -22.1823272 ], [ -51.909, -22.1823272 ], [ -51.909, -22.3823272 ], [ -52.109, -22.3823272 ], [ -52.109, -22.1823272 ] ] ] } },
{ "type": "Feature", "properties": { "fid": 25, "id": 159, "grid_status": "sem ponto" }, "geometry": { "type": "Polygon", "coordinates": [ [ [ -52.109, -22.3823272 ], [ -51.909, -22.3823272 ], [ -51.909, -22.5823272 ], [ -52.109, -22.5823272 ], [ -52.109, -22.3823272 ] ] ] } },
{ "type": "Feature", "properties": { "fid": 26, "id": 160, "grid_status": "sem ponto" }, "geometry": { "type": "Polygon", "coordinates": [ [ [ -52.109, -22.5823272 ], [ -51.909, -22.5823272 ], [ -51.909, -22.7823272 ], [ -52.109, -22.7823272 ], [ -52.109, -22.5823272 ] ] ] } },
{ "type": "Feature", "properties": { "fid": 27, "id": 180, "grid_status": "sem ponto" }, "geometry": { "type": "Polygon", "coordinates": [ [ [ -51.909, -20.7823272 ], [ -51.709, -20.7823272 ], [ -51.709, -20.9823272 ], [ -51.909, -20.9823272 ], [ -51.909, -20.7823272 ] ] ] } },
{ "type": "Feature", "properties": { "fid": 28, "id": 181, "grid_status": "sem ponto" }, "geometry": { "type": "Polygon", "coordinates": [ [ [ -51.909, -20.9823272 ], [ -51.709, -20.9823272 ], [ -51.709, -21.1823272 ], [ -51.909, -21.1823272 ], [ -51.909, -20.9823272 ] ] ] } },
{ "type": "Feature", "properties": { "fid": 29, "id": 182, "grid_status": "sem ponto" }, "geometry": { "type": "Polygon", "coordinates": [ [ [ -51.909, -21.1823272 ], [ -51.709, -21.1823272 ], [ -51.709, -21.3823272 ], [ -51.909, -21.3823272 ], [ -51.909, -21.1823272 ] ] ] } },
{ "type": "Feature", "properties": { "fid": 30, "id": 183, "grid_status": "sem ponto" }, "geometry": { "type": "Polygon", "coordinates": [ [ [ -51.909, -21.3823272 ], [ -51.709, -21.3823272 ], [ -51.709, -21.5823272 ], [ -51.909, -21.5823272 ], [ -51.909, -21.3823272 ] ] ] } },
{ "type": "Feature", "properties": { "fid": 31, "id": 184, "grid_status": "sem ponto" }, "geometry": { "type": "Polygon", "coordinates": [ [ [ -51.909, -21.5823272 ], [ -51.709, -21.5823272 ], [ -51.709, -21.7823272 ], [ -51.909, -21.7823272 ], [ -51.909, -21.5823272 ] ] ] } },
{ "type": "Feature", "properties": { "fid": 32, "id": 185, "grid_status": "sem ponto" }, "geometry": { "type": "Polygon", "coordinates": [ [ [ -51.909, -21.7823272 ], [ -51.709, -21.7823272 ], [ -51.709, -21.9823272 ], [ -51.909, -21.9823272 ], [ -51.909, -21.7823272 ] ] ] } },
{ "type": "Feature", "properties": { "fid": 33, "id": 186, "grid_status": "sem ponto" }, "geometry": { "type": "Polygon", "coordinates": [ [ [ -51.909, -21.9823272 ], [ -51.709, -21.9823272 ], [ -51.709, -22.1823272 ], [ -51.909, -22.1823272 ], [ -51.909, -21.9823272 ] ] ] } },
{ "type": "Feature", "properties": { "fid": 34, "id": 187, "grid_status": "sem ponto" }, "geometry": { "type": "Polygon", "coordinates": [ [ [ -51.909, -22.1823272 ], [ -51.709, -22.1823272 ], [ -51.709, -22.3823272 ], [ -51.909, -22.3823272 ], [ -51.909, -22.1823272 ] ] ] } },
{ "type": "Feature", "properties": { "fid": 35, "id": 188, "grid_status": "sem ponto" }, "geometry": { "type": "Polygon", "coordinates": [ [ [ -51.909, -22.3823272 ], [ -51.709, -22.3823272 ], [ -51.709, -22.5823272 ], [ -51.909, -22.5823272 ], [ -51.909, -22.3823272 ] ] ] } },
{ "type": "Feature", "properties": { "fid": 36, "id": 189, "grid_status": "sem ponto" }, "geometry": { "type": "Polygon", "coordinates": [ [ [ -51.909, -22.5823272 ], [ -51.709, -22.5823272 ], [ -51.709, -22.7823272 ], [ -51.909, -22.7823272 ], [ -51.909, -22.5823272 ] ] ] } },
{ "type": "Feature", "properties": { "fid": 37, "id": 207, "grid_status": "sem ponto" }, "geometry": { "type": "Polygon", "coordinates": [ [ [ -51.709, -20.3823272 ], [ -51.509, -20.3823272 ], [ -51.509, -20.5823272 ], [ -51.709, -20.5823272 ], [ -51.709, -20.3823272 ] ] ] } },
{ "type": "Feature", "properties": { "fid": 38, "id": 208, "grid_status": "sem ponto" }, "geometry": { "type": "Polygon", "coordinates": [ [ [ -51.709, -20.5823272 ], [ -51.509, -20.5823272 ], [ -51.509, -20.7823272 ], [ -51.709, -20.7823272 ], [ -51.709, -20.5823272 ] ] ] } },
{ "type": "Feature", "properties": { "fid": 39, "id": 209, "grid_status": "sem ponto" }, "geometry": { "type": "Polygon", "coordinates": [ [ [ -51.709, -20.7823272 ], [ -51.509, -20.7823272 ], [ -51.509, -20.9823272 ], [ -51.709, -20.9823272 ], [ -51.709, -20.7823272 ] ] ] } },
{ "type": "Feature", "properties": { "fid": 40, "id": 210, "grid_status": "sem ponto" }, "geometry": { "type": "Polygon", "coordinates": [ [ [ -51.709, -20.9823272 ], [ -51.509, -20.9823272 ], [ -51.509, -21.1823272 ], [ -51.709, -21.1823272 ], [ -51.709, -20.9823272 ] ] ] } },
{ "type": "Feature", "properties": { "fid": 41, "id": 211, "grid_status": "sem ponto" }, "geometry": { "type": "Polygon", "coordinates": [ [ [ -51.709, -21.1823272 ], [ -51.509, -21.1823272 ], [ -51.509, -21.3823272 ], [ -51.709, -21.3823272 ], [ -51.709, -21.1823272 ] ] ] } },
{ "type": "Feature", "properties": { "fid": 42, "id": 212, "grid_status": "leucena" }, "geometry": { "type": "Polygon", "coordinates": [ [ [ -51.709, -21.3823272 ], [ -51.509, -21.3823272 ], [ -51.509, -21.5823272 ], [ -51.709, -21.5823272 ], [ -51.709, -21.3823272 ] ] ] } },
{ "type": "Feature", "properties": { "fid": 43, "id": 213, "grid_status": "sem ponto" }, "geometry": { "type": "Polygon", "coordinates": [ [ [ -51.709, -21.5823272 ], [ -51.509, -21.5823272 ], [ -51.509, -21.7823272 ], [ -51.709, -21.7823272 ], [ -51.709, -21.5823272 ] ] ] } },
{ "type": "Feature", "properties": { "fid": 44, "id": 214, "grid_status": "sem ponto" }, "geometry": { "type": "Polygon", "coordinates": [ [ [ -51.709, -21.7823272 ], [ -51.509, -21.7823272 ], [ -51.509, -21.9823272 ], [ -51.709, -21.9823272 ], [ -51.709, -21.7823272 ] ] ] } },
{ "type": "Feature", "properties": { "fid": 45, "id": 215, "grid_status": "sem ponto" }, "geometry": { "type": "Polygon", "coordinates": [ [ [ -51.709, -21.9823272 ], [ -51.509, -21.9823272 ], [ -51.509, -22.1823272 ], [ -51.709, -22.1823272 ], [ -51.709, -21.9823272 ] ] ] } },
{ "type": "Feature", "properties": { "fid": 46, "id": 216, "grid_status": "sem ponto" }, "geometry": { "type": "Polygon", "coordinates": [ [ [ -51.709, -22.1823272 ], [ -51.509, -22.1823272 ], [ -51.509, -22.3823272 ], [ -51.709, -22.3823272 ], [ -51.709, -22.1823272 ] ] ] } },
{ "type": "Feature", "properties": { "fid": 47, "id": 217, "grid_status": "sem ponto" }, "geometry": { "type": "Polygon", "coordinates": [ [ [ -51.709, -22.3823272 ], [ -51.509, -22.3823272 ], [ -51.509, -22.5823272 ], [ -51.709, -22.5823272 ], [ -51.709, -22.3823272 ] ] ] } },
{ "type": "Feature", "properties": { "fid": 48, "id": 218, "grid_status": "sem ponto" }, "geometry": { "type": "Polygon", "coordinates": [ [ [ -51.709, -22.5823272 ], [ -51.509, -22.5823272 ], [ -51.509, -22.7823272 ], [ -51.709, -22.7823272 ], [ -51.709, -22.5823272 ] ] ] } },
{ "type": "Feature", "properties": { "fid": 49, "id": 235, "grid_status": "sem ponto" }, "geometry": { "type": "Polygon", "coordinates": [ [ [ -51.509, -20.1823272 ], [ -51.309, -20.1823272 ], [ -51.309, -20.3823272 ], [ -51.509, -20.3823272 ], [ -51.509, -20.1823272 ] ] ] } },
{ "type": "Feature", "properties": { "fid": 50, "id": 236, "grid_status": "leucena" }, "geometry": { "type": "Polygon", "coordinates": [ [ [ -51.509, -20.3823272 ], [ -51.309, -20.3823272 ], [ -51.309, -20.5823272 ], [ -51.509, -20.5823272 ], [ -51.509, -20.3823272 ] ] ] } },
{ "type": "Feature", "properties": { "fid": 51, "id": 237, "grid_status": "sem ponto" }, "geometry": { "type": "Polygon", "coordinates": [ [ [ -51.509, -20.5823272 ], [ -51.309, -20.5823272 ], [ -51.309, -20.7823272 ], [ -51.509, -20.7823272 ], [ -51.509, -20.5823272 ] ] ] } },
{ "type": "Feature", "properties": { "fid": 52, "id": 238, "grid_status": "sem ponto" }, "geometry": { "type": "Polygon", "coordinates": [ [ [ -51.509, -20.7823272 ], [ -51.309, -20.7823272 ], [ -51.309, -20.9823272 ], [ -51.509, -20.9823272 ], [ -51.509, -20.7823272 ] ] ] } },
{ "type": "Feature", "properties": { "fid": 53, "id": 239, "grid_status": "sem ponto" }, "geometry": { "type": "Polygon", "coordinates": [ [ [ -51.509, -20.9823272 ], [ -51.309, -20.9823272 ], [ -51.309, -21.1823272 ], [ -51.509, -21.1823272 ], [ -51.509, -20.9823272 ] ] ] } },
{ "type": "Feature", "properties": { "fid": 54, "id": 240, "grid_status": "sem ponto" }, "geometry": { "type": "Polygon", "coordinates": [ [ [ -51.509, -21.1823272 ], [ -51.309, -21.1823272 ], [ -51.309, -21.3823272 ], [ -51.509, -21.3823272 ], [ -51.509, -21.1823272 ] ] ] } },
{ "type": "Feature", "properties": { "fid": 55, "id": 241, "grid_status": "sem ponto" }, "geometry": { "type": "Polygon", "coordinates": [ [ [ -51.509, -21.3823272 ], [ -51.309, -21.3823272 ], [ -51.309, -21.5823272 ], [ -51.509, -21.5823272 ], [ -51.509, -21.3823272 ] ] ] } },
{ "type": "Feature", "properties": { "fid": 56, "id": 242, "grid_status": "sem ponto" }, "geometry": { "type": "Polygon", "coordinates": [ [ [ -51.509, -21.5823272 ], [ -51.309, -21.5823272 ], [ -51.309, -21.7823272 ], [ -51.509, -21.7823272 ], [ -51.509, -21.5823272 ] ] ] } },
{ "type": "Feature", "properties": { "fid": 57, "id": 243, "grid_status": "sem ponto" }, "geometry": { "type": "Polygon", "coordinates": [ [ [ -51.509, -21.7823272 ], [ -51.309, -21.7823272 ], [ -51.309, -21.9823272 ], [ -51.509, -21.9823272 ], [ -51.509, -21.7823272 ] ] ] } },
{ "type": "Feature", "properties": { "fid": 58, "id": 244, "grid_status": "sem ponto" }, "geometry": { "type": "Polygon", "coordinates": [ [ [ -51.509, -21.9823272 ], [ -51.309, -21.9823272 ], [ -51.309, -22.1823272 ], [ -51.509, -22.1823272 ], [ -51.509, -21.9823272 ] ] ] } },
{ "type": "Feature", "properties": { "fid": 59, "id": 245, "grid_status": "sem ponto" }, "geometry": { "type": "Polygon", "coordinates": [ [ [ -51.509, -22.1823272 ], [ -51.309, -22.1823272 ], [ -51.309, -22.3823272 ], [ -51.509, -22.3823272 ], [ -51.509, -22.1823272 ] ] ] } },
{ "type": "Feature", "properties": { "fid": 60, "id": 246, "grid_status": "sem ponto" }, "geometry": { "type": "Polygon", "coordinates": [ [ [ -51.509, -22.3823272 ], [ -51.309, -22.3823272 ], [ -51.309, -22.5823272 ], [ -51.509, -22.5823272 ], [ -51.509, -22.3823272 ] ] ] } },
{ "type": "Feature", "properties": { "fid": 61, "id": 247, "grid_status": "sem ponto" }, "geometry": { "type": "Polygon", "coordinates": [ [ [ -51.509, -22.5823272 ], [ -51.309, -22.5823272 ], [ -51.309, -22.7823272 ], [ -51.509, -22.7823272 ], [ -51.509, -22.5823272 ] ] ] } },
{ "type": "Feature", "properties": { "fid": 62, "id": 264, "grid_status": "sem ponto" }, "geometry": { "type": "Polygon", "coordinates": [ [ [ -51.309, -20.1823272 ], [ -51.109, -20.1823272 ], [ -51.109, -20.3823272 ], [ -51.309, -20.3823272 ], [ -51.309, -20.1823272 ] ] ] } },
{ "type": "Feature", "properties": { "fid": 63, "id": 265, "grid_status": "sem ponto" }, "geometry": { "type": "Polygon", "coordinates": [ [ [ -51.309, -20.3823272 ], [ -51.109, -20.3823272 ], [ -51.109, -20.5823272 ], [ -51.309, -20.5823272 ], [ -51.309, -20.3823272 ] ] ] } },
{ "type": "Feature", "properties": { "fid": 64, "id": 266, "grid_status": "sem ponto" }, "geometry": { "type": "Polygon", "coordinates": [ [ [ -51.309, -20.5823272 ], [ -51.109, -20.5823272 ], [ -51.109, -20.7823272 ], [ -51.309, -20.7823272 ], [ -51.309, -20.5823272 ] ] ] } },
{ "type": "Feature", "properties": { "fid": 65, "id": 267, "grid_status": "sem ponto" }, "geometry": { "type": "Polygon", "coordinates": [ [ [ -51.309, -20.7823272 ], [ -51.109, -20.7823272 ], [ -51.109, -20.9823272 ], [ -51.309, -20.9823272 ], [ -51.309, -20.7823272 ] ] ] } },
{ "type": "Feature", "properties": { "fid": 66, "id": 268, "grid_status": "sem ponto" }, "geometry": { "type": "Polygon", "coordinates": [ [ [ -51.309, -20.9823272 ], [ -51.109, -20.9823272 ], [ -51.109, -21.1823272 ], [ -51.309, -21.1823272 ], [ -51.309, -20.9823272 ] ] ] } },
{ "type": "Feature", "properties": { "fid": 67, "id": 269, "grid_status": "sem ponto" }, "geometry": { "type": "Polygon", "coordinates": [ [ [ -51.309, -21.1823272 ], [ -51.109, -21.1823272 ], [ -51.109, -21.3823272 ], [ -51.309, -21.3823272 ], [ -51.309, -21.1823272 ] ] ] } },
{ "type": "Feature", "properties": { "fid": 68, "id": 270, "grid_status": "leucena" }, "geometry": { "type": "Polygon", "coordinates": [ [ [ -51.309, -21.3823272 ], [ -51.109, -21.3823272 ], [ -51.109, -21.5823272 ], [ -51.309, -21.5823272 ], [ -51.309, -21.3823272 ] ] ] } },
{ "type": "Feature", "properties": { "fid": 69, "id": 271, "grid_status": "leucena" }, "geometry": { "type": "Polygon", "coordinates": [ [ [ -51.309, -21.5823272 ], [ -51.109, -21.5823272 ], [ -51.109, -21.7823272 ], [ -51.309, -21.7823272 ], [ -51.309, -21.5823272 ] ] ] } },
{ "type": "Feature", "properties": { "fid": 70, "id": 272, "grid_status": "sem ponto" }, "geometry": { "type": "Polygon", "coordinates": [ [ [ -51.309, -21.7823272 ], [ -51.109, -21.7823272 ], [ -51.109, -21.9823272 ], [ -51.309, -21.9823272 ], [ -51.309, -21.7823272 ] ] ] } },
{ "type": "Feature", "properties": { "fid": 71, "id": 273, "grid_status": "sem ponto" }, "geometry": { "type": "Polygon", "coordinates": [ [ [ -51.309, -21.9823272 ], [ -51.109, -21.9823272 ], [ -51.109, -22.1823272 ], [ -51.309, -22.1823272 ], [ -51.309, -21.9823272 ] ] ] } },
{ "type": "Feature", "properties": { "fid": 72, "id": 274, "grid_status": "sem ponto" }, "geometry": { "type": "Polygon", "coordinates": [ [ [ -51.309, -22.1823272 ], [ -51.109, -22.1823272 ], [ -51.109, -22.3823272 ], [ -51.309, -22.3823272 ], [ -51.309, -22.1823272 ] ] ] } },
{ "type": "Feature", "properties": { "fid": 73, "id": 275, "grid_status": "sem ponto" }, "geometry": { "type": "Polygon", "coordinates": [ [ [ -51.309, -22.3823272 ], [ -51.109, -22.3823272 ], [ -51.109, -22.5823272 ], [ -51.309, -22.5823272 ], [ -51.309, -22.3823272 ] ] ] } },
{ "type": "Feature", "properties": { "fid": 74, "id": 276, "grid_status": "sem ponto" }, "geometry": { "type": "Polygon", "coordinates": [ [ [ -51.309, -22.5823272 ], [ -51.109, -22.5823272 ], [ -51.109, -22.7823272 ], [ -51.309, -22.7823272 ], [ -51.309, -22.5823272 ] ] ] } },
{ "type": "Feature", "properties": { "fid": 75, "id": 292, "grid_status": "sem ponto" }, "geometry": { "type": "Polygon", "coordinates": [ [ [ -51.109, -19.9823272 ], [ -50.909, -19.9823272 ], [ -50.909, -20.1823272 ], [ -51.109, -20.1823272 ], [ -51.109, -19.9823272 ] ] ] } },
{ "type": "Feature", "properties": { "fid": 76, "id": 293, "grid_status": "sem ponto" }, "geometry": { "type": "Polygon", "coordinates": [ [ [ -51.109, -20.1823272 ], [ -50.909, -20.1823272 ], [ -50.909, -20.3823272 ], [ -51.109, -20.3823272 ], [ -51.109, -20.1823272 ] ] ] } },
{ "type": "Feature", "properties": { "fid": 77, "id": 294, "grid_status": "sem ponto" }, "geometry": { "type": "Polygon", "coordinates": [ [ [ -51.109, -20.3823272 ], [ -50.909, -20.3823272 ], [ -50.909, -20.5823272 ], [ -51.109, -20.5823272 ], [ -51.109, -20.3823272 ] ] ] } },
{ "type": "Feature", "properties": { "fid": 78, "id": 295, "grid_status": "sem ponto" }, "geometry": { "type": "Polygon", "coordinates": [ [ [ -51.109, -20.5823272 ], [ -50.909, -20.5823272 ], [ -50.909, -20.7823272 ], [ -51.109, -20.7823272 ], [ -51.109, -20.5823272 ] ] ] } },
{ "type": "Feature", "properties": { "fid": 79, "id": 296, "grid_status": "sem ponto" }, "geometry": { "type": "Polygon", "coordinates": [ [ [ -51.109, -20.7823272 ], [ -50.909, -20.7823272 ], [ -50.909, -20.9823272 ], [ -51.109, -20.9823272 ], [ -51.109, -20.7823272 ] ] ] } },
{ "type": "Feature", "properties": { "fid": 80, "id": 297, "grid_status": "sem ponto" }, "geometry": { "type": "Polygon", "coordinates": [ [ [ -51.109, -20.9823272 ], [ -50.909, -20.9823272 ], [ -50.909, -21.1823272 ], [ -51.109, -21.1823272 ], [ -51.109, -20.9823272 ] ] ] } },
{ "type": "Feature", "properties": { "fid": 81, "id": 298, "grid_status": "sem ponto" }, "geometry": { "type": "Polygon", "coordinates": [ [ [ -51.109, -21.1823272 ], [ -50.909, -21.1823272 ], [ -50.909, -21.3823272 ], [ -51.109, -21.3823272 ], [ -51.109, -21.1823272 ] ] ] } },
{ "type": "Feature", "properties": { "fid": 82, "id": 299, "grid_status": "sem ponto" }, "geometry": { "type": "Polygon", "coordinates": [ [ [ -51.109, -21.3823272 ], [ -50.909, -21.3823272 ], [ -50.909, -21.5823272 ], [ -51.109, -21.5823272 ], [ -51.109, -21.3823272 ] ] ] } },
{ "type": "Feature", "properties": { "fid": 83, "id": 300, "grid_status": "leucena" }, "geometry": { "type": "Polygon", "coordinates": [ [ [ -51.109, -21.5823272 ], [ -50.909, -21.5823272 ], [ -50.909, -21.7823272 ], [ -51.109, -21.7823272 ], [ -51.109, -21.5823272 ] ] ] } },
{ "type": "Feature", "properties": { "fid": 84, "id": 301, "grid_status": "sem ponto" }, "geometry": { "type": "Polygon", "coordinates": [ [ [ -51.109, -21.7823272 ], [ -50.909, -21.7823272 ], [ -50.909, -21.9823272 ], [ -51.109, -21.9823272 ], [ -51.109, -21.7823272 ] ] ] } },
{ "type": "Feature", "properties": { "fid": 85, "id": 302, "grid_status": "sem ponto" }, "geometry": { "type": "Polygon", "coordinates": [ [ [ -51.109, -21.9823272 ], [ -50.909, -21.9823272 ], [ -50.909, -22.1823272 ], [ -51.109, -22.1823272 ], [ -51.109, -21.9823272 ] ] ] } },
{ "type": "Feature", "properties": { "fid": 86, "id": 303, "grid_status": "sem ponto" }, "geometry": { "type": "Polygon", "coordinates": [ [ [ -51.109, -22.1823272 ], [ -50.909, -22.1823272 ], [ -50.909, -22.3823272 ], [ -51.109, -22.3823272 ], [ -51.109, -22.1823272 ] ] ] } },
{ "type": "Feature", "properties": { "fid": 87, "id": 304, "grid_status": "sem ponto" }, "geometry": { "type": "Polygon", "coordinates": [ [ [ -51.109, -22.3823272 ], [ -50.909, -22.3823272 ], [ -50.909, -22.5823272 ], [ -51.109, -22.5823272 ], [ -51.109, -22.3823272 ] ] ] } },
{ "type": "Feature", "properties": { "fid": 88, "id": 305, "grid_status": "sem ponto" }, "geometry": { "type": "Polygon", "coordinates": [ [ [ -51.109, -22.5823272 ], [ -50.909, -22.5823272 ], [ -50.909, -22.7823272 ], [ -51.109, -22.7823272 ], [ -51.109, -22.5823272 ] ] ] } },
{ "type": "Feature", "properties": { "fid": 89, "id": 306, "grid_status": "sem ponto" }, "geometry": { "type": "Polygon", "coordinates": [ [ [ -51.109, -22.7823272 ], [ -50.909, -22.7823272 ], [ -50.909, -22.9823272 ], [ -51.109, -22.9823272 ], [ -51.109, -22.7823272 ] ] ] } },
{ "type": "Feature", "properties": { "fid": 90, "id": 320, "grid_status": "sem ponto" }, "geometry": { "type": "Polygon", "coordinates": [ [ [ -50.909, -19.7823272 ], [ -50.709, -19.7823272 ], [ -50.709, -19.9823272 ], [ -50.909, -19.9823272 ], [ -50.909, -19.7823272 ] ] ] } },
{ "type": "Feature", "properties": { "fid": 91, "id": 321, "grid_status": "sem ponto" }, "geometry": { "type": "Polygon", "coordinates": [ [ [ -50.909, -19.9823272 ], [ -50.709, -19.9823272 ], [ -50.709, -20.1823272 ], [ -50.909, -20.1823272 ], [ -50.909, -19.9823272 ] ] ] } },
{ "type": "Feature", "properties": { "fid": 92, "id": 322, "grid_status": "sem ponto" }, "geometry": { "type": "Polygon", "coordinates": [ [ [ -50.909, -20.1823272 ], [ -50.709, -20.1823272 ], [ -50.709, -20.3823272 ], [ -50.909, -20.3823272 ], [ -50.909, -20.1823272 ] ] ] } },
{ "type": "Feature", "properties": { "fid": 93, "id": 323, "grid_status": "sem ponto" }, "geometry": { "type": "Polygon", "coordinates": [ [ [ -50.909, -20.3823272 ], [ -50.709, -20.3823272 ], [ -50.709, -20.5823272 ], [ -50.909, -20.5823272 ], [ -50.909, -20.3823272 ] ] ] } },
{ "type": "Feature", "properties": { "fid": 94, "id": 324, "grid_status": "sem ponto" }, "geometry": { "type": "Polygon", "coordinates": [ [ [ -50.909, -20.5823272 ], [ -50.709, -20.5823272 ], [ -50.709, -20.7823272 ], [ -50.909, -20.7823272 ], [ -50.909, -20.5823272 ] ] ] } },
{ "type": "Feature", "properties": { "fid": 95, "id": 325, "grid_status": "sem ponto" }, "geometry": { "type": "Polygon", "coordinates": [ [ [ -50.909, -20.7823272 ], [ -50.709, -20.7823272 ], [ -50.709, -20.9823272 ], [ -50.909, -20.9823272 ], [ -50.909, -20.7823272 ] ] ] } },
{ "type": "Feature", "properties": { "fid": 96, "id": 326, "grid_status": "sem ponto" }, "geometry": { "type": "Polygon", "coordinates": [ [ [ -50.909, -20.9823272 ], [ -50.709, -20.9823272 ], [ -50.709, -21.1823272 ], [ -50.909, -21.1823272 ], [ -50.909, -20.9823272 ] ] ] } },
{ "type": "Feature", "properties": { "fid": 97, "id": 327, "grid_status": "sem ponto" }, "geometry": { "type": "Polygon", "coordinates": [ [ [ -50.909, -21.1823272 ], [ -50.709, -21.1823272 ], [ -50.709, -21.3823272 ], [ -50.909, -21.3823272 ], [ -50.909, -21.1823272 ] ] ] } },
{ "type": "Feature", "properties": { "fid": 98, "id": 328, "grid_status": "sem ponto" }, "geometry": { "type": "Polygon", "coordinates": [ [ [ -50.909, -21.3823272 ], [ -50.709, -21.3823272 ], [ -50.709, -21.5823272 ], [ -50.909, -21.5823272 ], [ -50.909, -21.3823272 ] ] ] } },
{ "type": "Feature", "properties": { "fid": 99, "id": 329, "grid_status": "sem ponto" }, "geometry": { "type": "Polygon", "coordinates": [ [ [ -50.909, -21.5823272 ], [ -50.709, -21.5823272 ], [ -50.709, -21.7823272 ], [ -50.909, -21.7823272 ], [ -50.909, -21.5823272 ] ] ] } },
{ "type": "Feature", "properties": { "fid": 100, "id": 330, "grid_status": "sem ponto" }, "geometry": { "type": "Polygon", "coordinates": [ [ [ -50.909, -21.7823272 ], [ -50.709, -21.7823272 ], [ -50.709, -21.9823272 ], [ -50.909, -21.9823272 ], [ -50.909, -21.7823272 ] ] ] } },
{ "type": "Feature", "properties": { "fid": 101, "id": 331, "grid_status": "sem ponto" }, "geometry": { "type": "Polygon", "coordinates": [ [ [ -50.909, -21.9823272 ], [ -50.709, -21.9823272 ], [ -50.709, -22.1823272 ], [ -50.909, -22.1823272 ], [ -50.909, -21.9823272 ] ] ] } },
{ "type": "Feature", "properties": { "fid": 102, "id": 332, "grid_status": "sem ponto" }, "geometry": { "type": "Polygon", "coordinates": [ [ [ -50.909, -22.1823272 ], [ -50.709, -22.1823272 ], [ -50.709, -22.3823272 ], [ -50.909, -22.3823272 ], [ -50.909, -22.1823272 ] ] ] } },
{ "type": "Feature", "properties": { "fid": 103, "id": 333, "grid_status": "sem ponto" }, "geometry": { "type": "Polygon", "coordinates": [ [ [ -50.909, -22.3823272 ], [ -50.709, -22.3823272 ], [ -50.709, -22.5823272 ], [ -50.909, -22.5823272 ], [ -50.909, -22.3823272 ] ] ] } },
{ "type": "Feature", "properties": { "fid": 104, "id": 334, "grid_status": "sem ponto" }, "geometry": { "type": "Polygon", "coordinates": [ [ [ -50.909, -22.5823272 ], [ -50.709, -22.5823272 ], [ -50.709, -22.7823272 ], [ -50.909, -22.7823272 ], [ -50.909, -22.5823272 ] ] ] } },
{ "type": "Feature", "properties": { "fid": 105, "id": 335, "grid_status": "sem ponto" }, "geometry": { "type": "Polygon", "coordinates": [ [ [ -50.909, -22.7823272 ], [ -50.709, -22.7823272 ], [ -50.709, -22.9823272 ], [ -50.909, -22.9823272 ], [ -50.909, -22.7823272 ] ] ] } },
{ "type": "Feature", "properties": { "fid": 106, "id": 349, "grid_status": "sem ponto" }, "geometry": { "type": "Polygon", "coordinates": [ [ [ -50.709, -19.7823272 ], [ -50.509, -19.7823272 ], [ -50.509, -19.9823272 ], [ -50.709, -19.9823272 ], [ -50.709, -19.7823272 ] ] ] } },
{ "type": "Feature", "properties": { "fid": 107, "id": 350, "grid_status": "sem ponto" }, "geometry": { "type": "Polygon", "coordinates": [ [ [ -50.709, -19.9823272 ], [ -50.509, -19.9823272 ], [ -50.509, -20.1823272 ], [ -50.709, -20.1823272 ], [ -50.709, -19.9823272 ] ] ] } },
{ "type": "Feature", "properties": { "fid": 108, "id": 351, "grid_status": "sem ponto" }, "geometry": { "type": "Polygon", "coordinates": [ [ [ -50.709, -20.1823272 ], [ -50.509, -20.1823272 ], [ -50.509, -20.3823272 ], [ -50.709, -20.3823272 ], [ -50.709, -20.1823272 ] ] ] } },
{ "type": "Feature", "properties": { "fid": 109, "id": 352, "grid_status": "sem ponto" }, "geometry": { "type": "Polygon", "coordinates": [ [ [ -50.709, -20.3823272 ], [ -50.509, -20.3823272 ], [ -50.509, -20.5823272 ], [ -50.709, -20.5823272 ], [ -50.709, -20.3823272 ] ] ] } },
{ "type": "Feature", "properties": { "fid": 110, "id": 353, "grid_status": "sem ponto" }, "geometry": { "type": "Polygon", "coordinates": [ [ [ -50.709, -20.5823272 ], [ -50.509, -20.5823272 ], [ -50.509, -20.7823272 ], [ -50.709, -20.7823272 ], [ -50.709, -20.5823272 ] ] ] } },
{ "type": "Feature", "properties": { "fid": 111, "id": 354, "grid_status": "sem ponto" }, "geometry": { "type": "Polygon", "coordinates": [ [ [ -50.709, -20.7823272 ], [ -50.509, -20.7823272 ], [ -50.509, -20.9823272 ], [ -50.709, -20.9823272 ], [ -50.709, -20.7823272 ] ] ] } },
{ "type": "Feature", "properties": { "fid": 112, "id": 355, "grid_status": "sem ponto" }, "geometry": { "type": "Polygon", "coordinates": [ [ [ -50.709, -20.9823272 ], [ -50.509, -20.9823272 ], [ -50.509, -21.1823272 ], [ -50.709, -21.1823272 ], [ -50.709, -20.9823272 ] ] ] } },
{ "type": "Feature", "properties": { "fid": 113, "id": 356, "grid_status": "sem ponto" }, "geometry": { "type": "Polygon", "coordinates": [ [ [ -50.709, -21.1823272 ], [ -50.509, -21.1823272 ], [ -50.509, -21.3823272 ], [ -50.709, -21.3823272 ], [ -50.709, -21.1823272 ] ] ] } },
{ "type": "Feature", "properties": { "fid": 114, "id": 357, "grid_status": "sem ponto" }, "geometry": { "type": "Polygon", "coordinates": [ [ [ -50.709, -21.3823272 ], [ -50.509, -21.3823272 ], [ -50.509, -21.5823272 ], [ -50.709, -21.5823272 ], [ -50.709, -21.3823272 ] ] ] } },
{ "type": "Feature", "properties": { "fid": 115, "id": 358, "grid_status": "sem ponto" }, "geometry": { "type": "Polygon", "coordinates": [ [ [ -50.709, -21.5823272 ], [ -50.509, -21.5823272 ], [ -50.509, -21.7823272 ], [ -50.709, -21.7823272 ], [ -50.709, -21.5823272 ] ] ] } },
{ "type": "Feature", "properties": { "fid": 116, "id": 359, "grid_status": "sem ponto" }, "geometry": { "type": "Polygon", "coordinates": [ [ [ -50.709, -21.7823272 ], [ -50.509, -21.7823272 ], [ -50.509, -21.9823272 ], [ -50.709, -21.9823272 ], [ -50.709, -21.7823272 ] ] ] } },
{ "type": "Feature", "properties": { "fid": 117, "id": 360, "grid_status": "sem ponto" }, "geometry": { "type": "Polygon", "coordinates": [ [ [ -50.709, -21.9823272 ], [ -50.509, -21.9823272 ], [ -50.509, -22.1823272 ], [ -50.709, -22.1823272 ], [ -50.709, -21.9823272 ] ] ] } },
{ "type": "Feature", "properties": { "fid": 118, "id": 361, "grid_status": "sem ponto" }, "geometry": { "type": "Polygon", "coordinates": [ [ [ -50.709, -22.1823272 ], [ -50.509, -22.1823272 ], [ -50.509, -22.3823272 ], [ -50.709, -22.3823272 ], [ -50.709, -22.1823272 ] ] ] } },
{ "type": "Feature", "properties": { "fid": 119, "id": 362, "grid_status": "sem ponto" }, "geometry": { "type": "Polygon", "coordinates": [ [ [ -50.709, -22.3823272 ], [ -50.509, -22.3823272 ], [ -50.509, -22.5823272 ], [ -50.709, -22.5823272 ], [ -50.709, -22.3823272 ] ] ] } },
{ "type": "Feature", "properties": { "fid": 120, "id": 363, "grid_status": "sem ponto" }, "geometry": { "type": "Polygon", "coordinates": [ [ [ -50.709, -22.5823272 ], [ -50.509, -22.5823272 ], [ -50.509, -22.7823272 ], [ -50.709, -22.7823272 ], [ -50.709, -22.5823272 ] ] ] } },
{ "type": "Feature", "properties": { "fid": 121, "id": 364, "grid_status": "sem ponto" }, "geometry": { "type": "Polygon", "coordinates": [ [ [ -50.709, -22.7823272 ], [ -50.509, -22.7823272 ], [ -50.509, -22.9823272 ], [ -50.709, -22.9823272 ], [ -50.709, -22.7823272 ] ] ] } },
{ "type": "Feature", "properties": { "fid": 122, "id": 378, "grid_status": "sem ponto" }, "geometry": { "type": "Polygon", "coordinates": [ [ [ -50.509, -19.7823272 ], [ -50.309, -19.7823272 ], [ -50.309, -19.9823272 ], [ -50.509, -19.9823272 ], [ -50.509, -19.7823272 ] ] ] } },
{ "type": "Feature", "properties": { "fid": 123, "id": 379, "grid_status": "sem ponto" }, "geometry": { "type": "Polygon", "coordinates": [ [ [ -50.509, -19.9823272 ], [ -50.309, -19.9823272 ], [ -50.309, -20.1823272 ], [ -50.509, -20.1823272 ], [ -50.509, -19.9823272 ] ] ] } },
{ "type": "Feature", "properties": { "fid": 124, "id": 380, "grid_status": "sem ponto" }, "geometry": { "type": "Polygon", "coordinates": [ [ [ -50.509, -20.1823272 ], [ -50.309, -20.1823272 ], [ -50.309, -20.3823272 ], [ -50.509, -20.3823272 ], [ -50.509, -20.1823272 ] ] ] } },
{ "type": "Feature", "properties": { "fid": 125, "id": 381, "grid_status": "sem ponto" }, "geometry": { "type": "Polygon", "coordinates": [ [ [ -50.509, -20.3823272 ], [ -50.309, -20.3823272 ], [ -50.309, -20.5823272 ], [ -50.509, -20.5823272 ], [ -50.509, -20.3823272 ] ] ] } },
{ "type": "Feature", "properties": { "fid": 126, "id": 382, "grid_status": "sem ponto" }, "geometry": { "type": "Polygon", "coordinates": [ [ [ -50.509, -20.5823272 ], [ -50.309, -20.5823272 ], [ -50.309, -20.7823272 ], [ -50.509, -20.7823272 ], [ -50.509, -20.5823272 ] ] ] } },
{ "type": "Feature", "properties": { "fid": 127, "id": 383, "grid_status": "sem ponto" }, "geometry": { "type": "Polygon", "coordinates": [ [ [ -50.509, -20.7823272 ], [ -50.309, -20.7823272 ], [ -50.309, -20.9823272 ], [ -50.509, -20.9823272 ], [ -50.509, -20.7823272 ] ] ] } },
{ "type": "Feature", "properties": { "fid": 128, "id": 384, "grid_status": "sem ponto" }, "geometry": { "type": "Polygon", "coordinates": [ [ [ -50.509, -20.9823272 ], [ -50.309, -20.9823272 ], [ -50.309, -21.1823272 ], [ -50.509, -21.1823272 ], [ -50.509, -20.9823272 ] ] ] } },
{ "type": "Feature", "properties": { "fid": 129, "id": 385, "grid_status": "sem ponto" }, "geometry": { "type": "Polygon", "coordinates": [ [ [ -50.509, -21.1823272 ], [ -50.309, -21.1823272 ], [ -50.309, -21.3823272 ], [ -50.509, -21.3823272 ], [ -50.509, -21.1823272 ] ] ] } },
{ "type": "Feature", "properties": { "fid": 130, "id": 386, "grid_status": "sem ponto" }, "geometry": { "type": "Polygon", "coordinates": [ [ [ -50.509, -21.3823272 ], [ -50.309, -21.3823272 ], [ -50.309, -21.5823272 ], [ -50.509, -21.5823272 ], [ -50.509, -21.3823272 ] ] ] } },
{ "type": "Feature", "properties": { "fid": 131, "id": 387, "grid_status": "sem ponto" }, "geometry": { "type": "Polygon", "coordinates": [ [ [ -50.509, -21.5823272 ], [ -50.309, -21.5823272 ], [ -50.309, -21.7823272 ], [ -50.509, -21.7823272 ], [ -50.509, -21.5823272 ] ] ] } },
{ "type": "Feature", "properties": { "fid": 132, "id": 388, "grid_status": "sem ponto" }, "geometry": { "type": "Polygon", "coordinates": [ [ [ -50.509, -21.7823272 ], [ -50.309, -21.7823272 ], [ -50.309, -21.9823272 ], [ -50.509, -21.9823272 ], [ -50.509, -21.7823272 ] ] ] } },
{ "type": "Feature", "properties": { "fid": 133, "id": 389, "grid_status": "sem ponto" }, "geometry": { "type": "Polygon", "coordinates": [ [ [ -50.509, -21.9823272 ], [ -50.309, -21.9823272 ], [ -50.309, -22.1823272 ], [ -50.509, -22.1823272 ], [ -50.509, -21.9823272 ] ] ] } },
{ "type": "Feature", "properties": { "fid": 134, "id": 390, "grid_status": "sem ponto" }, "geometry": { "type": "Polygon", "coordinates": [ [ [ -50.509, -22.1823272 ], [ -50.309, -22.1823272 ], [ -50.309, -22.3823272 ], [ -50.509, -22.3823272 ], [ -50.509, -22.1823272 ] ] ] } },
{ "type": "Feature", "properties": { "fid": 135, "id": 391, "grid_status": "sem ponto" }, "geometry": { "type": "Polygon", "coordinates": [ [ [ -50.509, -22.3823272 ], [ -50.309, -22.3823272 ], [ -50.309, -22.5823272 ], [ -50.509, -22.5823272 ], [ -50.509, -22.3823272 ] ] ] } },
{ "type": "Feature", "properties": { "fid": 136, "id": 392, "grid_status": "leucena" }, "geometry": { "type": "Polygon", "coordinates": [ [ [ -50.509, -22.5823272 ], [ -50.309, -22.5823272 ], [ -50.309, -22.7823272 ], [ -50.509, -22.7823272 ], [ -50.509, -22.5823272 ] ] ] } },
{ "type": "Feature", "properties": { "fid": 137, "id": 393, "grid_status": "sem ponto" }, "geometry": { "type": "Polygon", "coordinates": [ [ [ -50.509, -22.7823272 ], [ -50.309, -22.7823272 ], [ -50.309, -22.9823272 ], [ -50.509, -22.9823272 ], [ -50.509, -22.7823272 ] ] ] } },
{ "type": "Feature", "properties": { "fid": 138, "id": 407, "grid_status": "sem ponto" }, "geometry": { "type": "Polygon", "coordinates": [ [ [ -50.309, -19.7823272 ], [ -50.109, -19.7823272 ], [ -50.109, -19.9823272 ], [ -50.309, -19.9823272 ], [ -50.309, -19.7823272 ] ] ] } },
{ "type": "Feature", "properties": { "fid": 139, "id": 408, "grid_status": "sem ponto" }, "geometry": { "type": "Polygon", "coordinates": [ [ [ -50.309, -19.9823272 ], [ -50.109, -19.9823272 ], [ -50.109, -20.1823272 ], [ -50.309, -20.1823272 ], [ -50.309, -19.9823272 ] ] ] } },
{ "type": "Feature", "properties": { "fid": 140, "id": 409, "grid_status": "sem ponto" }, "geometry": { "type": "Polygon", "coordinates": [ [ [ -50.309, -20.1823272 ], [ -50.109, -20.1823272 ], [ -50.109, -20.3823272 ], [ -50.309, -20.3823272 ], [ -50.309, -20.1823272 ] ] ] } },
{ "type": "Feature", "properties": { "fid": 141, "id": 410, "grid_status": "sem ponto" }, "geometry": { "type": "Polygon", "coordinates": [ [ [ -50.309, -20.3823272 ], [ -50.109, -20.3823272 ], [ -50.109, -20.5823272 ], [ -50.309, -20.5823272 ], [ -50.309, -20.3823272 ] ] ] } },
{ "type": "Feature", "properties": { "fid": 142, "id": 411, "grid_status": "sem ponto" }, "geometry": { "type": "Polygon", "coordinates": [ [ [ -50.309, -20.5823272 ], [ -50.109, -20.5823272 ], [ -50.109, -20.7823272 ], [ -50.309, -20.7823272 ], [ -50.309, -20.5823272 ] ] ] } },
{ "type": "Feature", "properties": { "fid": 143, "id": 412, "grid_status": "sem ponto" }, "geometry": { "type": "Polygon", "coordinates": [ [ [ -50.309, -20.7823272 ], [ -50.109, -20.7823272 ], [ -50.109, -20.9823272 ], [ -50.309, -20.9823272 ], [ -50.309, -20.7823272 ] ] ] } },
{ "type": "Feature", "properties": { "fid": 144, "id": 413, "grid_status": "sem ponto" }, "geometry": { "type": "Polygon", "coordinates": [ [ [ -50.309, -20.9823272 ], [ -50.109, -20.9823272 ], [ -50.109, -21.1823272 ], [ -50.309, -21.1823272 ], [ -50.309, -20.9823272 ] ] ] } },
{ "type": "Feature", "properties": { "fid": 145, "id": 414, "grid_status": "sem ponto" }, "geometry": { "type": "Polygon", "coordinates": [ [ [ -50.309, -21.1823272 ], [ -50.109, -21.1823272 ], [ -50.109, -21.3823272 ], [ -50.309, -21.3823272 ], [ -50.309, -21.1823272 ] ] ] } },
{ "type": "Feature", "properties": { "fid": 146, "id": 415, "grid_status": "sem ponto" }, "geometry": { "type": "Polygon", "coordinates": [ [ [ -50.309, -21.3823272 ], [ -50.109, -21.3823272 ], [ -50.109, -21.5823272 ], [ -50.309, -21.5823272 ], [ -50.309, -21.3823272 ] ] ] } },
{ "type": "Feature", "properties": { "fid": 147, "id": 416, "grid_status": "sem ponto" }, "geometry": { "type": "Polygon", "coordinates": [ [ [ -50.309, -21.5823272 ], [ -50.109, -21.5823272 ], [ -50.109, -21.7823272 ], [ -50.309, -21.7823272 ], [ -50.309, -21.5823272 ] ] ] } },
{ "type": "Feature", "properties": { "fid": 148, "id": 417, "grid_status": "sem ponto" }, "geometry": { "type": "Polygon", "coordinates": [ [ [ -50.309, -21.7823272 ], [ -50.109, -21.7823272 ], [ -50.109, -21.9823272 ], [ -50.309, -21.9823272 ], [ -50.309, -21.7823272 ] ] ] } },
{ "type": "Feature", "properties": { "fid": 149, "id": 418, "grid_status": "sem ponto" }, "geometry": { "type": "Polygon", "coordinates": [ [ [ -50.309, -21.9823272 ], [ -50.109, -21.9823272 ], [ -50.109, -22.1823272 ], [ -50.309, -22.1823272 ], [ -50.309, -21.9823272 ] ] ] } },
{ "type": "Feature", "properties": { "fid": 150, "id": 419, "grid_status": "sem ponto" }, "geometry": { "type": "Polygon", "coordinates": [ [ [ -50.309, -22.1823272 ], [ -50.109, -22.1823272 ], [ -50.109, -22.3823272 ], [ -50.309, -22.3823272 ], [ -50.309, -22.1823272 ] ] ] } },
{ "type": "Feature", "properties": { "fid": 151, "id": 420, "grid_status": "sem ponto" }, "geometry": { "type": "Polygon", "coordinates": [ [ [ -50.309, -22.3823272 ], [ -50.109, -22.3823272 ], [ -50.109, -22.5823272 ], [ -50.309, -22.5823272 ], [ -50.309, -22.3823272 ] ] ] } },
{ "type": "Feature", "properties": { "fid": 152, "id": 421, "grid_status": "sem ponto" }, "geometry": { "type": "Polygon", "coordinates": [ [ [ -50.309, -22.5823272 ], [ -50.109, -22.5823272 ], [ -50.109, -22.7823272 ], [ -50.309, -22.7823272 ], [ -50.309, -22.5823272 ] ] ] } },
{ "type": "Feature", "properties": { "fid": 153, "id": 422, "grid_status": "sem ponto" }, "geometry": { "type": "Polygon", "coordinates": [ [ [ -50.309, -22.7823272 ], [ -50.109, -22.7823272 ], [ -50.109, -22.9823272 ], [ -50.309, -22.9823272 ], [ -50.309, -22.7823272 ] ] ] } },
{ "type": "Feature", "properties": { "fid": 154, "id": 436, "grid_status": "sem ponto" }, "geometry": { "type": "Polygon", "coordinates": [ [ [ -50.109, -19.7823272 ], [ -49.909, -19.7823272 ], [ -49.909, -19.9823272 ], [ -50.109, -19.9823272 ], [ -50.109, -19.7823272 ] ] ] } },
{ "type": "Feature", "properties": { "fid": 155, "id": 437, "grid_status": "sem ponto" }, "geometry": { "type": "Polygon", "coordinates": [ [ [ -50.109, -19.9823272 ], [ -49.909, -19.9823272 ], [ -49.909, -20.1823272 ], [ -50.109, -20.1823272 ], [ -50.109, -19.9823272 ] ] ] } },
{ "type": "Feature", "properties": { "fid": 156, "id": 438, "grid_status": "sem ponto" }, "geometry": { "type": "Polygon", "coordinates": [ [ [ -50.109, -20.1823272 ], [ -49.909, -20.1823272 ], [ -49.909, -20.3823272 ], [ -50.109, -20.3823272 ], [ -50.109, -20.1823272 ] ] ] } },
{ "type": "Feature", "properties": { "fid": 157, "id": 439, "grid_status": "sem ponto" }, "geometry": { "type": "Polygon", "coordinates": [ [ [ -50.109, -20.3823272 ], [ -49.909, -20.3823272 ], [ -49.909, -20.5823272 ], [ -50.109, -20.5823272 ], [ -50.109, -20.3823272 ] ] ] } },
{ "type": "Feature", "properties": { "fid": 158, "id": 440, "grid_status": "sem ponto" }, "geometry": { "type": "Polygon", "coordinates": [ [ [ -50.109, -20.5823272 ], [ -49.909, -20.5823272 ], [ -49.909, -20.7823272 ], [ -50.109, -20.7823272 ], [ -50.109, -20.5823272 ] ] ] } },
{ "type": "Feature", "properties": { "fid": 159, "id": 441, "grid_status": "sem ponto" }, "geometry": { "type": "Polygon", "coordinates": [ [ [ -50.109, -20.7823272 ], [ -49.909, -20.7823272 ], [ -49.909, -20.9823272 ], [ -50.109, -20.9823272 ], [ -50.109, -20.7823272 ] ] ] } },
{ "type": "Feature", "properties": { "fid": 160, "id": 442, "grid_status": "sem ponto" }, "geometry": { "type": "Polygon", "coordinates": [ [ [ -50.109, -20.9823272 ], [ -49.909, -20.9823272 ], [ -49.909, -21.1823272 ], [ -50.109, -21.1823272 ], [ -50.109, -20.9823272 ] ] ] } },
{ "type": "Feature", "properties": { "fid": 161, "id": 443, "grid_status": "sem ponto" }, "geometry": { "type": "Polygon", "coordinates": [ [ [ -50.109, -21.1823272 ], [ -49.909, -21.1823272 ], [ -49.909, -21.3823272 ], [ -50.109, -21.3823272 ], [ -50.109, -21.1823272 ] ] ] } },
{ "type": "Feature", "properties": { "fid": 162, "id": 444, "grid_status": "sem ponto" }, "geometry": { "type": "Polygon", "coordinates": [ [ [ -50.109, -21.3823272 ], [ -49.909, -21.3823272 ], [ -49.909, -21.5823272 ], [ -50.109, -21.5823272 ], [ -50.109, -21.3823272 ] ] ] } },
{ "type": "Feature", "properties": { "fid": 163, "id": 445, "grid_status": "sem ponto" }, "geometry": { "type": "Polygon", "coordinates": [ [ [ -50.109, -21.5823272 ], [ -49.909, -21.5823272 ], [ -49.909, -21.7823272 ], [ -50.109, -21.7823272 ], [ -50.109, -21.5823272 ] ] ] } },
{ "type": "Feature", "properties": { "fid": 164, "id": 446, "grid_status": "sem ponto" }, "geometry": { "type": "Polygon", "coordinates": [ [ [ -50.109, -21.7823272 ], [ -49.909, -21.7823272 ], [ -49.909, -21.9823272 ], [ -50.109, -21.9823272 ], [ -50.109, -21.7823272 ] ] ] } },
{ "type": "Feature", "properties": { "fid": 165, "id": 447, "grid_status": "sem ponto" }, "geometry": { "type": "Polygon", "coordinates": [ [ [ -50.109, -21.9823272 ], [ -49.909, -21.9823272 ], [ -49.909, -22.1823272 ], [ -50.109, -22.1823272 ], [ -50.109, -21.9823272 ] ] ] } },
{ "type": "Feature", "properties": { "fid": 166, "id": 448, "grid_status": "sem ponto" }, "geometry": { "type": "Polygon", "coordinates": [ [ [ -50.109, -22.1823272 ], [ -49.909, -22.1823272 ], [ -49.909, -22.3823272 ], [ -50.109, -22.3823272 ], [ -50.109, -22.1823272 ] ] ] } },
{ "type": "Feature", "properties": { "fid": 167, "id": 449, "grid_status": "sem ponto" }, "geometry": { "type": "Polygon", "coordinates": [ [ [ -50.109, -22.3823272 ], [ -49.909, -22.3823272 ], [ -49.909, -22.5823272 ], [ -50.109, -22.5823272 ], [ -50.109, -22.3823272 ] ] ] } },
{ "type": "Feature", "properties": { "fid": 168, "id": 450, "grid_status": "sem ponto" }, "geometry": { "type": "Polygon", "coordinates": [ [ [ -50.109, -22.5823272 ], [ -49.909, -22.5823272 ], [ -49.909, -22.7823272 ], [ -50.109, -22.7823272 ], [ -50.109, -22.5823272 ] ] ] } },
{ "type": "Feature", "properties": { "fid": 169, "id": 451, "grid_status": "sem ponto" }, "geometry": { "type": "Polygon", "coordinates": [ [ [ -50.109, -22.7823272 ], [ -49.909, -22.7823272 ], [ -49.909, -22.9823272 ], [ -50.109, -22.9823272 ], [ -50.109, -22.7823272 ] ] ] } },
{ "type": "Feature", "properties": { "fid": 170, "id": 452, "grid_status": "sem ponto" }, "geometry": { "type": "Polygon", "coordinates": [ [ [ -50.109, -22.9823272 ], [ -49.909, -22.9823272 ], [ -49.909, -23.1823272 ], [ -50.109, -23.1823272 ], [ -50.109, -22.9823272 ] ] ] } },
{ "type": "Feature", "properties": { "fid": 171, "id": 465, "grid_status": "sem ponto" }, "geometry": { "type": "Polygon", "coordinates": [ [ [ -49.909, -19.7823272 ], [ -49.709, -19.7823272 ], [ -49.709, -19.9823272 ], [ -49.909, -19.9823272 ], [ -49.909, -19.7823272 ] ] ] } },
{ "type": "Feature", "properties": { "fid": 172, "id": 466, "grid_status": "sem ponto" }, "geometry": { "type": "Polygon", "coordinates": [ [ [ -49.909, -19.9823272 ], [ -49.709, -19.9823272 ], [ -49.709, -20.1823272 ], [ -49.909, -20.1823272 ], [ -49.909, -19.9823272 ] ] ] } },
{ "type": "Feature", "properties": { "fid": 173, "id": 467, "grid_status": "sem ponto" }, "geometry": { "type": "Polygon", "coordinates": [ [ [ -49.909, -20.1823272 ], [ -49.709, -20.1823272 ], [ -49.709, -20.3823272 ], [ -49.909, -20.3823272 ], [ -49.909, -20.1823272 ] ] ] } },
{ "type": "Feature", "properties": { "fid": 174, "id": 468, "grid_status": "sem ponto" }, "geometry": { "type": "Polygon", "coordinates": [ [ [ -49.909, -20.3823272 ], [ -49.709, -20.3823272 ], [ -49.709, -20.5823272 ], [ -49.909, -20.5823272 ], [ -49.909, -20.3823272 ] ] ] } },
{ "type": "Feature", "properties": { "fid": 175, "id": 469, "grid_status": "sem ponto" }, "geometry": { "type": "Polygon", "coordinates": [ [ [ -49.909, -20.5823272 ], [ -49.709, -20.5823272 ], [ -49.709, -20.7823272 ], [ -49.909, -20.7823272 ], [ -49.909, -20.5823272 ] ] ] } },
{ "type": "Feature", "properties": { "fid": 176, "id": 470, "grid_status": "sem ponto" }, "geometry": { "type": "Polygon", "coordinates": [ [ [ -49.909, -20.7823272 ], [ -49.709, -20.7823272 ], [ -49.709, -20.9823272 ], [ -49.909, -20.9823272 ], [ -49.909, -20.7823272 ] ] ] } },
{ "type": "Feature", "properties": { "fid": 177, "id": 471, "grid_status": "sem ponto" }, "geometry": { "type": "Polygon", "coordinates": [ [ [ -49.909, -20.9823272 ], [ -49.709, -20.9823272 ], [ -49.709, -21.1823272 ], [ -49.909, -21.1823272 ], [ -49.909, -20.9823272 ] ] ] } },
{ "type": "Feature", "properties": { "fid": 178, "id": 472, "grid_status": "sem ponto" }, "geometry": { "type": "Polygon", "coordinates": [ [ [ -49.909, -21.1823272 ], [ -49.709, -21.1823272 ], [ -49.709, -21.3823272 ], [ -49.909, -21.3823272 ], [ -49.909, -21.1823272 ] ] ] } },
{ "type": "Feature", "properties": { "fid": 179, "id": 473, "grid_status": "sem ponto" }, "geometry": { "type": "Polygon", "coordinates": [ [ [ -49.909, -21.3823272 ], [ -49.709, -21.3823272 ], [ -49.709, -21.5823272 ], [ -49.909, -21.5823272 ], [ -49.909, -21.3823272 ] ] ] } },
{ "type": "Feature", "properties": { "fid": 180, "id": 474, "grid_status": "sem ponto" }, "geometry": { "type": "Polygon", "coordinates": [ [ [ -49.909, -21.5823272 ], [ -49.709, -21.5823272 ], [ -49.709, -21.7823272 ], [ -49.909, -21.7823272 ], [ -49.909, -21.5823272 ] ] ] } },
{ "type": "Feature", "properties": { "fid": 181, "id": 475, "grid_status": "sem ponto" }, "geometry": { "type": "Polygon", "coordinates": [ [ [ -49.909, -21.7823272 ], [ -49.709, -21.7823272 ], [ -49.709, -21.9823272 ], [ -49.909, -21.9823272 ], [ -49.909, -21.7823272 ] ] ] } },
{ "type": "Feature", "properties": { "fid": 182, "id": 476, "grid_status": "sem ponto" }, "geometry": { "type": "Polygon", "coordinates": [ [ [ -49.909, -21.9823272 ], [ -49.709, -21.9823272 ], [ -49.709, -22.1823272 ], [ -49.909, -22.1823272 ], [ -49.909, -21.9823272 ] ] ] } },
{ "type": "Feature", "properties": { "fid": 183, "id": 477, "grid_status": "sem ponto" }, "geometry": { "type": "Polygon", "coordinates": [ [ [ -49.909, -22.1823272 ], [ -49.709, -22.1823272 ], [ -49.709, -22.3823272 ], [ -49.909, -22.3823272 ], [ -49.909, -22.1823272 ] ] ] } },
{ "type": "Feature", "properties": { "fid": 184, "id": 478, "grid_status": "sem ponto" }, "geometry": { "type": "Polygon", "coordinates": [ [ [ -49.909, -22.3823272 ], [ -49.709, -22.3823272 ], [ -49.709, -22.5823272 ], [ -49.909, -22.5823272 ], [ -49.909, -22.3823272 ] ] ] } },
{ "type": "Feature", "properties": { "fid": 185, "id": 479, "grid_status": "sem ponto" }, "geometry": { "type": "Polygon", "coordinates": [ [ [ -49.909, -22.5823272 ], [ -49.709, -22.5823272 ], [ -49.709, -22.7823272 ], [ -49.909, -22.7823272 ], [ -49.909, -22.5823272 ] ] ] } },
{ "type": "Feature", "properties": { "fid": 186, "id": 480, "grid_status": "sem ponto" }, "geometry": { "type": "Polygon", "coordinates": [ [ [ -49.909, -22.7823272 ], [ -49.709, -22.7823272 ], [ -49.709, -22.9823272 ], [ -49.909, -22.9823272 ], [ -49.909, -22.7823272 ] ] ] } },
{ "type": "Feature", "properties": { "fid": 187, "id": 481, "grid_status": "sem ponto" }, "geometry": { "type": "Polygon", "coordinates": [ [ [ -49.909, -22.9823272 ], [ -49.709, -22.9823272 ], [ -49.709, -23.1823272 ], [ -49.909, -23.1823272 ], [ -49.909, -22.9823272 ] ] ] } },
{ "type": "Feature", "properties": { "fid": 188, "id": 494, "grid_status": "sem ponto" }, "geometry": { "type": "Polygon", "coordinates": [ [ [ -49.709, -19.7823272 ], [ -49.509, -19.7823272 ], [ -49.509, -19.9823272 ], [ -49.709, -19.9823272 ], [ -49.709, -19.7823272 ] ] ] } },
{ "type": "Feature", "properties": { "fid": 189, "id": 495, "grid_status": "sem ponto" }, "geometry": { "type": "Polygon", "coordinates": [ [ [ -49.709, -19.9823272 ], [ -49.509, -19.9823272 ], [ -49.509, -20.1823272 ], [ -49.709, -20.1823272 ], [ -49.709, -19.9823272 ] ] ] } },
{ "type": "Feature", "properties": { "fid": 190, "id": 496, "grid_status": "sem ponto" }, "geometry": { "type": "Polygon", "coordinates": [ [ [ -49.709, -20.1823272 ], [ -49.509, -20.1823272 ], [ -49.509, -20.3823272 ], [ -49.709, -20.3823272 ], [ -49.709, -20.1823272 ] ] ] } },
{ "type": "Feature", "properties": { "fid": 191, "id": 497, "grid_status": "sem ponto" }, "geometry": { "type": "Polygon", "coordinates": [ [ [ -49.709, -20.3823272 ], [ -49.509, -20.3823272 ], [ -49.509, -20.5823272 ], [ -49.709, -20.5823272 ], [ -49.709, -20.3823272 ] ] ] } },
{ "type": "Feature", "properties": { "fid": 192, "id": 498, "grid_status": "sem ponto" }, "geometry": { "type": "Polygon", "coordinates": [ [ [ -49.709, -20.5823272 ], [ -49.509, -20.5823272 ], [ -49.509, -20.7823272 ], [ -49.709, -20.7823272 ], [ -49.709, -20.5823272 ] ] ] } },
{ "type": "Feature", "properties": { "fid": 193, "id": 499, "grid_status": "sem ponto" }, "geometry": { "type": "Polygon", "coordinates": [ [ [ -49.709, -20.7823272 ], [ -49.509, -20.7823272 ], [ -49.509, -20.9823272 ], [ -49.709, -20.9823272 ], [ -49.709, -20.7823272 ] ] ] } },
{ "type": "Feature", "properties": { "fid": 194, "id": 500, "grid_status": "sem ponto" }, "geometry": { "type": "Polygon", "coordinates": [ [ [ -49.709, -20.9823272 ], [ -49.509, -20.9823272 ], [ -49.509, -21.1823272 ], [ -49.709, -21.1823272 ], [ -49.709, -20.9823272 ] ] ] } },
{ "type": "Feature", "properties": { "fid": 195, "id": 501, "grid_status": "sem ponto" }, "geometry": { "type": "Polygon", "coordinates": [ [ [ -49.709, -21.1823272 ], [ -49.509, -21.1823272 ], [ -49.509, -21.3823272 ], [ -49.709, -21.3823272 ], [ -49.709, -21.1823272 ] ] ] } },
{ "type": "Feature", "properties": { "fid": 196, "id": 502, "grid_status": "sem ponto" }, "geometry": { "type": "Polygon", "coordinates": [ [ [ -49.709, -21.3823272 ], [ -49.509, -21.3823272 ], [ -49.509, -21.5823272 ], [ -49.709, -21.5823272 ], [ -49.709, -21.3823272 ] ] ] } },
{ "type": "Feature", "properties": { "fid": 197, "id": 503, "grid_status": "sem ponto" }, "geometry": { "type": "Polygon", "coordinates": [ [ [ -49.709, -21.5823272 ], [ -49.509, -21.5823272 ], [ -49.509, -21.7823272 ], [ -49.709, -21.7823272 ], [ -49.709, -21.5823272 ] ] ] } },
{ "type": "Feature", "properties": { "fid": 198, "id": 504, "grid_status": "sem ponto" }, "geometry": { "type": "Polygon", "coordinates": [ [ [ -49.709, -21.7823272 ], [ -49.509, -21.7823272 ], [ -49.509, -21.9823272 ], [ -49.709, -21.9823272 ], [ -49.709, -21.7823272 ] ] ] } },
{ "type": "Feature", "properties": { "fid": 199, "id": 505, "grid_status": "sem ponto" }, "geometry": { "type": "Polygon", "coordinates": [ [ [ -49.709, -21.9823272 ], [ -49.509, -21.9823272 ], [ -49.509, -22.1823272 ], [ -49.709, -22.1823272 ], [ -49.709, -21.9823272 ] ] ] } },
{ "type": "Feature", "properties": { "fid": 200, "id": 506, "grid_status": "sem ponto" }, "geometry": { "type": "Polygon", "coordinates": [ [ [ -49.709, -22.1823272 ], [ -49.509, -22.1823272 ], [ -49.509, -22.3823272 ], [ -49.709, -22.3823272 ], [ -49.709, -22.1823272 ] ] ] } },
{ "type": "Feature", "properties": { "fid": 201, "id": 507, "grid_status": "sem ponto" }, "geometry": { "type": "Polygon", "coordinates": [ [ [ -49.709, -22.3823272 ], [ -49.509, -22.3823272 ], [ -49.509, -22.5823272 ], [ -49.709, -22.5823272 ], [ -49.709, -22.3823272 ] ] ] } },
{ "type": "Feature", "properties": { "fid": 202, "id": 508, "grid_status": "sem ponto" }, "geometry": { "type": "Polygon", "coordinates": [ [ [ -49.709, -22.5823272 ], [ -49.509, -22.5823272 ], [ -49.509, -22.7823272 ], [ -49.709, -22.7823272 ], [ -49.709, -22.5823272 ] ] ] } },
{ "type": "Feature", "properties": { "fid": 203, "id": 509, "grid_status": "sem ponto" }, "geometry": { "type": "Polygon", "coordinates": [ [ [ -49.709, -22.7823272 ], [ -49.509, -22.7823272 ], [ -49.509, -22.9823272 ], [ -49.709, -22.9823272 ], [ -49.709, -22.7823272 ] ] ] } },
{ "type": "Feature", "properties": { "fid": 204, "id": 510, "grid_status": "sem ponto" }, "geometry": { "type": "Polygon", "coordinates": [ [ [ -49.709, -22.9823272 ], [ -49.509, -22.9823272 ], [ -49.509, -23.1823272 ], [ -49.709, -23.1823272 ], [ -49.709, -22.9823272 ] ] ] } },
{ "type": "Feature", "properties": { "fid": 205, "id": 511, "grid_status": "sem ponto" }, "geometry": { "type": "Polygon", "coordinates": [ [ [ -49.709, -23.1823272 ], [ -49.509, -23.1823272 ], [ -49.509, -23.3823272 ], [ -49.709, -23.3823272 ], [ -49.709, -23.1823272 ] ] ] } },
{ "type": "Feature", "properties": { "fid": 206, "id": 512, "grid_status": "sem ponto" }, "geometry": { "type": "Polygon", "coordinates": [ [ [ -49.709, -23.3823272 ], [ -49.509, -23.3823272 ], [ -49.509, -23.5823272 ], [ -49.709, -23.5823272 ], [ -49.709, -23.3823272 ] ] ] } },
{ "type": "Feature", "properties": { "fid": 207, "id": 513, "grid_status": "sem ponto" }, "geometry": { "type": "Polygon", "coordinates": [ [ [ -49.709, -23.5823272 ], [ -49.509, -23.5823272 ], [ -49.509, -23.7823272 ], [ -49.709, -23.7823272 ], [ -49.709, -23.5823272 ] ] ] } },
{ "type": "Feature", "properties": { "fid": 208, "id": 514, "grid_status": "sem ponto" }, "geometry": { "type": "Polygon", "coordinates": [ [ [ -49.709, -23.7823272 ], [ -49.509, -23.7823272 ], [ -49.509, -23.9823272 ], [ -49.709, -23.9823272 ], [ -49.709, -23.7823272 ] ] ] } },
{ "type": "Feature", "properties": { "fid": 209, "id": 523, "grid_status": "sem ponto" }, "geometry": { "type": "Polygon", "coordinates": [ [ [ -49.509, -19.7823272 ], [ -49.309, -19.7823272 ], [ -49.309, -19.9823272 ], [ -49.509, -19.9823272 ], [ -49.509, -19.7823272 ] ] ] } },
{ "type": "Feature", "properties": { "fid": 210, "id": 524, "grid_status": "sem ponto" }, "geometry": { "type": "Polygon", "coordinates": [ [ [ -49.509, -19.9823272 ], [ -49.309, -19.9823272 ], [ -49.309, -20.1823272 ], [ -49.509, -20.1823272 ], [ -49.509, -19.9823272 ] ] ] } },
{ "type": "Feature", "properties": { "fid": 211, "id": 525, "grid_status": "sem ponto" }, "geometry": { "type": "Polygon", "coordinates": [ [ [ -49.509, -20.1823272 ], [ -49.309, -20.1823272 ], [ -49.309, -20.3823272 ], [ -49.509, -20.3823272 ], [ -49.509, -20.1823272 ] ] ] } },
{ "type": "Feature", "properties": { "fid": 212, "id": 526, "grid_status": "sem ponto" }, "geometry": { "type": "Polygon", "coordinates": [ [ [ -49.509, -20.3823272 ], [ -49.309, -20.3823272 ], [ -49.309, -20.5823272 ], [ -49.509, -20.5823272 ], [ -49.509, -20.3823272 ] ] ] } },
{ "type": "Feature", "properties": { "fid": 213, "id": 527, "grid_status": "sem ponto" }, "geometry": { "type": "Polygon", "coordinates": [ [ [ -49.509, -20.5823272 ], [ -49.309, -20.5823272 ], [ -49.309, -20.7823272 ], [ -49.509, -20.7823272 ], [ -49.509, -20.5823272 ] ] ] } },
{ "type": "Feature", "properties": { "fid": 214, "id": 528, "grid_status": "sem ponto" }, "geometry": { "type": "Polygon", "coordinates": [ [ [ -49.509, -20.7823272 ], [ -49.309, -20.7823272 ], [ -49.309, -20.9823272 ], [ -49.509, -20.9823272 ], [ -49.509, -20.7823272 ] ] ] } },
{ "type": "Feature", "properties": { "fid": 215, "id": 529, "grid_status": "sem ponto" }, "geometry": { "type": "Polygon", "coordinates": [ [ [ -49.509, -20.9823272 ], [ -49.309, -20.9823272 ], [ -49.309, -21.1823272 ], [ -49.509, -21.1823272 ], [ -49.509, -20.9823272 ] ] ] } },
{ "type": "Feature", "properties": { "fid": 216, "id": 530, "grid_status": "sem ponto" }, "geometry": { "type": "Polygon", "coordinates": [ [ [ -49.509, -21.1823272 ], [ -49.309, -21.1823272 ], [ -49.309, -21.3823272 ], [ -49.509, -21.3823272 ], [ -49.509, -21.1823272 ] ] ] } },
{ "type": "Feature", "properties": { "fid": 217, "id": 531, "grid_status": "sem ponto" }, "geometry": { "type": "Polygon", "coordinates": [ [ [ -49.509, -21.3823272 ], [ -49.309, -21.3823272 ], [ -49.309, -21.5823272 ], [ -49.509, -21.5823272 ], [ -49.509, -21.3823272 ] ] ] } },
{ "type": "Feature", "properties": { "fid": 218, "id": 532, "grid_status": "sem ponto" }, "geometry": { "type": "Polygon", "coordinates": [ [ [ -49.509, -21.5823272 ], [ -49.309, -21.5823272 ], [ -49.309, -21.7823272 ], [ -49.509, -21.7823272 ], [ -49.509, -21.5823272 ] ] ] } },
{ "type": "Feature", "properties": { "fid": 219, "id": 533, "grid_status": "sem ponto" }, "geometry": { "type": "Polygon", "coordinates": [ [ [ -49.509, -21.7823272 ], [ -49.309, -21.7823272 ], [ -49.309, -21.9823272 ], [ -49.509, -21.9823272 ], [ -49.509, -21.7823272 ] ] ] } },
{ "type": "Feature", "properties": { "fid": 220, "id": 534, "grid_status": "sem ponto" }, "geometry": { "type": "Polygon", "coordinates": [ [ [ -49.509, -21.9823272 ], [ -49.309, -21.9823272 ], [ -49.309, -22.1823272 ], [ -49.509, -22.1823272 ], [ -49.509, -21.9823272 ] ] ] } },
{ "type": "Feature", "properties": { "fid": 221, "id": 535, "grid_status": "sem ponto" }, "geometry": { "type": "Polygon", "coordinates": [ [ [ -49.509, -22.1823272 ], [ -49.309, -22.1823272 ], [ -49.309, -22.3823272 ], [ -49.509, -22.3823272 ], [ -49.509, -22.1823272 ] ] ] } },
{ "type": "Feature", "properties": { "fid": 222, "id": 536, "grid_status": "sem ponto" }, "geometry": { "type": "Polygon", "coordinates": [ [ [ -49.509, -22.3823272 ], [ -49.309, -22.3823272 ], [ -49.309, -22.5823272 ], [ -49.509, -22.5823272 ], [ -49.509, -22.3823272 ] ] ] } },
{ "type": "Feature", "properties": { "fid": 223, "id": 537, "grid_status": "sem ponto" }, "geometry": { "type": "Polygon", "coordinates": [ [ [ -49.509, -22.5823272 ], [ -49.309, -22.5823272 ], [ -49.309, -22.7823272 ], [ -49.509, -22.7823272 ], [ -49.509, -22.5823272 ] ] ] } },
{ "type": "Feature", "properties": { "fid": 224, "id": 538, "grid_status": "sem ponto" }, "geometry": { "type": "Polygon", "coordinates": [ [ [ -49.509, -22.7823272 ], [ -49.309, -22.7823272 ], [ -49.309, -22.9823272 ], [ -49.509, -22.9823272 ], [ -49.509, -22.7823272 ] ] ] } },
{ "type": "Feature", "properties": { "fid": 225, "id": 539, "grid_status": "sem ponto" }, "geometry": { "type": "Polygon", "coordinates": [ [ [ -49.509, -22.9823272 ], [ -49.309, -22.9823272 ], [ -49.309, -23.1823272 ], [ -49.509, -23.1823272 ], [ -49.509, -22.9823272 ] ] ] } },
{ "type": "Feature", "properties": { "fid": 226, "id": 540, "grid_status": "sem ponto" }, "geometry": { "type": "Polygon", "coordinates": [ [ [ -49.509, -23.1823272 ], [ -49.309, -23.1823272 ], [ -49.309, -23.3823272 ], [ -49.509, -23.3823272 ], [ -49.509, -23.1823272 ] ] ] } },
{ "type": "Feature", "properties": { "fid": 227, "id": 541, "grid_status": "sem ponto" }, "geometry": { "type": "Polygon", "coordinates": [ [ [ -49.509, -23.3823272 ], [ -49.309, -23.3823272 ], [ -49.309, -23.5823272 ], [ -49.509, -23.5823272 ], [ -49.509, -23.3823272 ] ] ] } },
{ "type": "Feature", "properties": { "fid": 228, "id": 542, "grid_status": "sem ponto" }, "geometry": { "type": "Polygon", "coordinates": [ [ [ -49.509, -23.5823272 ], [ -49.309, -23.5823272 ], [ -49.309, -23.7823272 ], [ -49.509, -23.7823272 ], [ -49.509, -23.5823272 ] ] ] } },
{ "type": "Feature", "properties": { "fid": 229, "id": 543, "grid_status": "sem ponto" }, "geometry": { "type": "Polygon", "coordinates": [ [ [ -49.509, -23.7823272 ], [ -49.309, -23.7823272 ], [ -49.309, -23.9823272 ], [ -49.509, -23.9823272 ], [ -49.509, -23.7823272 ] ] ] } },
{ "type": "Feature", "properties": { "fid": 230, "id": 544, "grid_status": "sem ponto" }, "geometry": { "type": "Polygon", "coordinates": [ [ [ -49.509, -23.9823272 ], [ -49.309, -23.9823272 ], [ -49.309, -24.1823272 ], [ -49.509, -24.1823272 ], [ -49.509, -23.9823272 ] ] ] } },
{ "type": "Feature", "properties": { "fid": 231, "id": 545, "grid_status": "sem ponto" }, "geometry": { "type": "Polygon", "coordinates": [ [ [ -49.509, -24.1823272 ], [ -49.309, -24.1823272 ], [ -49.309, -24.3823272 ], [ -49.509, -24.3823272 ], [ -49.509, -24.1823272 ] ] ] } },
{ "type": "Feature", "properties": { "fid": 232, "id": 546, "grid_status": "sem ponto" }, "geometry": { "type": "Polygon", "coordinates": [ [ [ -49.509, -24.3823272 ], [ -49.309, -24.3823272 ], [ -49.309, -24.5823272 ], [ -49.509, -24.5823272 ], [ -49.509, -24.3823272 ] ] ] } },
{ "type": "Feature", "properties": { "fid": 233, "id": 547, "grid_status": "sem ponto" }, "geometry": { "type": "Polygon", "coordinates": [ [ [ -49.509, -24.5823272 ], [ -49.309, -24.5823272 ], [ -49.309, -24.7823272 ], [ -49.509, -24.7823272 ], [ -49.509, -24.5823272 ] ] ] } },
{ "type": "Feature", "properties": { "fid": 234, "id": 552, "grid_status": "sem ponto" }, "geometry": { "type": "Polygon", "coordinates": [ [ [ -49.309, -19.7823272 ], [ -49.109, -19.7823272 ], [ -49.109, -19.9823272 ], [ -49.309, -19.9823272 ], [ -49.309, -19.7823272 ] ] ] } },
{ "type": "Feature", "properties": { "fid": 235, "id": 553, "grid_status": "sem ponto" }, "geometry": { "type": "Polygon", "coordinates": [ [ [ -49.309, -19.9823272 ], [ -49.109, -19.9823272 ], [ -49.109, -20.1823272 ], [ -49.309, -20.1823272 ], [ -49.309, -19.9823272 ] ] ] } },
{ "type": "Feature", "properties": { "fid": 236, "id": 554, "grid_status": "sem ponto" }, "geometry": { "type": "Polygon", "coordinates": [ [ [ -49.309, -20.1823272 ], [ -49.109, -20.1823272 ], [ -49.109, -20.3823272 ], [ -49.309, -20.3823272 ], [ -49.309, -20.1823272 ] ] ] } },
{ "type": "Feature", "properties": { "fid": 237, "id": 555, "grid_status": "sem ponto" }, "geometry": { "type": "Polygon", "coordinates": [ [ [ -49.309, -20.3823272 ], [ -49.109, -20.3823272 ], [ -49.109, -20.5823272 ], [ -49.309, -20.5823272 ], [ -49.309, -20.3823272 ] ] ] } },
{ "type": "Feature", "properties": { "fid": 238, "id": 556, "grid_status": "sem ponto" }, "geometry": { "type": "Polygon", "coordinates": [ [ [ -49.309, -20.5823272 ], [ -49.109, -20.5823272 ], [ -49.109, -20.7823272 ], [ -49.309, -20.7823272 ], [ -49.309, -20.5823272 ] ] ] } },
{ "type": "Feature", "properties": { "fid": 239, "id": 557, "grid_status": "sem ponto" }, "geometry": { "type": "Polygon", "coordinates": [ [ [ -49.309, -20.7823272 ], [ -49.109, -20.7823272 ], [ -49.109, -20.9823272 ], [ -49.309, -20.9823272 ], [ -49.309, -20.7823272 ] ] ] } },
{ "type": "Feature", "properties": { "fid": 240, "id": 558, "grid_status": "sem ponto" }, "geometry": { "type": "Polygon", "coordinates": [ [ [ -49.309, -20.9823272 ], [ -49.109, -20.9823272 ], [ -49.109, -21.1823272 ], [ -49.309, -21.1823272 ], [ -49.309, -20.9823272 ] ] ] } },
{ "type": "Feature", "properties": { "fid": 241, "id": 559, "grid_status": "sem ponto" }, "geometry": { "type": "Polygon", "coordinates": [ [ [ -49.309, -21.1823272 ], [ -49.109, -21.1823272 ], [ -49.109, -21.3823272 ], [ -49.309, -21.3823272 ], [ -49.309, -21.1823272 ] ] ] } },
{ "type": "Feature", "properties": { "fid": 242, "id": 560, "grid_status": "sem ponto" }, "geometry": { "type": "Polygon", "coordinates": [ [ [ -49.309, -21.3823272 ], [ -49.109, -21.3823272 ], [ -49.109, -21.5823272 ], [ -49.309, -21.5823272 ], [ -49.309, -21.3823272 ] ] ] } },
{ "type": "Feature", "properties": { "fid": 243, "id": 561, "grid_status": "sem ponto" }, "geometry": { "type": "Polygon", "coordinates": [ [ [ -49.309, -21.5823272 ], [ -49.109, -21.5823272 ], [ -49.109, -21.7823272 ], [ -49.309, -21.7823272 ], [ -49.309, -21.5823272 ] ] ] } },
{ "type": "Feature", "properties": { "fid": 244, "id": 562, "grid_status": "sem ponto" }, "geometry": { "type": "Polygon", "coordinates": [ [ [ -49.309, -21.7823272 ], [ -49.109, -21.7823272 ], [ -49.109, -21.9823272 ], [ -49.309, -21.9823272 ], [ -49.309, -21.7823272 ] ] ] } },
{ "type": "Feature", "properties": { "fid": 245, "id": 563, "grid_status": "sem ponto" }, "geometry": { "type": "Polygon", "coordinates": [ [ [ -49.309, -21.9823272 ], [ -49.109, -21.9823272 ], [ -49.109, -22.1823272 ], [ -49.309, -22.1823272 ], [ -49.309, -21.9823272 ] ] ] } },
{ "type": "Feature", "properties": { "fid": 246, "id": 564, "grid_status": "sem ponto" }, "geometry": { "type": "Polygon", "coordinates": [ [ [ -49.309, -22.1823272 ], [ -49.109, -22.1823272 ], [ -49.109, -22.3823272 ], [ -49.309, -22.3823272 ], [ -49.309, -22.1823272 ] ] ] } },
{ "type": "Feature", "properties": { "fid": 247, "id": 565, "grid_status": "sem ponto" }, "geometry": { "type": "Polygon", "coordinates": [ [ [ -49.309, -22.3823272 ], [ -49.109, -22.3823272 ], [ -49.109, -22.5823272 ], [ -49.309, -22.5823272 ], [ -49.309, -22.3823272 ] ] ] } },
{ "type": "Feature", "properties": { "fid": 248, "id": 566, "grid_status": "sem ponto" }, "geometry": { "type": "Polygon", "coordinates": [ [ [ -49.309, -22.5823272 ], [ -49.109, -22.5823272 ], [ -49.109, -22.7823272 ], [ -49.309, -22.7823272 ], [ -49.309, -22.5823272 ] ] ] } },
{ "type": "Feature", "properties": { "fid": 249, "id": 567, "grid_status": "sem ponto" }, "geometry": { "type": "Polygon", "coordinates": [ [ [ -49.309, -22.7823272 ], [ -49.109, -22.7823272 ], [ -49.109, -22.9823272 ], [ -49.309, -22.9823272 ], [ -49.309, -22.7823272 ] ] ] } },
{ "type": "Feature", "properties": { "fid": 250, "id": 568, "grid_status": "sem ponto" }, "geometry": { "type": "Polygon", "coordinates": [ [ [ -49.309, -22.9823272 ], [ -49.109, -22.9823272 ], [ -49.109, -23.1823272 ], [ -49.309, -23.1823272 ], [ -49.309, -22.9823272 ] ] ] } },
{ "type": "Feature", "properties": { "fid": 251, "id": 569, "grid_status": "sem ponto" }, "geometry": { "type": "Polygon", "coordinates": [ [ [ -49.309, -23.1823272 ], [ -49.109, -23.1823272 ], [ -49.109, -23.3823272 ], [ -49.309, -23.3823272 ], [ -49.309, -23.1823272 ] ] ] } },
{ "type": "Feature", "properties": { "fid": 252, "id": 570, "grid_status": "sem ponto" }, "geometry": { "type": "Polygon", "coordinates": [ [ [ -49.309, -23.3823272 ], [ -49.109, -23.3823272 ], [ -49.109, -23.5823272 ], [ -49.309, -23.5823272 ], [ -49.309, -23.3823272 ] ] ] } },
{ "type": "Feature", "properties": { "fid": 253, "id": 571, "grid_status": "sem ponto" }, "geometry": { "type": "Polygon", "coordinates": [ [ [ -49.309, -23.5823272 ], [ -49.109, -23.5823272 ], [ -49.109, -23.7823272 ], [ -49.309, -23.7823272 ], [ -49.309, -23.5823272 ] ] ] } },
{ "type": "Feature", "properties": { "fid": 254, "id": 572, "grid_status": "sem ponto" }, "geometry": { "type": "Polygon", "coordinates": [ [ [ -49.309, -23.7823272 ], [ -49.109, -23.7823272 ], [ -49.109, -23.9823272 ], [ -49.309, -23.9823272 ], [ -49.309, -23.7823272 ] ] ] } },
{ "type": "Feature", "properties": { "fid": 255, "id": 573, "grid_status": "sem ponto" }, "geometry": { "type": "Polygon", "coordinates": [ [ [ -49.309, -23.9823272 ], [ -49.109, -23.9823272 ], [ -49.109, -24.1823272 ], [ -49.309, -24.1823272 ], [ -49.309, -23.9823272 ] ] ] } },
{ "type": "Feature", "properties": { "fid": 256, "id": 574, "grid_status": "sem ponto" }, "geometry": { "type": "Polygon", "coordinates": [ [ [ -49.309, -24.1823272 ], [ -49.109, -24.1823272 ], [ -49.109, -24.3823272 ], [ -49.309, -24.3823272 ], [ -49.309, -24.1823272 ] ] ] } },
{ "type": "Feature", "properties": { "fid": 257, "id": 575, "grid_status": "sem ponto" }, "geometry": { "type": "Polygon", "coordinates": [ [ [ -49.309, -24.3823272 ], [ -49.109, -24.3823272 ], [ -49.109, -24.5823272 ], [ -49.309, -24.5823272 ], [ -49.309, -24.3823272 ] ] ] } },
{ "type": "Feature", "properties": { "fid": 258, "id": 576, "grid_status": "sem ponto" }, "geometry": { "type": "Polygon", "coordinates": [ [ [ -49.309, -24.5823272 ], [ -49.109, -24.5823272 ], [ -49.109, -24.7823272 ], [ -49.309, -24.7823272 ], [ -49.309, -24.5823272 ] ] ] } },
{ "type": "Feature", "properties": { "fid": 259, "id": 582, "grid_status": "sem ponto" }, "geometry": { "type": "Polygon", "coordinates": [ [ [ -49.109, -19.9823272 ], [ -48.909, -19.9823272 ], [ -48.909, -20.1823272 ], [ -49.109, -20.1823272 ], [ -49.109, -19.9823272 ] ] ] } },
{ "type": "Feature", "properties": { "fid": 260, "id": 583, "grid_status": "sem ponto" }, "geometry": { "type": "Polygon", "coordinates": [ [ [ -49.109, -20.1823272 ], [ -48.909, -20.1823272 ], [ -48.909, -20.3823272 ], [ -49.109, -20.3823272 ], [ -49.109, -20.1823272 ] ] ] } },
{ "type": "Feature", "properties": { "fid": 261, "id": 584, "grid_status": "sem ponto" }, "geometry": { "type": "Polygon", "coordinates": [ [ [ -49.109, -20.3823272 ], [ -48.909, -20.3823272 ], [ -48.909, -20.5823272 ], [ -49.109, -20.5823272 ], [ -49.109, -20.3823272 ] ] ] } },
{ "type": "Feature", "properties": { "fid": 262, "id": 585, "grid_status": "sem ponto" }, "geometry": { "type": "Polygon", "coordinates": [ [ [ -49.109, -20.5823272 ], [ -48.909, -20.5823272 ], [ -48.909, -20.7823272 ], [ -49.109, -20.7823272 ], [ -49.109, -20.5823272 ] ] ] } },
{ "type": "Feature", "properties": { "fid": 263, "id": 586, "grid_status": "sem ponto" }, "geometry": { "type": "Polygon", "coordinates": [ [ [ -49.109, -20.7823272 ], [ -48.909, -20.7823272 ], [ -48.909, -20.9823272 ], [ -49.109, -20.9823272 ], [ -49.109, -20.7823272 ] ] ] } },
{ "type": "Feature", "properties": { "fid": 264, "id": 587, "grid_status": "sem ponto" }, "geometry": { "type": "Polygon", "coordinates": [ [ [ -49.109, -20.9823272 ], [ -48.909, -20.9823272 ], [ -48.909, -21.1823272 ], [ -49.109, -21.1823272 ], [ -49.109, -20.9823272 ] ] ] } },
{ "type": "Feature", "properties": { "fid": 265, "id": 588, "grid_status": "sem ponto" }, "geometry": { "type": "Polygon", "coordinates": [ [ [ -49.109, -21.1823272 ], [ -48.909, -21.1823272 ], [ -48.909, -21.3823272 ], [ -49.109, -21.3823272 ], [ -49.109, -21.1823272 ] ] ] } },
{ "type": "Feature", "properties": { "fid": 266, "id": 589, "grid_status": "sem ponto" }, "geometry": { "type": "Polygon", "coordinates": [ [ [ -49.109, -21.3823272 ], [ -48.909, -21.3823272 ], [ -48.909, -21.5823272 ], [ -49.109, -21.5823272 ], [ -49.109, -21.3823272 ] ] ] } },
{ "type": "Feature", "properties": { "fid": 267, "id": 590, "grid_status": "sem ponto" }, "geometry": { "type": "Polygon", "coordinates": [ [ [ -49.109, -21.5823272 ], [ -48.909, -21.5823272 ], [ -48.909, -21.7823272 ], [ -49.109, -21.7823272 ], [ -49.109, -21.5823272 ] ] ] } },
{ "type": "Feature", "properties": { "fid": 268, "id": 591, "grid_status": "sem ponto" }, "geometry": { "type": "Polygon", "coordinates": [ [ [ -49.109, -21.7823272 ], [ -48.909, -21.7823272 ], [ -48.909, -21.9823272 ], [ -49.109, -21.9823272 ], [ -49.109, -21.7823272 ] ] ] } },
{ "type": "Feature", "properties": { "fid": 269, "id": 592, "grid_status": "sem ponto" }, "geometry": { "type": "Polygon", "coordinates": [ [ [ -49.109, -21.9823272 ], [ -48.909, -21.9823272 ], [ -48.909, -22.1823272 ], [ -49.109, -22.1823272 ], [ -49.109, -21.9823272 ] ] ] } },
{ "type": "Feature", "properties": { "fid": 270, "id": 593, "grid_status": "sem ponto" }, "geometry": { "type": "Polygon", "coordinates": [ [ [ -49.109, -22.1823272 ], [ -48.909, -22.1823272 ], [ -48.909, -22.3823272 ], [ -49.109, -22.3823272 ], [ -49.109, -22.1823272 ] ] ] } },
{ "type": "Feature", "properties": { "fid": 271, "id": 594, "grid_status": "sem ponto" }, "geometry": { "type": "Polygon", "coordinates": [ [ [ -49.109, -22.3823272 ], [ -48.909, -22.3823272 ], [ -48.909, -22.5823272 ], [ -49.109, -22.5823272 ], [ -49.109, -22.3823272 ] ] ] } },
{ "type": "Feature", "properties": { "fid": 272, "id": 595, "grid_status": "sem ponto" }, "geometry": { "type": "Polygon", "coordinates": [ [ [ -49.109, -22.5823272 ], [ -48.909, -22.5823272 ], [ -48.909, -22.7823272 ], [ -49.109, -22.7823272 ], [ -49.109, -22.5823272 ] ] ] } },
{ "type": "Feature", "properties": { "fid": 273, "id": 596, "grid_status": "sem ponto" }, "geometry": { "type": "Polygon", "coordinates": [ [ [ -49.109, -22.7823272 ], [ -48.909, -22.7823272 ], [ -48.909, -22.9823272 ], [ -49.109, -22.9823272 ], [ -49.109, -22.7823272 ] ] ] } },
{ "type": "Feature", "properties": { "fid": 274, "id": 597, "grid_status": "sem ponto" }, "geometry": { "type": "Polygon", "coordinates": [ [ [ -49.109, -22.9823272 ], [ -48.909, -22.9823272 ], [ -48.909, -23.1823272 ], [ -49.109, -23.1823272 ], [ -49.109, -22.9823272 ] ] ] } },
{ "type": "Feature", "properties": { "fid": 275, "id": 598, "grid_status": "sem ponto" }, "geometry": { "type": "Polygon", "coordinates": [ [ [ -49.109, -23.1823272 ], [ -48.909, -23.1823272 ], [ -48.909, -23.3823272 ], [ -49.109, -23.3823272 ], [ -49.109, -23.1823272 ] ] ] } },
{ "type": "Feature", "properties": { "fid": 276, "id": 599, "grid_status": "sem ponto" }, "geometry": { "type": "Polygon", "coordinates": [ [ [ -49.109, -23.3823272 ], [ -48.909, -23.3823272 ], [ -48.909, -23.5823272 ], [ -49.109, -23.5823272 ], [ -49.109, -23.3823272 ] ] ] } },
{ "type": "Feature", "properties": { "fid": 277, "id": 600, "grid_status": "sem ponto" }, "geometry": { "type": "Polygon", "coordinates": [ [ [ -49.109, -23.5823272 ], [ -48.909, -23.5823272 ], [ -48.909, -23.7823272 ], [ -49.109, -23.7823272 ], [ -49.109, -23.5823272 ] ] ] } },
{ "type": "Feature", "properties": { "fid": 278, "id": 601, "grid_status": "sem ponto" }, "geometry": { "type": "Polygon", "coordinates": [ [ [ -49.109, -23.7823272 ], [ -48.909, -23.7823272 ], [ -48.909, -23.9823272 ], [ -49.109, -23.9823272 ], [ -49.109, -23.7823272 ] ] ] } },
{ "type": "Feature", "properties": { "fid": 279, "id": 602, "grid_status": "sem ponto" }, "geometry": { "type": "Polygon", "coordinates": [ [ [ -49.109, -23.9823272 ], [ -48.909, -23.9823272 ], [ -48.909, -24.1823272 ], [ -49.109, -24.1823272 ], [ -49.109, -23.9823272 ] ] ] } },
{ "type": "Feature", "properties": { "fid": 280, "id": 603, "grid_status": "sem ponto" }, "geometry": { "type": "Polygon", "coordinates": [ [ [ -49.109, -24.1823272 ], [ -48.909, -24.1823272 ], [ -48.909, -24.3823272 ], [ -49.109, -24.3823272 ], [ -49.109, -24.1823272 ] ] ] } },
{ "type": "Feature", "properties": { "fid": 281, "id": 604, "grid_status": "sem ponto" }, "geometry": { "type": "Polygon", "coordinates": [ [ [ -49.109, -24.3823272 ], [ -48.909, -24.3823272 ], [ -48.909, -24.5823272 ], [ -49.109, -24.5823272 ], [ -49.109, -24.3823272 ] ] ] } },
{ "type": "Feature", "properties": { "fid": 282, "id": 605, "grid_status": "sem ponto" }, "geometry": { "type": "Polygon", "coordinates": [ [ [ -49.109, -24.5823272 ], [ -48.909, -24.5823272 ], [ -48.909, -24.7823272 ], [ -49.109, -24.7823272 ], [ -49.109, -24.5823272 ] ] ] } },
{ "type": "Feature", "properties": { "fid": 283, "id": 611, "grid_status": "sem ponto" }, "geometry": { "type": "Polygon", "coordinates": [ [ [ -48.909, -19.9823272 ], [ -48.709, -19.9823272 ], [ -48.709, -20.1823272 ], [ -48.909, -20.1823272 ], [ -48.909, -19.9823272 ] ] ] } },
{ "type": "Feature", "properties": { "fid": 284, "id": 612, "grid_status": "sem ponto" }, "geometry": { "type": "Polygon", "coordinates": [ [ [ -48.909, -20.1823272 ], [ -48.709, -20.1823272 ], [ -48.709, -20.3823272 ], [ -48.909, -20.3823272 ], [ -48.909, -20.1823272 ] ] ] } },
{ "type": "Feature", "properties": { "fid": 285, "id": 613, "grid_status": "sem ponto" }, "geometry": { "type": "Polygon", "coordinates": [ [ [ -48.909, -20.3823272 ], [ -48.709, -20.3823272 ], [ -48.709, -20.5823272 ], [ -48.909, -20.5823272 ], [ -48.909, -20.3823272 ] ] ] } },
{ "type": "Feature", "properties": { "fid": 286, "id": 614, "grid_status": "sem ponto" }, "geometry": { "type": "Polygon", "coordinates": [ [ [ -48.909, -20.5823272 ], [ -48.709, -20.5823272 ], [ -48.709, -20.7823272 ], [ -48.909, -20.7823272 ], [ -48.909, -20.5823272 ] ] ] } },
{ "type": "Feature", "properties": { "fid": 287, "id": 615, "grid_status": "sem ponto" }, "geometry": { "type": "Polygon", "coordinates": [ [ [ -48.909, -20.7823272 ], [ -48.709, -20.7823272 ], [ -48.709, -20.9823272 ], [ -48.909, -20.9823272 ], [ -48.909, -20.7823272 ] ] ] } },
{ "type": "Feature", "properties": { "fid": 288, "id": 616, "grid_status": "sem ponto" }, "geometry": { "type": "Polygon", "coordinates": [ [ [ -48.909, -20.9823272 ], [ -48.709, -20.9823272 ], [ -48.709, -21.1823272 ], [ -48.909, -21.1823272 ], [ -48.909, -20.9823272 ] ] ] } },
{ "type": "Feature", "properties": { "fid": 289, "id": 617, "grid_status": "sem ponto" }, "geometry": { "type": "Polygon", "coordinates": [ [ [ -48.909, -21.1823272 ], [ -48.709, -21.1823272 ], [ -48.709, -21.3823272 ], [ -48.909, -21.3823272 ], [ -48.909, -21.1823272 ] ] ] } },
{ "type": "Feature", "properties": { "fid": 290, "id": 618, "grid_status": "sem ponto" }, "geometry": { "type": "Polygon", "coordinates": [ [ [ -48.909, -21.3823272 ], [ -48.709, -21.3823272 ], [ -48.709, -21.5823272 ], [ -48.909, -21.5823272 ], [ -48.909, -21.3823272 ] ] ] } },
{ "type": "Feature", "properties": { "fid": 291, "id": 619, "grid_status": "sem ponto" }, "geometry": { "type": "Polygon", "coordinates": [ [ [ -48.909, -21.5823272 ], [ -48.709, -21.5823272 ], [ -48.709, -21.7823272 ], [ -48.909, -21.7823272 ], [ -48.909, -21.5823272 ] ] ] } },
{ "type": "Feature", "properties": { "fid": 292, "id": 620, "grid_status": "sem ponto" }, "geometry": { "type": "Polygon", "coordinates": [ [ [ -48.909, -21.7823272 ], [ -48.709, -21.7823272 ], [ -48.709, -21.9823272 ], [ -48.909, -21.9823272 ], [ -48.909, -21.7823272 ] ] ] } },
{ "type": "Feature", "properties": { "fid": 293, "id": 621, "grid_status": "sem ponto" }, "geometry": { "type": "Polygon", "coordinates": [ [ [ -48.909, -21.9823272 ], [ -48.709, -21.9823272 ], [ -48.709, -22.1823272 ], [ -48.909, -22.1823272 ], [ -48.909, -21.9823272 ] ] ] } },
{ "type": "Feature", "properties": { "fid": 294, "id": 622, "grid_status": "sem ponto" }, "geometry": { "type": "Polygon", "coordinates": [ [ [ -48.909, -22.1823272 ], [ -48.709, -22.1823272 ], [ -48.709, -22.3823272 ], [ -48.909, -22.3823272 ], [ -48.909, -22.1823272 ] ] ] } },
{ "type": "Feature", "properties": { "fid": 295, "id": 623, "grid_status": "sem ponto" }, "geometry": { "type": "Polygon", "coordinates": [ [ [ -48.909, -22.3823272 ], [ -48.709, -22.3823272 ], [ -48.709, -22.5823272 ], [ -48.909, -22.5823272 ], [ -48.909, -22.3823272 ] ] ] } },
{ "type": "Feature", "properties": { "fid": 296, "id": 624, "grid_status": "sem ponto" }, "geometry": { "type": "Polygon", "coordinates": [ [ [ -48.909, -22.5823272 ], [ -48.709, -22.5823272 ], [ -48.709, -22.7823272 ], [ -48.909, -22.7823272 ], [ -48.909, -22.5823272 ] ] ] } },
{ "type": "Feature", "properties": { "fid": 297, "id": 625, "grid_status": "sem ponto" }, "geometry": { "type": "Polygon", "coordinates": [ [ [ -48.909, -22.7823272 ], [ -48.709, -22.7823272 ], [ -48.709, -22.9823272 ], [ -48.909, -22.9823272 ], [ -48.909, -22.7823272 ] ] ] } },
{ "type": "Feature", "properties": { "fid": 298, "id": 626, "grid_status": "sem ponto" }, "geometry": { "type": "Polygon", "coordinates": [ [ [ -48.909, -22.9823272 ], [ -48.709, -22.9823272 ], [ -48.709, -23.1823272 ], [ -48.909, -23.1823272 ], [ -48.909, -22.9823272 ] ] ] } },
{ "type": "Feature", "properties": { "fid": 299, "id": 627, "grid_status": "sem ponto" }, "geometry": { "type": "Polygon", "coordinates": [ [ [ -48.909, -23.1823272 ], [ -48.709, -23.1823272 ], [ -48.709, -23.3823272 ], [ -48.909, -23.3823272 ], [ -48.909, -23.1823272 ] ] ] } },
{ "type": "Feature", "properties": { "fid": 300, "id": 628, "grid_status": "sem ponto" }, "geometry": { "type": "Polygon", "coordinates": [ [ [ -48.909, -23.3823272 ], [ -48.709, -23.3823272 ], [ -48.709, -23.5823272 ], [ -48.909, -23.5823272 ], [ -48.909, -23.3823272 ] ] ] } },
{ "type": "Feature", "properties": { "fid": 301, "id": 629, "grid_status": "sem ponto" }, "geometry": { "type": "Polygon", "coordinates": [ [ [ -48.909, -23.5823272 ], [ -48.709, -23.5823272 ], [ -48.709, -23.7823272 ], [ -48.909, -23.7823272 ], [ -48.909, -23.5823272 ] ] ] } },
{ "type": "Feature", "properties": { "fid": 302, "id": 630, "grid_status": "leucena" }, "geometry": { "type": "Polygon", "coordinates": [ [ [ -48.909, -23.7823272 ], [ -48.709, -23.7823272 ], [ -48.709, -23.9823272 ], [ -48.909, -23.9823272 ], [ -48.909, -23.7823272 ] ] ] } },
{ "type": "Feature", "properties": { "fid": 303, "id": 631, "grid_status": "leucena" }, "geometry": { "type": "Polygon", "coordinates": [ [ [ -48.909, -23.9823272 ], [ -48.709, -23.9823272 ], [ -48.709, -24.1823272 ], [ -48.909, -24.1823272 ], [ -48.909, -23.9823272 ] ] ] } },
{ "type": "Feature", "properties": { "fid": 304, "id": 632, "grid_status": "sem ponto" }, "geometry": { "type": "Polygon", "coordinates": [ [ [ -48.909, -24.1823272 ], [ -48.709, -24.1823272 ], [ -48.709, -24.3823272 ], [ -48.909, -24.3823272 ], [ -48.909, -24.1823272 ] ] ] } },
{ "type": "Feature", "properties": { "fid": 305, "id": 633, "grid_status": "sem ponto" }, "geometry": { "type": "Polygon", "coordinates": [ [ [ -48.909, -24.3823272 ], [ -48.709, -24.3823272 ], [ -48.709, -24.5823272 ], [ -48.909, -24.5823272 ], [ -48.909, -24.3823272 ] ] ] } },
{ "type": "Feature", "properties": { "fid": 306, "id": 634, "grid_status": "sem ponto" }, "geometry": { "type": "Polygon", "coordinates": [ [ [ -48.909, -24.5823272 ], [ -48.709, -24.5823272 ], [ -48.709, -24.7823272 ], [ -48.909, -24.7823272 ], [ -48.909, -24.5823272 ] ] ] } },
{ "type": "Feature", "properties": { "fid": 307, "id": 640, "grid_status": "sem ponto" }, "geometry": { "type": "Polygon", "coordinates": [ [ [ -48.709, -19.9823272 ], [ -48.509, -19.9823272 ], [ -48.509, -20.1823272 ], [ -48.709, -20.1823272 ], [ -48.709, -19.9823272 ] ] ] } },
{ "type": "Feature", "properties": { "fid": 308, "id": 641, "grid_status": "sem ponto" }, "geometry": { "type": "Polygon", "coordinates": [ [ [ -48.709, -20.1823272 ], [ -48.509, -20.1823272 ], [ -48.509, -20.3823272 ], [ -48.709, -20.3823272 ], [ -48.709, -20.1823272 ] ] ] } },
{ "type": "Feature", "properties": { "fid": 309, "id": 642, "grid_status": "sem ponto" }, "geometry": { "type": "Polygon", "coordinates": [ [ [ -48.709, -20.3823272 ], [ -48.509, -20.3823272 ], [ -48.509, -20.5823272 ], [ -48.709, -20.5823272 ], [ -48.709, -20.3823272 ] ] ] } },
{ "type": "Feature", "properties": { "fid": 310, "id": 643, "grid_status": "sem ponto" }, "geometry": { "type": "Polygon", "coordinates": [ [ [ -48.709, -20.5823272 ], [ -48.509, -20.5823272 ], [ -48.509, -20.7823272 ], [ -48.709, -20.7823272 ], [ -48.709, -20.5823272 ] ] ] } },
{ "type": "Feature", "properties": { "fid": 311, "id": 644, "grid_status": "sem ponto" }, "geometry": { "type": "Polygon", "coordinates": [ [ [ -48.709, -20.7823272 ], [ -48.509, -20.7823272 ], [ -48.509, -20.9823272 ], [ -48.709, -20.9823272 ], [ -48.709, -20.7823272 ] ] ] } },
{ "type": "Feature", "properties": { "fid": 312, "id": 645, "grid_status": "sem ponto" }, "geometry": { "type": "Polygon", "coordinates": [ [ [ -48.709, -20.9823272 ], [ -48.509, -20.9823272 ], [ -48.509, -21.1823272 ], [ -48.709, -21.1823272 ], [ -48.709, -20.9823272 ] ] ] } },
{ "type": "Feature", "properties": { "fid": 313, "id": 646, "grid_status": "sem ponto" }, "geometry": { "type": "Polygon", "coordinates": [ [ [ -48.709, -21.1823272 ], [ -48.509, -21.1823272 ], [ -48.509, -21.3823272 ], [ -48.709, -21.3823272 ], [ -48.709, -21.1823272 ] ] ] } },
{ "type": "Feature", "properties": { "fid": 314, "id": 647, "grid_status": "sem ponto" }, "geometry": { "type": "Polygon", "coordinates": [ [ [ -48.709, -21.3823272 ], [ -48.509, -21.3823272 ], [ -48.509, -21.5823272 ], [ -48.709, -21.5823272 ], [ -48.709, -21.3823272 ] ] ] } },
{ "type": "Feature", "properties": { "fid": 315, "id": 648, "grid_status": "sem ponto" }, "geometry": { "type": "Polygon", "coordinates": [ [ [ -48.709, -21.5823272 ], [ -48.509, -21.5823272 ], [ -48.509, -21.7823272 ], [ -48.709, -21.7823272 ], [ -48.709, -21.5823272 ] ] ] } },
{ "type": "Feature", "properties": { "fid": 316, "id": 649, "grid_status": "sem ponto" }, "geometry": { "type": "Polygon", "coordinates": [ [ [ -48.709, -21.7823272 ], [ -48.509, -21.7823272 ], [ -48.509, -21.9823272 ], [ -48.709, -21.9823272 ], [ -48.709, -21.7823272 ] ] ] } },
{ "type": "Feature", "properties": { "fid": 317, "id": 650, "grid_status": "sem ponto" }, "geometry": { "type": "Polygon", "coordinates": [ [ [ -48.709, -21.9823272 ], [ -48.509, -21.9823272 ], [ -48.509, -22.1823272 ], [ -48.709, -22.1823272 ], [ -48.709, -21.9823272 ] ] ] } },
{ "type": "Feature", "properties": { "fid": 318, "id": 651, "grid_status": "sem ponto" }, "geometry": { "type": "Polygon", "coordinates": [ [ [ -48.709, -22.1823272 ], [ -48.509, -22.1823272 ], [ -48.509, -22.3823272 ], [ -48.709, -22.3823272 ], [ -48.709, -22.1823272 ] ] ] } },
{ "type": "Feature", "properties": { "fid": 319, "id": 652, "grid_status": "sem ponto" }, "geometry": { "type": "Polygon", "coordinates": [ [ [ -48.709, -22.3823272 ], [ -48.509, -22.3823272 ], [ -48.509, -22.5823272 ], [ -48.709, -22.5823272 ], [ -48.709, -22.3823272 ] ] ] } },
{ "type": "Feature", "properties": { "fid": 320, "id": 653, "grid_status": "sem ponto" }, "geometry": { "type": "Polygon", "coordinates": [ [ [ -48.709, -22.5823272 ], [ -48.509, -22.5823272 ], [ -48.509, -22.7823272 ], [ -48.709, -22.7823272 ], [ -48.709, -22.5823272 ] ] ] } },
{ "type": "Feature", "properties": { "fid": 321, "id": 654, "grid_status": "sem ponto" }, "geometry": { "type": "Polygon", "coordinates": [ [ [ -48.709, -22.7823272 ], [ -48.509, -22.7823272 ], [ -48.509, -22.9823272 ], [ -48.709, -22.9823272 ], [ -48.709, -22.7823272 ] ] ] } },
{ "type": "Feature", "properties": { "fid": 322, "id": 655, "grid_status": "sem ponto" }, "geometry": { "type": "Polygon", "coordinates": [ [ [ -48.709, -22.9823272 ], [ -48.509, -22.9823272 ], [ -48.509, -23.1823272 ], [ -48.709, -23.1823272 ], [ -48.709, -22.9823272 ] ] ] } },
{ "type": "Feature", "properties": { "fid": 323, "id": 656, "grid_status": "sem ponto" }, "geometry": { "type": "Polygon", "coordinates": [ [ [ -48.709, -23.1823272 ], [ -48.509, -23.1823272 ], [ -48.509, -23.3823272 ], [ -48.709, -23.3823272 ], [ -48.709, -23.1823272 ] ] ] } },
{ "type": "Feature", "properties": { "fid": 324, "id": 657, "grid_status": "sem ponto" }, "geometry": { "type": "Polygon", "coordinates": [ [ [ -48.709, -23.3823272 ], [ -48.509, -23.3823272 ], [ -48.509, -23.5823272 ], [ -48.709, -23.5823272 ], [ -48.709, -23.3823272 ] ] ] } },
{ "type": "Feature", "properties": { "fid": 325, "id": 658, "grid_status": "sem ponto" }, "geometry": { "type": "Polygon", "coordinates": [ [ [ -48.709, -23.5823272 ], [ -48.509, -23.5823272 ], [ -48.509, -23.7823272 ], [ -48.709, -23.7823272 ], [ -48.709, -23.5823272 ] ] ] } },
{ "type": "Feature", "properties": { "fid": 326, "id": 659, "grid_status": "sem ponto" }, "geometry": { "type": "Polygon", "coordinates": [ [ [ -48.709, -23.7823272 ], [ -48.509, -23.7823272 ], [ -48.509, -23.9823272 ], [ -48.709, -23.9823272 ], [ -48.709, -23.7823272 ] ] ] } },
{ "type": "Feature", "properties": { "fid": 327, "id": 660, "grid_status": "sem ponto" }, "geometry": { "type": "Polygon", "coordinates": [ [ [ -48.709, -23.9823272 ], [ -48.509, -23.9823272 ], [ -48.509, -24.1823272 ], [ -48.709, -24.1823272 ], [ -48.709, -23.9823272 ] ] ] } },
{ "type": "Feature", "properties": { "fid": 328, "id": 661, "grid_status": "sem ponto" }, "geometry": { "type": "Polygon", "coordinates": [ [ [ -48.709, -24.1823272 ], [ -48.509, -24.1823272 ], [ -48.509, -24.3823272 ], [ -48.709, -24.3823272 ], [ -48.709, -24.1823272 ] ] ] } },
{ "type": "Feature", "properties": { "fid": 329, "id": 662, "grid_status": "sem ponto" }, "geometry": { "type": "Polygon", "coordinates": [ [ [ -48.709, -24.3823272 ], [ -48.509, -24.3823272 ], [ -48.509, -24.5823272 ], [ -48.709, -24.5823272 ], [ -48.709, -24.3823272 ] ] ] } },
{ "type": "Feature", "properties": { "fid": 330, "id": 663, "grid_status": "sem ponto" }, "geometry": { "type": "Polygon", "coordinates": [ [ [ -48.709, -24.5823272 ], [ -48.509, -24.5823272 ], [ -48.509, -24.7823272 ], [ -48.709, -24.7823272 ], [ -48.709, -24.5823272 ] ] ] } },
{ "type": "Feature", "properties": { "fid": 331, "id": 664, "grid_status": "sem ponto" }, "geometry": { "type": "Polygon", "coordinates": [ [ [ -48.709, -24.7823272 ], [ -48.509, -24.7823272 ], [ -48.509, -24.9823272 ], [ -48.709, -24.9823272 ], [ -48.709, -24.7823272 ] ] ] } },
{ "type": "Feature", "properties": { "fid": 332, "id": 665, "grid_status": "sem ponto" }, "geometry": { "type": "Polygon", "coordinates": [ [ [ -48.709, -24.9823272 ], [ -48.509, -24.9823272 ], [ -48.509, -25.1823272 ], [ -48.709, -25.1823272 ], [ -48.709, -24.9823272 ] ] ] } },
{ "type": "Feature", "properties": { "fid": 333, "id": 669, "grid_status": "sem ponto" }, "geometry": { "type": "Polygon", "coordinates": [ [ [ -48.509, -19.9823272 ], [ -48.309, -19.9823272 ], [ -48.309, -20.1823272 ], [ -48.509, -20.1823272 ], [ -48.509, -19.9823272 ] ] ] } },
{ "type": "Feature", "properties": { "fid": 334, "id": 670, "grid_status": "sem ponto" }, "geometry": { "type": "Polygon", "coordinates": [ [ [ -48.509, -20.1823272 ], [ -48.309, -20.1823272 ], [ -48.309, -20.3823272 ], [ -48.509, -20.3823272 ], [ -48.509, -20.1823272 ] ] ] } },
{ "type": "Feature", "properties": { "fid": 335, "id": 671, "grid_status": "sem ponto" }, "geometry": { "type": "Polygon", "coordinates": [ [ [ -48.509, -20.3823272 ], [ -48.309, -20.3823272 ], [ -48.309, -20.5823272 ], [ -48.509, -20.5823272 ], [ -48.509, -20.3823272 ] ] ] } },
{ "type": "Feature", "properties": { "fid": 336, "id": 672, "grid_status": "sem ponto" }, "geometry": { "type": "Polygon", "coordinates": [ [ [ -48.509, -20.5823272 ], [ -48.309, -20.5823272 ], [ -48.309, -20.7823272 ], [ -48.509, -20.7823272 ], [ -48.509, -20.5823272 ] ] ] } },
{ "type": "Feature", "properties": { "fid": 337, "id": 673, "grid_status": "sem ponto" }, "geometry": { "type": "Polygon", "coordinates": [ [ [ -48.509, -20.7823272 ], [ -48.309, -20.7823272 ], [ -48.309, -20.9823272 ], [ -48.509, -20.9823272 ], [ -48.509, -20.7823272 ] ] ] } },
{ "type": "Feature", "properties": { "fid": 338, "id": 674, "grid_status": "sem ponto" }, "geometry": { "type": "Polygon", "coordinates": [ [ [ -48.509, -20.9823272 ], [ -48.309, -20.9823272 ], [ -48.309, -21.1823272 ], [ -48.509, -21.1823272 ], [ -48.509, -20.9823272 ] ] ] } },
{ "type": "Feature", "properties": { "fid": 339, "id": 675, "grid_status": "sem ponto" }, "geometry": { "type": "Polygon", "coordinates": [ [ [ -48.509, -21.1823272 ], [ -48.309, -21.1823272 ], [ -48.309, -21.3823272 ], [ -48.509, -21.3823272 ], [ -48.509, -21.1823272 ] ] ] } },
{ "type": "Feature", "properties": { "fid": 340, "id": 676, "grid_status": "sem ponto" }, "geometry": { "type": "Polygon", "coordinates": [ [ [ -48.509, -21.3823272 ], [ -48.309, -21.3823272 ], [ -48.309, -21.5823272 ], [ -48.509, -21.5823272 ], [ -48.509, -21.3823272 ] ] ] } },
{ "type": "Feature", "properties": { "fid": 341, "id": 677, "grid_status": "sem ponto" }, "geometry": { "type": "Polygon", "coordinates": [ [ [ -48.509, -21.5823272 ], [ -48.309, -21.5823272 ], [ -48.309, -21.7823272 ], [ -48.509, -21.7823272 ], [ -48.509, -21.5823272 ] ] ] } },
{ "type": "Feature", "properties": { "fid": 342, "id": 678, "grid_status": "sem ponto" }, "geometry": { "type": "Polygon", "coordinates": [ [ [ -48.509, -21.7823272 ], [ -48.309, -21.7823272 ], [ -48.309, -21.9823272 ], [ -48.509, -21.9823272 ], [ -48.509, -21.7823272 ] ] ] } },
{ "type": "Feature", "properties": { "fid": 343, "id": 679, "grid_status": "sem ponto" }, "geometry": { "type": "Polygon", "coordinates": [ [ [ -48.509, -21.9823272 ], [ -48.309, -21.9823272 ], [ -48.309, -22.1823272 ], [ -48.509, -22.1823272 ], [ -48.509, -21.9823272 ] ] ] } },
{ "type": "Feature", "properties": { "fid": 344, "id": 680, "grid_status": "sem ponto" }, "geometry": { "type": "Polygon", "coordinates": [ [ [ -48.509, -22.1823272 ], [ -48.309, -22.1823272 ], [ -48.309, -22.3823272 ], [ -48.509, -22.3823272 ], [ -48.509, -22.1823272 ] ] ] } },
{ "type": "Feature", "properties": { "fid": 345, "id": 681, "grid_status": "sem ponto" }, "geometry": { "type": "Polygon", "coordinates": [ [ [ -48.509, -22.3823272 ], [ -48.309, -22.3823272 ], [ -48.309, -22.5823272 ], [ -48.509, -22.5823272 ], [ -48.509, -22.3823272 ] ] ] } },
{ "type": "Feature", "properties": { "fid": 346, "id": 682, "grid_status": "sem ponto" }, "geometry": { "type": "Polygon", "coordinates": [ [ [ -48.509, -22.5823272 ], [ -48.309, -22.5823272 ], [ -48.309, -22.7823272 ], [ -48.509, -22.7823272 ], [ -48.509, -22.5823272 ] ] ] } },
{ "type": "Feature", "properties": { "fid": 347, "id": 683, "grid_status": "leucena" }, "geometry": { "type": "Polygon", "coordinates": [ [ [ -48.509, -22.7823272 ], [ -48.309, -22.7823272 ], [ -48.309, -22.9823272 ], [ -48.509, -22.9823272 ], [ -48.509, -22.7823272 ] ] ] } },
{ "type": "Feature", "properties": { "fid": 348, "id": 684, "grid_status": "sem ponto" }, "geometry": { "type": "Polygon", "coordinates": [ [ [ -48.509, -22.9823272 ], [ -48.309, -22.9823272 ], [ -48.309, -23.1823272 ], [ -48.509, -23.1823272 ], [ -48.509, -22.9823272 ] ] ] } },
{ "type": "Feature", "properties": { "fid": 349, "id": 685, "grid_status": "sem ponto" }, "geometry": { "type": "Polygon", "coordinates": [ [ [ -48.509, -23.1823272 ], [ -48.309, -23.1823272 ], [ -48.309, -23.3823272 ], [ -48.509, -23.3823272 ], [ -48.509, -23.1823272 ] ] ] } },
{ "type": "Feature", "properties": { "fid": 350, "id": 686, "grid_status": "sem ponto" }, "geometry": { "type": "Polygon", "coordinates": [ [ [ -48.509, -23.3823272 ], [ -48.309, -23.3823272 ], [ -48.309, -23.5823272 ], [ -48.509, -23.5823272 ], [ -48.509, -23.3823272 ] ] ] } },
{ "type": "Feature", "properties": { "fid": 351, "id": 687, "grid_status": "sem ponto" }, "geometry": { "type": "Polygon", "coordinates": [ [ [ -48.509, -23.5823272 ], [ -48.309, -23.5823272 ], [ -48.309, -23.7823272 ], [ -48.509, -23.7823272 ], [ -48.509, -23.5823272 ] ] ] } },
{ "type": "Feature", "properties": { "fid": 352, "id": 688, "grid_status": "sem ponto" }, "geometry": { "type": "Polygon", "coordinates": [ [ [ -48.509, -23.7823272 ], [ -48.309, -23.7823272 ], [ -48.309, -23.9823272 ], [ -48.509, -23.9823272 ], [ -48.509, -23.7823272 ] ] ] } },
{ "type": "Feature", "properties": { "fid": 353, "id": 689, "grid_status": "sem ponto" }, "geometry": { "type": "Polygon", "coordinates": [ [ [ -48.509, -23.9823272 ], [ -48.309, -23.9823272 ], [ -48.309, -24.1823272 ], [ -48.509, -24.1823272 ], [ -48.509, -23.9823272 ] ] ] } },
{ "type": "Feature", "properties": { "fid": 354, "id": 690, "grid_status": "sem ponto" }, "geometry": { "type": "Polygon", "coordinates": [ [ [ -48.509, -24.1823272 ], [ -48.309, -24.1823272 ], [ -48.309, -24.3823272 ], [ -48.509, -24.3823272 ], [ -48.509, -24.1823272 ] ] ] } },
{ "type": "Feature", "properties": { "fid": 355, "id": 691, "grid_status": "sem ponto" }, "geometry": { "type": "Polygon", "coordinates": [ [ [ -48.509, -24.3823272 ], [ -48.309, -24.3823272 ], [ -48.309, -24.5823272 ], [ -48.509, -24.5823272 ], [ -48.509, -24.3823272 ] ] ] } },
{ "type": "Feature", "properties": { "fid": 356, "id": 692, "grid_status": "sem ponto" }, "geometry": { "type": "Polygon", "coordinates": [ [ [ -48.509, -24.5823272 ], [ -48.309, -24.5823272 ], [ -48.309, -24.7823272 ], [ -48.509, -24.7823272 ], [ -48.509, -24.5823272 ] ] ] } },
{ "type": "Feature", "properties": { "fid": 357, "id": 693, "grid_status": "sem ponto" }, "geometry": { "type": "Polygon", "coordinates": [ [ [ -48.509, -24.7823272 ], [ -48.309, -24.7823272 ], [ -48.309, -24.9823272 ], [ -48.509, -24.9823272 ], [ -48.509, -24.7823272 ] ] ] } },
{ "type": "Feature", "properties": { "fid": 358, "id": 694, "grid_status": "sem ponto" }, "geometry": { "type": "Polygon", "coordinates": [ [ [ -48.509, -24.9823272 ], [ -48.309, -24.9823272 ], [ -48.309, -25.1823272 ], [ -48.509, -25.1823272 ], [ -48.509, -24.9823272 ] ] ] } },
{ "type": "Feature", "properties": { "fid": 359, "id": 698, "grid_status": "sem ponto" }, "geometry": { "type": "Polygon", "coordinates": [ [ [ -48.309, -19.9823272 ], [ -48.109, -19.9823272 ], [ -48.109, -20.1823272 ], [ -48.309, -20.1823272 ], [ -48.309, -19.9823272 ] ] ] } },
{ "type": "Feature", "properties": { "fid": 360, "id": 699, "grid_status": "sem ponto" }, "geometry": { "type": "Polygon", "coordinates": [ [ [ -48.309, -20.1823272 ], [ -48.109, -20.1823272 ], [ -48.109, -20.3823272 ], [ -48.309, -20.3823272 ], [ -48.309, -20.1823272 ] ] ] } },
{ "type": "Feature", "properties": { "fid": 361, "id": 700, "grid_status": "sem ponto" }, "geometry": { "type": "Polygon", "coordinates": [ [ [ -48.309, -20.3823272 ], [ -48.109, -20.3823272 ], [ -48.109, -20.5823272 ], [ -48.309, -20.5823272 ], [ -48.309, -20.3823272 ] ] ] } },
{ "type": "Feature", "properties": { "fid": 362, "id": 701, "grid_status": "sem ponto" }, "geometry": { "type": "Polygon", "coordinates": [ [ [ -48.309, -20.5823272 ], [ -48.109, -20.5823272 ], [ -48.109, -20.7823272 ], [ -48.309, -20.7823272 ], [ -48.309, -20.5823272 ] ] ] } },
{ "type": "Feature", "properties": { "fid": 363, "id": 702, "grid_status": "sem ponto" }, "geometry": { "type": "Polygon", "coordinates": [ [ [ -48.309, -20.7823272 ], [ -48.109, -20.7823272 ], [ -48.109, -20.9823272 ], [ -48.309, -20.9823272 ], [ -48.309, -20.7823272 ] ] ] } },
{ "type": "Feature", "properties": { "fid": 364, "id": 703, "grid_status": "sem ponto" }, "geometry": { "type": "Polygon", "coordinates": [ [ [ -48.309, -20.9823272 ], [ -48.109, -20.9823272 ], [ -48.109, -21.1823272 ], [ -48.309, -21.1823272 ], [ -48.309, -20.9823272 ] ] ] } },
{ "type": "Feature", "properties": { "fid": 365, "id": 704, "grid_status": "sem ponto" }, "geometry": { "type": "Polygon", "coordinates": [ [ [ -48.309, -21.1823272 ], [ -48.109, -21.1823272 ], [ -48.109, -21.3823272 ], [ -48.309, -21.3823272 ], [ -48.309, -21.1823272 ] ] ] } },
{ "type": "Feature", "properties": { "fid": 366, "id": 705, "grid_status": "sem ponto" }, "geometry": { "type": "Polygon", "coordinates": [ [ [ -48.309, -21.3823272 ], [ -48.109, -21.3823272 ], [ -48.109, -21.5823272 ], [ -48.309, -21.5823272 ], [ -48.309, -21.3823272 ] ] ] } },
{ "type": "Feature", "properties": { "fid": 367, "id": 706, "grid_status": "sem ponto" }, "geometry": { "type": "Polygon", "coordinates": [ [ [ -48.309, -21.5823272 ], [ -48.109, -21.5823272 ], [ -48.109, -21.7823272 ], [ -48.309, -21.7823272 ], [ -48.309, -21.5823272 ] ] ] } },
{ "type": "Feature", "properties": { "fid": 368, "id": 707, "grid_status": "leucena" }, "geometry": { "type": "Polygon", "coordinates": [ [ [ -48.309, -21.7823272 ], [ -48.109, -21.7823272 ], [ -48.109, -21.9823272 ], [ -48.309, -21.9823272 ], [ -48.309, -21.7823272 ] ] ] } },
{ "type": "Feature", "properties": { "fid": 369, "id": 708, "grid_status": "sem ponto" }, "geometry": { "type": "Polygon", "coordinates": [ [ [ -48.309, -21.9823272 ], [ -48.109, -21.9823272 ], [ -48.109, -22.1823272 ], [ -48.309, -22.1823272 ], [ -48.309, -21.9823272 ] ] ] } },
{ "type": "Feature", "properties": { "fid": 370, "id": 709, "grid_status": "sem ponto" }, "geometry": { "type": "Polygon", "coordinates": [ [ [ -48.309, -22.1823272 ], [ -48.109, -22.1823272 ], [ -48.109, -22.3823272 ], [ -48.309, -22.3823272 ], [ -48.309, -22.1823272 ] ] ] } },
{ "type": "Feature", "properties": { "fid": 371, "id": 710, "grid_status": "sem ponto" }, "geometry": { "type": "Polygon", "coordinates": [ [ [ -48.309, -22.3823272 ], [ -48.109, -22.3823272 ], [ -48.109, -22.5823272 ], [ -48.309, -22.5823272 ], [ -48.309, -22.3823272 ] ] ] } },
{ "type": "Feature", "properties": { "fid": 372, "id": 711, "grid_status": "sem ponto" }, "geometry": { "type": "Polygon", "coordinates": [ [ [ -48.309, -22.5823272 ], [ -48.109, -22.5823272 ], [ -48.109, -22.7823272 ], [ -48.309, -22.7823272 ], [ -48.309, -22.5823272 ] ] ] } },
{ "type": "Feature", "properties": { "fid": 373, "id": 712, "grid_status": "sem ponto" }, "geometry": { "type": "Polygon", "coordinates": [ [ [ -48.309, -22.7823272 ], [ -48.109, -22.7823272 ], [ -48.109, -22.9823272 ], [ -48.309, -22.9823272 ], [ -48.309, -22.7823272 ] ] ] } },
{ "type": "Feature", "properties": { "fid": 374, "id": 713, "grid_status": "sem ponto" }, "geometry": { "type": "Polygon", "coordinates": [ [ [ -48.309, -22.9823272 ], [ -48.109, -22.9823272 ], [ -48.109, -23.1823272 ], [ -48.309, -23.1823272 ], [ -48.309, -22.9823272 ] ] ] } },
{ "type": "Feature", "properties": { "fid": 375, "id": 714, "grid_status": "sem ponto" }, "geometry": { "type": "Polygon", "coordinates": [ [ [ -48.309, -23.1823272 ], [ -48.109, -23.1823272 ], [ -48.109, -23.3823272 ], [ -48.309, -23.3823272 ], [ -48.309, -23.1823272 ] ] ] } },
{ "type": "Feature", "properties": { "fid": 376, "id": 715, "grid_status": "sem ponto" }, "geometry": { "type": "Polygon", "coordinates": [ [ [ -48.309, -23.3823272 ], [ -48.109, -23.3823272 ], [ -48.109, -23.5823272 ], [ -48.309, -23.5823272 ], [ -48.309, -23.3823272 ] ] ] } },
{ "type": "Feature", "properties": { "fid": 377, "id": 716, "grid_status": "sem ponto" }, "geometry": { "type": "Polygon", "coordinates": [ [ [ -48.309, -23.5823272 ], [ -48.109, -23.5823272 ], [ -48.109, -23.7823272 ], [ -48.309, -23.7823272 ], [ -48.309, -23.5823272 ] ] ] } },
{ "type": "Feature", "properties": { "fid": 378, "id": 717, "grid_status": "sem ponto" }, "geometry": { "type": "Polygon", "coordinates": [ [ [ -48.309, -23.7823272 ], [ -48.109, -23.7823272 ], [ -48.109, -23.9823272 ], [ -48.309, -23.9823272 ], [ -48.309, -23.7823272 ] ] ] } },
{ "type": "Feature", "properties": { "fid": 379, "id": 718, "grid_status": "sem ponto" }, "geometry": { "type": "Polygon", "coordinates": [ [ [ -48.309, -23.9823272 ], [ -48.109, -23.9823272 ], [ -48.109, -24.1823272 ], [ -48.309, -24.1823272 ], [ -48.309, -23.9823272 ] ] ] } },
{ "type": "Feature", "properties": { "fid": 380, "id": 719, "grid_status": "sem ponto" }, "geometry": { "type": "Polygon", "coordinates": [ [ [ -48.309, -24.1823272 ], [ -48.109, -24.1823272 ], [ -48.109, -24.3823272 ], [ -48.309, -24.3823272 ], [ -48.309, -24.1823272 ] ] ] } },
{ "type": "Feature", "properties": { "fid": 381, "id": 720, "grid_status": "sem ponto" }, "geometry": { "type": "Polygon", "coordinates": [ [ [ -48.309, -24.3823272 ], [ -48.109, -24.3823272 ], [ -48.109, -24.5823272 ], [ -48.309, -24.5823272 ], [ -48.309, -24.3823272 ] ] ] } },
{ "type": "Feature", "properties": { "fid": 382, "id": 721, "grid_status": "sem ponto" }, "geometry": { "type": "Polygon", "coordinates": [ [ [ -48.309, -24.5823272 ], [ -48.109, -24.5823272 ], [ -48.109, -24.7823272 ], [ -48.309, -24.7823272 ], [ -48.309, -24.5823272 ] ] ] } },
{ "type": "Feature", "properties": { "fid": 383, "id": 722, "grid_status": "sem ponto" }, "geometry": { "type": "Polygon", "coordinates": [ [ [ -48.309, -24.7823272 ], [ -48.109, -24.7823272 ], [ -48.109, -24.9823272 ], [ -48.309, -24.9823272 ], [ -48.309, -24.7823272 ] ] ] } },
{ "type": "Feature", "properties": { "fid": 384, "id": 723, "grid_status": "sem ponto" }, "geometry": { "type": "Polygon", "coordinates": [ [ [ -48.309, -24.9823272 ], [ -48.109, -24.9823272 ], [ -48.109, -25.1823272 ], [ -48.309, -25.1823272 ], [ -48.309, -24.9823272 ] ] ] } },
{ "type": "Feature", "properties": { "fid": 385, "id": 724, "grid_status": "sem ponto" }, "geometry": { "type": "Polygon", "coordinates": [ [ [ -48.309, -25.1823272 ], [ -48.109, -25.1823272 ], [ -48.109, -25.3823272 ], [ -48.309, -25.3823272 ], [ -48.309, -25.1823272 ] ] ] } },
{ "type": "Feature", "properties": { "fid": 386, "id": 727, "grid_status": "sem ponto" }, "geometry": { "type": "Polygon", "coordinates": [ [ [ -48.109, -19.9823272 ], [ -47.909, -19.9823272 ], [ -47.909, -20.1823272 ], [ -48.109, -20.1823272 ], [ -48.109, -19.9823272 ] ] ] } },
{ "type": "Feature", "properties": { "fid": 387, "id": 728, "grid_status": "sem ponto" }, "geometry": { "type": "Polygon", "coordinates": [ [ [ -48.109, -20.1823272 ], [ -47.909, -20.1823272 ], [ -47.909, -20.3823272 ], [ -48.109, -20.3823272 ], [ -48.109, -20.1823272 ] ] ] } },
{ "type": "Feature", "properties": { "fid": 388, "id": 729, "grid_status": "sem ponto" }, "geometry": { "type": "Polygon", "coordinates": [ [ [ -48.109, -20.3823272 ], [ -47.909, -20.3823272 ], [ -47.909, -20.5823272 ], [ -48.109, -20.5823272 ], [ -48.109, -20.3823272 ] ] ] } },
{ "type": "Feature", "properties": { "fid": 389, "id": 730, "grid_status": "sem ponto" }, "geometry": { "type": "Polygon", "coordinates": [ [ [ -48.109, -20.5823272 ], [ -47.909, -20.5823272 ], [ -47.909, -20.7823272 ], [ -48.109, -20.7823272 ], [ -48.109, -20.5823272 ] ] ] } },
{ "type": "Feature", "properties": { "fid": 390, "id": 731, "grid_status": "sem ponto" }, "geometry": { "type": "Polygon", "coordinates": [ [ [ -48.109, -20.7823272 ], [ -47.909, -20.7823272 ], [ -47.909, -20.9823272 ], [ -48.109, -20.9823272 ], [ -48.109, -20.7823272 ] ] ] } },
{ "type": "Feature", "properties": { "fid": 391, "id": 732, "grid_status": "sem ponto" }, "geometry": { "type": "Polygon", "coordinates": [ [ [ -48.109, -20.9823272 ], [ -47.909, -20.9823272 ], [ -47.909, -21.1823272 ], [ -48.109, -21.1823272 ], [ -48.109, -20.9823272 ] ] ] } },
{ "type": "Feature", "properties": { "fid": 392, "id": 733, "grid_status": "sem ponto" }, "geometry": { "type": "Polygon", "coordinates": [ [ [ -48.109, -21.1823272 ], [ -47.909, -21.1823272 ], [ -47.909, -21.3823272 ], [ -48.109, -21.3823272 ], [ -48.109, -21.1823272 ] ] ] } },
{ "type": "Feature", "properties": { "fid": 393, "id": 734, "grid_status": "sem ponto" }, "geometry": { "type": "Polygon", "coordinates": [ [ [ -48.109, -21.3823272 ], [ -47.909, -21.3823272 ], [ -47.909, -21.5823272 ], [ -48.109, -21.5823272 ], [ -48.109, -21.3823272 ] ] ] } },
{ "type": "Feature", "properties": { "fid": 394, "id": 735, "grid_status": "sem ponto" }, "geometry": { "type": "Polygon", "coordinates": [ [ [ -48.109, -21.5823272 ], [ -47.909, -21.5823272 ], [ -47.909, -21.7823272 ], [ -48.109, -21.7823272 ], [ -48.109, -21.5823272 ] ] ] } },
{ "type": "Feature", "properties": { "fid": 395, "id": 736, "grid_status": "sem ponto" }, "geometry": { "type": "Polygon", "coordinates": [ [ [ -48.109, -21.7823272 ], [ -47.909, -21.7823272 ], [ -47.909, -21.9823272 ], [ -48.109, -21.9823272 ], [ -48.109, -21.7823272 ] ] ] } },
{ "type": "Feature", "properties": { "fid": 396, "id": 737, "grid_status": "sem ponto" }, "geometry": { "type": "Polygon", "coordinates": [ [ [ -48.109, -21.9823272 ], [ -47.909, -21.9823272 ], [ -47.909, -22.1823272 ], [ -48.109, -22.1823272 ], [ -48.109, -21.9823272 ] ] ] } },
{ "type": "Feature", "properties": { "fid": 397, "id": 738, "grid_status": "sem ponto" }, "geometry": { "type": "Polygon", "coordinates": [ [ [ -48.109, -22.1823272 ], [ -47.909, -22.1823272 ], [ -47.909, -22.3823272 ], [ -48.109, -22.3823272 ], [ -48.109, -22.1823272 ] ] ] } },
{ "type": "Feature", "properties": { "fid": 398, "id": 739, "grid_status": "sem ponto" }, "geometry": { "type": "Polygon", "coordinates": [ [ [ -48.109, -22.3823272 ], [ -47.909, -22.3823272 ], [ -47.909, -22.5823272 ], [ -48.109, -22.5823272 ], [ -48.109, -22.3823272 ] ] ] } },
{ "type": "Feature", "properties": { "fid": 399, "id": 740, "grid_status": "sem ponto" }, "geometry": { "type": "Polygon", "coordinates": [ [ [ -48.109, -22.5823272 ], [ -47.909, -22.5823272 ], [ -47.909, -22.7823272 ], [ -48.109, -22.7823272 ], [ -48.109, -22.5823272 ] ] ] } },
{ "type": "Feature", "properties": { "fid": 400, "id": 741, "grid_status": "sem ponto" }, "geometry": { "type": "Polygon", "coordinates": [ [ [ -48.109, -22.7823272 ], [ -47.909, -22.7823272 ], [ -47.909, -22.9823272 ], [ -48.109, -22.9823272 ], [ -48.109, -22.7823272 ] ] ] } },
{ "type": "Feature", "properties": { "fid": 401, "id": 742, "grid_status": "sem ponto" }, "geometry": { "type": "Polygon", "coordinates": [ [ [ -48.109, -22.9823272 ], [ -47.909, -22.9823272 ], [ -47.909, -23.1823272 ], [ -48.109, -23.1823272 ], [ -48.109, -22.9823272 ] ] ] } },
{ "type": "Feature", "properties": { "fid": 402, "id": 743, "grid_status": "sem ponto" }, "geometry": { "type": "Polygon", "coordinates": [ [ [ -48.109, -23.1823272 ], [ -47.909, -23.1823272 ], [ -47.909, -23.3823272 ], [ -48.109, -23.3823272 ], [ -48.109, -23.1823272 ] ] ] } },
{ "type": "Feature", "properties": { "fid": 403, "id": 744, "grid_status": "sem ponto" }, "geometry": { "type": "Polygon", "coordinates": [ [ [ -48.109, -23.3823272 ], [ -47.909, -23.3823272 ], [ -47.909, -23.5823272 ], [ -48.109, -23.5823272 ], [ -48.109, -23.3823272 ] ] ] } },
{ "type": "Feature", "properties": { "fid": 404, "id": 745, "grid_status": "sem ponto" }, "geometry": { "type": "Polygon", "coordinates": [ [ [ -48.109, -23.5823272 ], [ -47.909, -23.5823272 ], [ -47.909, -23.7823272 ], [ -48.109, -23.7823272 ], [ -48.109, -23.5823272 ] ] ] } },
{ "type": "Feature", "properties": { "fid": 405, "id": 746, "grid_status": "sem ponto" }, "geometry": { "type": "Polygon", "coordinates": [ [ [ -48.109, -23.7823272 ], [ -47.909, -23.7823272 ], [ -47.909, -23.9823272 ], [ -48.109, -23.9823272 ], [ -48.109, -23.7823272 ] ] ] } },
{ "type": "Feature", "properties": { "fid": 406, "id": 747, "grid_status": "sem ponto" }, "geometry": { "type": "Polygon", "coordinates": [ [ [ -48.109, -23.9823272 ], [ -47.909, -23.9823272 ], [ -47.909, -24.1823272 ], [ -48.109, -24.1823272 ], [ -48.109, -23.9823272 ] ] ] } },
{ "type": "Feature", "properties": { "fid": 407, "id": 748, "grid_status": "sem ponto" }, "geometry": { "type": "Polygon", "coordinates": [ [ [ -48.109, -24.1823272 ], [ -47.909, -24.1823272 ], [ -47.909, -24.3823272 ], [ -48.109, -24.3823272 ], [ -48.109, -24.1823272 ] ] ] } },
{ "type": "Feature", "properties": { "fid": 408, "id": 749, "grid_status": "sem ponto" }, "geometry": { "type": "Polygon", "coordinates": [ [ [ -48.109, -24.3823272 ], [ -47.909, -24.3823272 ], [ -47.909, -24.5823272 ], [ -48.109, -24.5823272 ], [ -48.109, -24.3823272 ] ] ] } },
{ "type": "Feature", "properties": { "fid": 409, "id": 750, "grid_status": "sem ponto" }, "geometry": { "type": "Polygon", "coordinates": [ [ [ -48.109, -24.5823272 ], [ -47.909, -24.5823272 ], [ -47.909, -24.7823272 ], [ -48.109, -24.7823272 ], [ -48.109, -24.5823272 ] ] ] } },
{ "type": "Feature", "properties": { "fid": 410, "id": 751, "grid_status": "sem ponto" }, "geometry": { "type": "Polygon", "coordinates": [ [ [ -48.109, -24.7823272 ], [ -47.909, -24.7823272 ], [ -47.909, -24.9823272 ], [ -48.109, -24.9823272 ], [ -48.109, -24.7823272 ] ] ] } },
{ "type": "Feature", "properties": { "fid": 411, "id": 752, "grid_status": "sem ponto" }, "geometry": { "type": "Polygon", "coordinates": [ [ [ -48.109, -24.9823272 ], [ -47.909, -24.9823272 ], [ -47.909, -25.1823272 ], [ -48.109, -25.1823272 ], [ -48.109, -24.9823272 ] ] ] } },
{ "type": "Feature", "properties": { "fid": 412, "id": 753, "grid_status": "sem ponto" }, "geometry": { "type": "Polygon", "coordinates": [ [ [ -48.109, -25.1823272 ], [ -47.909, -25.1823272 ], [ -47.909, -25.3823272 ], [ -48.109, -25.3823272 ], [ -48.109, -25.1823272 ] ] ] } },
{ "type": "Feature", "properties": { "fid": 413, "id": 754, "grid_status": "sem ponto" }, "geometry": { "type": "Polygon", "coordinates": [ [ [ -48.109, -25.3823272 ], [ -47.909, -25.3823272 ], [ -47.909, -25.5823272 ], [ -48.109, -25.5823272 ], [ -48.109, -25.3823272 ] ] ] } },
{ "type": "Feature", "properties": { "fid": 414, "id": 755, "grid_status": "sem ponto" }, "geometry": { "type": "Polygon", "coordinates": [ [ [ -47.909, -19.7823272 ], [ -47.709, -19.7823272 ], [ -47.709, -19.9823272 ], [ -47.909, -19.9823272 ], [ -47.909, -19.7823272 ] ] ] } },
{ "type": "Feature", "properties": { "fid": 415, "id": 756, "grid_status": "sem ponto" }, "geometry": { "type": "Polygon", "coordinates": [ [ [ -47.909, -19.9823272 ], [ -47.709, -19.9823272 ], [ -47.709, -20.1823272 ], [ -47.909, -20.1823272 ], [ -47.909, -19.9823272 ] ] ] } },
{ "type": "Feature", "properties": { "fid": 416, "id": 757, "grid_status": "sem ponto" }, "geometry": { "type": "Polygon", "coordinates": [ [ [ -47.909, -20.1823272 ], [ -47.709, -20.1823272 ], [ -47.709, -20.3823272 ], [ -47.909, -20.3823272 ], [ -47.909, -20.1823272 ] ] ] } },
{ "type": "Feature", "properties": { "fid": 417, "id": 758, "grid_status": "sem ponto" }, "geometry": { "type": "Polygon", "coordinates": [ [ [ -47.909, -20.3823272 ], [ -47.709, -20.3823272 ], [ -47.709, -20.5823272 ], [ -47.909, -20.5823272 ], [ -47.909, -20.3823272 ] ] ] } },
{ "type": "Feature", "properties": { "fid": 418, "id": 759, "grid_status": "sem ponto" }, "geometry": { "type": "Polygon", "coordinates": [ [ [ -47.909, -20.5823272 ], [ -47.709, -20.5823272 ], [ -47.709, -20.7823272 ], [ -47.909, -20.7823272 ], [ -47.909, -20.5823272 ] ] ] } },
{ "type": "Feature", "properties": { "fid": 419, "id": 760, "grid_status": "sem ponto" }, "geometry": { "type": "Polygon", "coordinates": [ [ [ -47.909, -20.7823272 ], [ -47.709, -20.7823272 ], [ -47.709, -20.9823272 ], [ -47.909, -20.9823272 ], [ -47.909, -20.7823272 ] ] ] } },
{ "type": "Feature", "properties": { "fid": 420, "id": 761, "grid_status": "sem ponto" }, "geometry": { "type": "Polygon", "coordinates": [ [ [ -47.909, -20.9823272 ], [ -47.709, -20.9823272 ], [ -47.709, -21.1823272 ], [ -47.909, -21.1823272 ], [ -47.909, -20.9823272 ] ] ] } },
{ "type": "Feature", "properties": { "fid": 421, "id": 762, "grid_status": "sem ponto" }, "geometry": { "type": "Polygon", "coordinates": [ [ [ -47.909, -21.1823272 ], [ -47.709, -21.1823272 ], [ -47.709, -21.3823272 ], [ -47.909, -21.3823272 ], [ -47.909, -21.1823272 ] ] ] } },
{ "type": "Feature", "properties": { "fid": 422, "id": 763, "grid_status": "sem ponto" }, "geometry": { "type": "Polygon", "coordinates": [ [ [ -47.909, -21.3823272 ], [ -47.709, -21.3823272 ], [ -47.709, -21.5823272 ], [ -47.909, -21.5823272 ], [ -47.909, -21.3823272 ] ] ] } },
{ "type": "Feature", "properties": { "fid": 423, "id": 764, "grid_status": "sem ponto" }, "geometry": { "type": "Polygon", "coordinates": [ [ [ -47.909, -21.5823272 ], [ -47.709, -21.5823272 ], [ -47.709, -21.7823272 ], [ -47.909, -21.7823272 ], [ -47.909, -21.5823272 ] ] ] } },
{ "type": "Feature", "properties": { "fid": 424, "id": 765, "grid_status": "sem ponto" }, "geometry": { "type": "Polygon", "coordinates": [ [ [ -47.909, -21.7823272 ], [ -47.709, -21.7823272 ], [ -47.709, -21.9823272 ], [ -47.909, -21.9823272 ], [ -47.909, -21.7823272 ] ] ] } },
{ "type": "Feature", "properties": { "fid": 425, "id": 766, "grid_status": "sem ponto" }, "geometry": { "type": "Polygon", "coordinates": [ [ [ -47.909, -21.9823272 ], [ -47.709, -21.9823272 ], [ -47.709, -22.1823272 ], [ -47.909, -22.1823272 ], [ -47.909, -21.9823272 ] ] ] } },
{ "type": "Feature", "properties": { "fid": 426, "id": 767, "grid_status": "sem ponto" }, "geometry": { "type": "Polygon", "coordinates": [ [ [ -47.909, -22.1823272 ], [ -47.709, -22.1823272 ], [ -47.709, -22.3823272 ], [ -47.909, -22.3823272 ], [ -47.909, -22.1823272 ] ] ] } },
{ "type": "Feature", "properties": { "fid": 427, "id": 768, "grid_status": "sem ponto" }, "geometry": { "type": "Polygon", "coordinates": [ [ [ -47.909, -22.3823272 ], [ -47.709, -22.3823272 ], [ -47.709, -22.5823272 ], [ -47.909, -22.5823272 ], [ -47.909, -22.3823272 ] ] ] } },
{ "type": "Feature", "properties": { "fid": 428, "id": 769, "grid_status": "sem ponto" }, "geometry": { "type": "Polygon", "coordinates": [ [ [ -47.909, -22.5823272 ], [ -47.709, -22.5823272 ], [ -47.709, -22.7823272 ], [ -47.909, -22.7823272 ], [ -47.909, -22.5823272 ] ] ] } },
{ "type": "Feature", "properties": { "fid": 429, "id": 770, "grid_status": "sem ponto" }, "geometry": { "type": "Polygon", "coordinates": [ [ [ -47.909, -22.7823272 ], [ -47.709, -22.7823272 ], [ -47.709, -22.9823272 ], [ -47.909, -22.9823272 ], [ -47.909, -22.7823272 ] ] ] } },
{ "type": "Feature", "properties": { "fid": 430, "id": 771, "grid_status": "sem ponto" }, "geometry": { "type": "Polygon", "coordinates": [ [ [ -47.909, -22.9823272 ], [ -47.709, -22.9823272 ], [ -47.709, -23.1823272 ], [ -47.909, -23.1823272 ], [ -47.909, -22.9823272 ] ] ] } },
{ "type": "Feature", "properties": { "fid": 431, "id": 772, "grid_status": "sem ponto" }, "geometry": { "type": "Polygon", "coordinates": [ [ [ -47.909, -23.1823272 ], [ -47.709, -23.1823272 ], [ -47.709, -23.3823272 ], [ -47.909, -23.3823272 ], [ -47.909, -23.1823272 ] ] ] } },
{ "type": "Feature", "properties": { "fid": 432, "id": 773, "grid_status": "sem ponto" }, "geometry": { "type": "Polygon", "coordinates": [ [ [ -47.909, -23.3823272 ], [ -47.709, -23.3823272 ], [ -47.709, -23.5823272 ], [ -47.909, -23.5823272 ], [ -47.909, -23.3823272 ] ] ] } },
{ "type": "Feature", "properties": { "fid": 433, "id": 774, "grid_status": "sem ponto" }, "geometry": { "type": "Polygon", "coordinates": [ [ [ -47.909, -23.5823272 ], [ -47.709, -23.5823272 ], [ -47.709, -23.7823272 ], [ -47.909, -23.7823272 ], [ -47.909, -23.5823272 ] ] ] } },
{ "type": "Feature", "properties": { "fid": 434, "id": 775, "grid_status": "sem ponto" }, "geometry": { "type": "Polygon", "coordinates": [ [ [ -47.909, -23.7823272 ], [ -47.709, -23.7823272 ], [ -47.709, -23.9823272 ], [ -47.909, -23.9823272 ], [ -47.909, -23.7823272 ] ] ] } },
{ "type": "Feature", "properties": { "fid": 435, "id": 776, "grid_status": "sem ponto" }, "geometry": { "type": "Polygon", "coordinates": [ [ [ -47.909, -23.9823272 ], [ -47.709, -23.9823272 ], [ -47.709, -24.1823272 ], [ -47.909, -24.1823272 ], [ -47.909, -23.9823272 ] ] ] } },
{ "type": "Feature", "properties": { "fid": 436, "id": 777, "grid_status": "sem ponto" }, "geometry": { "type": "Polygon", "coordinates": [ [ [ -47.909, -24.1823272 ], [ -47.709, -24.1823272 ], [ -47.709, -24.3823272 ], [ -47.909, -24.3823272 ], [ -47.909, -24.1823272 ] ] ] } },
{ "type": "Feature", "properties": { "fid": 437, "id": 778, "grid_status": "leucena" }, "geometry": { "type": "Polygon", "coordinates": [ [ [ -47.909, -24.3823272 ], [ -47.709, -24.3823272 ], [ -47.709, -24.5823272 ], [ -47.909, -24.5823272 ], [ -47.909, -24.3823272 ] ] ] } },
{ "type": "Feature", "properties": { "fid": 438, "id": 779, "grid_status": "sem ponto" }, "geometry": { "type": "Polygon", "coordinates": [ [ [ -47.909, -24.5823272 ], [ -47.709, -24.5823272 ], [ -47.709, -24.7823272 ], [ -47.909, -24.7823272 ], [ -47.909, -24.5823272 ] ] ] } },
{ "type": "Feature", "properties": { "fid": 439, "id": 780, "grid_status": "sem ponto" }, "geometry": { "type": "Polygon", "coordinates": [ [ [ -47.909, -24.7823272 ], [ -47.709, -24.7823272 ], [ -47.709, -24.9823272 ], [ -47.909, -24.9823272 ], [ -47.909, -24.7823272 ] ] ] } },
{ "type": "Feature", "properties": { "fid": 440, "id": 781, "grid_status": "sem ponto" }, "geometry": { "type": "Polygon", "coordinates": [ [ [ -47.909, -24.9823272 ], [ -47.709, -24.9823272 ], [ -47.709, -25.1823272 ], [ -47.909, -25.1823272 ], [ -47.909, -24.9823272 ] ] ] } },
{ "type": "Feature", "properties": { "fid": 441, "id": 782, "grid_status": "sem ponto" }, "geometry": { "type": "Polygon", "coordinates": [ [ [ -47.909, -25.1823272 ], [ -47.709, -25.1823272 ], [ -47.709, -25.3823272 ], [ -47.909, -25.3823272 ], [ -47.909, -25.1823272 ] ] ] } },
{ "type": "Feature", "properties": { "fid": 442, "id": 783, "grid_status": "sem ponto" }, "geometry": { "type": "Polygon", "coordinates": [ [ [ -47.909, -25.3823272 ], [ -47.709, -25.3823272 ], [ -47.709, -25.5823272 ], [ -47.909, -25.5823272 ], [ -47.909, -25.3823272 ] ] ] } },
{ "type": "Feature", "properties": { "fid": 443, "id": 784, "grid_status": "sem ponto" }, "geometry": { "type": "Polygon", "coordinates": [ [ [ -47.709, -19.7823272 ], [ -47.509, -19.7823272 ], [ -47.509, -19.9823272 ], [ -47.709, -19.9823272 ], [ -47.709, -19.7823272 ] ] ] } },
{ "type": "Feature", "properties": { "fid": 444, "id": 785, "grid_status": "sem ponto" }, "geometry": { "type": "Polygon", "coordinates": [ [ [ -47.709, -19.9823272 ], [ -47.509, -19.9823272 ], [ -47.509, -20.1823272 ], [ -47.709, -20.1823272 ], [ -47.709, -19.9823272 ] ] ] } },
{ "type": "Feature", "properties": { "fid": 445, "id": 786, "grid_status": "sem ponto" }, "geometry": { "type": "Polygon", "coordinates": [ [ [ -47.709, -20.1823272 ], [ -47.509, -20.1823272 ], [ -47.509, -20.3823272 ], [ -47.709, -20.3823272 ], [ -47.709, -20.1823272 ] ] ] } },
{ "type": "Feature", "properties": { "fid": 446, "id": 787, "grid_status": "sem ponto" }, "geometry": { "type": "Polygon", "coordinates": [ [ [ -47.709, -20.3823272 ], [ -47.509, -20.3823272 ], [ -47.509, -20.5823272 ], [ -47.709, -20.5823272 ], [ -47.709, -20.3823272 ] ] ] } },
{ "type": "Feature", "properties": { "fid": 447, "id": 788, "grid_status": "sem ponto" }, "geometry": { "type": "Polygon", "coordinates": [ [ [ -47.709, -20.5823272 ], [ -47.509, -20.5823272 ], [ -47.509, -20.7823272 ], [ -47.709, -20.7823272 ], [ -47.709, -20.5823272 ] ] ] } },
{ "type": "Feature", "properties": { "fid": 448, "id": 789, "grid_status": "sem ponto" }, "geometry": { "type": "Polygon", "coordinates": [ [ [ -47.709, -20.7823272 ], [ -47.509, -20.7823272 ], [ -47.509, -20.9823272 ], [ -47.709, -20.9823272 ], [ -47.709, -20.7823272 ] ] ] } },
{ "type": "Feature", "properties": { "fid": 449, "id": 790, "grid_status": "sem ponto" }, "geometry": { "type": "Polygon", "coordinates": [ [ [ -47.709, -20.9823272 ], [ -47.509, -20.9823272 ], [ -47.509, -21.1823272 ], [ -47.709, -21.1823272 ], [ -47.709, -20.9823272 ] ] ] } },
{ "type": "Feature", "properties": { "fid": 450, "id": 791, "grid_status": "sem ponto" }, "geometry": { "type": "Polygon", "coordinates": [ [ [ -47.709, -21.1823272 ], [ -47.509, -21.1823272 ], [ -47.509, -21.3823272 ], [ -47.709, -21.3823272 ], [ -47.709, -21.1823272 ] ] ] } },
{ "type": "Feature", "properties": { "fid": 451, "id": 792, "grid_status": "sem ponto" }, "geometry": { "type": "Polygon", "coordinates": [ [ [ -47.709, -21.3823272 ], [ -47.509, -21.3823272 ], [ -47.509, -21.5823272 ], [ -47.709, -21.5823272 ], [ -47.709, -21.3823272 ] ] ] } },
{ "type": "Feature", "properties": { "fid": 452, "id": 793, "grid_status": "sem ponto" }, "geometry": { "type": "Polygon", "coordinates": [ [ [ -47.709, -21.5823272 ], [ -47.509, -21.5823272 ], [ -47.509, -21.7823272 ], [ -47.709, -21.7823272 ], [ -47.709, -21.5823272 ] ] ] } },
{ "type": "Feature", "properties": { "fid": 453, "id": 794, "grid_status": "sem ponto" }, "geometry": { "type": "Polygon", "coordinates": [ [ [ -47.709, -21.7823272 ], [ -47.509, -21.7823272 ], [ -47.509, -21.9823272 ], [ -47.709, -21.9823272 ], [ -47.709, -21.7823272 ] ] ] } },
{ "type": "Feature", "properties": { "fid": 454, "id": 795, "grid_status": "sem ponto" }, "geometry": { "type": "Polygon", "coordinates": [ [ [ -47.709, -21.9823272 ], [ -47.509, -21.9823272 ], [ -47.509, -22.1823272 ], [ -47.709, -22.1823272 ], [ -47.709, -21.9823272 ] ] ] } },
{ "type": "Feature", "properties": { "fid": 455, "id": 796, "grid_status": "sem ponto" }, "geometry": { "type": "Polygon", "coordinates": [ [ [ -47.709, -22.1823272 ], [ -47.509, -22.1823272 ], [ -47.509, -22.3823272 ], [ -47.709, -22.3823272 ], [ -47.709, -22.1823272 ] ] ] } },
{ "type": "Feature", "properties": { "fid": 456, "id": 797, "grid_status": "leucena" }, "geometry": { "type": "Polygon", "coordinates": [ [ [ -47.709, -22.3823272 ], [ -47.509, -22.3823272 ], [ -47.509, -22.5823272 ], [ -47.709, -22.5823272 ], [ -47.709, -22.3823272 ] ] ] } },
{ "type": "Feature", "properties": { "fid": 457, "id": 798, "grid_status": "leucena" }, "geometry": { "type": "Polygon", "coordinates": [ [ [ -47.709, -22.5823272 ], [ -47.509, -22.5823272 ], [ -47.509, -22.7823272 ], [ -47.709, -22.7823272 ], [ -47.709, -22.5823272 ] ] ] } },
{ "type": "Feature", "properties": { "fid": 458, "id": 799, "grid_status": "leucena" }, "geometry": { "type": "Polygon", "coordinates": [ [ [ -47.709, -22.7823272 ], [ -47.509, -22.7823272 ], [ -47.509, -22.9823272 ], [ -47.709, -22.9823272 ], [ -47.709, -22.7823272 ] ] ] } },
{ "type": "Feature", "properties": { "fid": 459, "id": 800, "grid_status": "sem ponto" }, "geometry": { "type": "Polygon", "coordinates": [ [ [ -47.709, -22.9823272 ], [ -47.509, -22.9823272 ], [ -47.509, -23.1823272 ], [ -47.709, -23.1823272 ], [ -47.709, -22.9823272 ] ] ] } },
{ "type": "Feature", "properties": { "fid": 460, "id": 801, "grid_status": "sem ponto" }, "geometry": { "type": "Polygon", "coordinates": [ [ [ -47.709, -23.1823272 ], [ -47.509, -23.1823272 ], [ -47.509, -23.3823272 ], [ -47.709, -23.3823272 ], [ -47.709, -23.1823272 ] ] ] } },
{ "type": "Feature", "properties": { "fid": 461, "id": 802, "grid_status": "leucena" }, "geometry": { "type": "Polygon", "coordinates": [ [ [ -47.709, -23.3823272 ], [ -47.509, -23.3823272 ], [ -47.509, -23.5823272 ], [ -47.709, -23.5823272 ], [ -47.709, -23.3823272 ] ] ] } },
{ "type": "Feature", "properties": { "fid": 462, "id": 803, "grid_status": "leucena" }, "geometry": { "type": "Polygon", "coordinates": [ [ [ -47.709, -23.5823272 ], [ -47.509, -23.5823272 ], [ -47.509, -23.7823272 ], [ -47.709, -23.7823272 ], [ -47.709, -23.5823272 ] ] ] } },
{ "type": "Feature", "properties": { "fid": 463, "id": 804, "grid_status": "leucena" }, "geometry": { "type": "Polygon", "coordinates": [ [ [ -47.709, -23.7823272 ], [ -47.509, -23.7823272 ], [ -47.509, -23.9823272 ], [ -47.709, -23.9823272 ], [ -47.709, -23.7823272 ] ] ] } },
{ "type": "Feature", "properties": { "fid": 464, "id": 805, "grid_status": "sem ponto" }, "geometry": { "type": "Polygon", "coordinates": [ [ [ -47.709, -23.9823272 ], [ -47.509, -23.9823272 ], [ -47.509, -24.1823272 ], [ -47.709, -24.1823272 ], [ -47.709, -23.9823272 ] ] ] } },
{ "type": "Feature", "properties": { "fid": 465, "id": 806, "grid_status": "sem ponto" }, "geometry": { "type": "Polygon", "coordinates": [ [ [ -47.709, -24.1823272 ], [ -47.509, -24.1823272 ], [ -47.509, -24.3823272 ], [ -47.709, -24.3823272 ], [ -47.709, -24.1823272 ] ] ] } },
{ "type": "Feature", "properties": { "fid": 466, "id": 807, "grid_status": "sem ponto" }, "geometry": { "type": "Polygon", "coordinates": [ [ [ -47.709, -24.3823272 ], [ -47.509, -24.3823272 ], [ -47.509, -24.5823272 ], [ -47.709, -24.5823272 ], [ -47.709, -24.3823272 ] ] ] } },
{ "type": "Feature", "properties": { "fid": 467, "id": 808, "grid_status": "sem ponto" }, "geometry": { "type": "Polygon", "coordinates": [ [ [ -47.709, -24.5823272 ], [ -47.509, -24.5823272 ], [ -47.509, -24.7823272 ], [ -47.709, -24.7823272 ], [ -47.709, -24.5823272 ] ] ] } },
{ "type": "Feature", "properties": { "fid": 468, "id": 809, "grid_status": "sem ponto" }, "geometry": { "type": "Polygon", "coordinates": [ [ [ -47.709, -24.7823272 ], [ -47.509, -24.7823272 ], [ -47.509, -24.9823272 ], [ -47.709, -24.9823272 ], [ -47.709, -24.7823272 ] ] ] } },
{ "type": "Feature", "properties": { "fid": 469, "id": 810, "grid_status": "sem ponto" }, "geometry": { "type": "Polygon", "coordinates": [ [ [ -47.709, -24.9823272 ], [ -47.509, -24.9823272 ], [ -47.509, -25.1823272 ], [ -47.709, -25.1823272 ], [ -47.709, -24.9823272 ] ] ] } },
{ "type": "Feature", "properties": { "fid": 470, "id": 811, "grid_status": "sem ponto" }, "geometry": { "type": "Polygon", "coordinates": [ [ [ -47.709, -25.1823272 ], [ -47.509, -25.1823272 ], [ -47.509, -25.3823272 ], [ -47.709, -25.3823272 ], [ -47.709, -25.1823272 ] ] ] } },
{ "type": "Feature", "properties": { "fid": 471, "id": 812, "grid_status": "sem ponto" }, "geometry": { "type": "Polygon", "coordinates": [ [ [ -47.709, -25.3823272 ], [ -47.509, -25.3823272 ], [ -47.509, -25.5823272 ], [ -47.709, -25.5823272 ], [ -47.709, -25.3823272 ] ] ] } },
{ "type": "Feature", "properties": { "fid": 472, "id": 813, "grid_status": "sem ponto" }, "geometry": { "type": "Polygon", "coordinates": [ [ [ -47.509, -19.7823272 ], [ -47.309, -19.7823272 ], [ -47.309, -19.9823272 ], [ -47.509, -19.9823272 ], [ -47.509, -19.7823272 ] ] ] } },
{ "type": "Feature", "properties": { "fid": 473, "id": 814, "grid_status": "sem ponto" }, "geometry": { "type": "Polygon", "coordinates": [ [ [ -47.509, -19.9823272 ], [ -47.309, -19.9823272 ], [ -47.309, -20.1823272 ], [ -47.509, -20.1823272 ], [ -47.509, -19.9823272 ] ] ] } },
{ "type": "Feature", "properties": { "fid": 474, "id": 815, "grid_status": "sem ponto" }, "geometry": { "type": "Polygon", "coordinates": [ [ [ -47.509, -20.1823272 ], [ -47.309, -20.1823272 ], [ -47.309, -20.3823272 ], [ -47.509, -20.3823272 ], [ -47.509, -20.1823272 ] ] ] } },
{ "type": "Feature", "properties": { "fid": 475, "id": 816, "grid_status": "sem ponto" }, "geometry": { "type": "Polygon", "coordinates": [ [ [ -47.509, -20.3823272 ], [ -47.309, -20.3823272 ], [ -47.309, -20.5823272 ], [ -47.509, -20.5823272 ], [ -47.509, -20.3823272 ] ] ] } },
{ "type": "Feature", "properties": { "fid": 476, "id": 817, "grid_status": "sem ponto" }, "geometry": { "type": "Polygon", "coordinates": [ [ [ -47.509, -20.5823272 ], [ -47.309, -20.5823272 ], [ -47.309, -20.7823272 ], [ -47.509, -20.7823272 ], [ -47.509, -20.5823272 ] ] ] } },
{ "type": "Feature", "properties": { "fid": 477, "id": 818, "grid_status": "sem ponto" }, "geometry": { "type": "Polygon", "coordinates": [ [ [ -47.509, -20.7823272 ], [ -47.309, -20.7823272 ], [ -47.309, -20.9823272 ], [ -47.509, -20.9823272 ], [ -47.509, -20.7823272 ] ] ] } },
{ "type": "Feature", "properties": { "fid": 478, "id": 819, "grid_status": "sem ponto" }, "geometry": { "type": "Polygon", "coordinates": [ [ [ -47.509, -20.9823272 ], [ -47.309, -20.9823272 ], [ -47.309, -21.1823272 ], [ -47.509, -21.1823272 ], [ -47.509, -20.9823272 ] ] ] } },
{ "type": "Feature", "properties": { "fid": 479, "id": 820, "grid_status": "sem ponto" }, "geometry": { "type": "Polygon", "coordinates": [ [ [ -47.509, -21.1823272 ], [ -47.309, -21.1823272 ], [ -47.309, -21.3823272 ], [ -47.509, -21.3823272 ], [ -47.509, -21.1823272 ] ] ] } },
{ "type": "Feature", "properties": { "fid": 480, "id": 821, "grid_status": "sem ponto" }, "geometry": { "type": "Polygon", "coordinates": [ [ [ -47.509, -21.3823272 ], [ -47.309, -21.3823272 ], [ -47.309, -21.5823272 ], [ -47.509, -21.5823272 ], [ -47.509, -21.3823272 ] ] ] } },
{ "type": "Feature", "properties": { "fid": 481, "id": 822, "grid_status": "sem ponto" }, "geometry": { "type": "Polygon", "coordinates": [ [ [ -47.509, -21.5823272 ], [ -47.309, -21.5823272 ], [ -47.309, -21.7823272 ], [ -47.509, -21.7823272 ], [ -47.509, -21.5823272 ] ] ] } },
{ "type": "Feature", "properties": { "fid": 482, "id": 823, "grid_status": "sem ponto" }, "geometry": { "type": "Polygon", "coordinates": [ [ [ -47.509, -21.7823272 ], [ -47.309, -21.7823272 ], [ -47.309, -21.9823272 ], [ -47.509, -21.9823272 ], [ -47.509, -21.7823272 ] ] ] } },
{ "type": "Feature", "properties": { "fid": 483, "id": 824, "grid_status": "leucena" }, "geometry": { "type": "Polygon", "coordinates": [ [ [ -47.509, -21.9823272 ], [ -47.309, -21.9823272 ], [ -47.309, -22.1823272 ], [ -47.509, -22.1823272 ], [ -47.509, -21.9823272 ] ] ] } },
{ "type": "Feature", "properties": { "fid": 484, "id": 825, "grid_status": "leucena" }, "geometry": { "type": "Polygon", "coordinates": [ [ [ -47.509, -22.1823272 ], [ -47.309, -22.1823272 ], [ -47.309, -22.3823272 ], [ -47.509, -22.3823272 ], [ -47.509, -22.1823272 ] ] ] } },
{ "type": "Feature", "properties": { "fid": 485, "id": 826, "grid_status": "sem ponto" }, "geometry": { "type": "Polygon", "coordinates": [ [ [ -47.509, -22.3823272 ], [ -47.309, -22.3823272 ], [ -47.309, -22.5823272 ], [ -47.509, -22.5823272 ], [ -47.509, -22.3823272 ] ] ] } },
{ "type": "Feature", "properties": { "fid": 486, "id": 827, "grid_status": "leucena" }, "geometry": { "type": "Polygon", "coordinates": [ [ [ -47.509, -22.5823272 ], [ -47.309, -22.5823272 ], [ -47.309, -22.7823272 ], [ -47.509, -22.7823272 ], [ -47.509, -22.5823272 ] ] ] } },
{ "type": "Feature", "properties": { "fid": 487, "id": 828, "grid_status": "mapeando" }, "geometry": { "type": "Polygon", "coordinates": [ [ [ -47.509, -22.7823272 ], [ -47.309, -22.7823272 ], [ -47.309, -22.9823272 ], [ -47.509, -22.9823272 ], [ -47.509, -22.7823272 ] ] ] } },
{ "type": "Feature", "properties": { "fid": 488, "id": 829, "grid_status": "leucena" }, "geometry": { "type": "Polygon", "coordinates": [ [ [ -47.509, -22.9823272 ], [ -47.309, -22.9823272 ], [ -47.309, -23.1823272 ], [ -47.509, -23.1823272 ], [ -47.509, -22.9823272 ] ] ] } },
{ "type": "Feature", "properties": { "fid": 489, "id": 830, "grid_status": "sem ponto" }, "geometry": { "type": "Polygon", "coordinates": [ [ [ -47.509, -23.1823272 ], [ -47.309, -23.1823272 ], [ -47.309, -23.3823272 ], [ -47.509, -23.3823272 ], [ -47.509, -23.1823272 ] ] ] } },
{ "type": "Feature", "properties": { "fid": 490, "id": 831, "grid_status": "leucena" }, "geometry": { "type": "Polygon", "coordinates": [ [ [ -47.509, -23.3823272 ], [ -47.309, -23.3823272 ], [ -47.309, -23.5823272 ], [ -47.509, -23.5823272 ], [ -47.509, -23.3823272 ] ] ] } },
{ "type": "Feature", "properties": { "fid": 491, "id": 832, "grid_status": "sem ponto" }, "geometry": { "type": "Polygon", "coordinates": [ [ [ -47.509, -23.5823272 ], [ -47.309, -23.5823272 ], [ -47.309, -23.7823272 ], [ -47.509, -23.7823272 ], [ -47.509, -23.5823272 ] ] ] } },
{ "type": "Feature", "properties": { "fid": 492, "id": 833, "grid_status": "sem ponto" }, "geometry": { "type": "Polygon", "coordinates": [ [ [ -47.509, -23.7823272 ], [ -47.309, -23.7823272 ], [ -47.309, -23.9823272 ], [ -47.509, -23.9823272 ], [ -47.509, -23.7823272 ] ] ] } },
{ "type": "Feature", "properties": { "fid": 493, "id": 834, "grid_status": "sem ponto" }, "geometry": { "type": "Polygon", "coordinates": [ [ [ -47.509, -23.9823272 ], [ -47.309, -23.9823272 ], [ -47.309, -24.1823272 ], [ -47.509, -24.1823272 ], [ -47.509, -23.9823272 ] ] ] } },
{ "type": "Feature", "properties": { "fid": 494, "id": 835, "grid_status": "leucena" }, "geometry": { "type": "Polygon", "coordinates": [ [ [ -47.509, -24.1823272 ], [ -47.309, -24.1823272 ], [ -47.309, -24.3823272 ], [ -47.509, -24.3823272 ], [ -47.509, -24.1823272 ] ] ] } },
{ "type": "Feature", "properties": { "fid": 495, "id": 836, "grid_status": "sem ponto" }, "geometry": { "type": "Polygon", "coordinates": [ [ [ -47.509, -24.3823272 ], [ -47.309, -24.3823272 ], [ -47.309, -24.5823272 ], [ -47.509, -24.5823272 ], [ -47.509, -24.3823272 ] ] ] } },
{ "type": "Feature", "properties": { "fid": 496, "id": 837, "grid_status": "sem ponto" }, "geometry": { "type": "Polygon", "coordinates": [ [ [ -47.509, -24.5823272 ], [ -47.309, -24.5823272 ], [ -47.309, -24.7823272 ], [ -47.509, -24.7823272 ], [ -47.509, -24.5823272 ] ] ] } },
{ "type": "Feature", "properties": { "fid": 497, "id": 838, "grid_status": "sem ponto" }, "geometry": { "type": "Polygon", "coordinates": [ [ [ -47.509, -24.7823272 ], [ -47.309, -24.7823272 ], [ -47.309, -24.9823272 ], [ -47.509, -24.9823272 ], [ -47.509, -24.7823272 ] ] ] } },
{ "type": "Feature", "properties": { "fid": 498, "id": 839, "grid_status": "sem ponto" }, "geometry": { "type": "Polygon", "coordinates": [ [ [ -47.509, -24.9823272 ], [ -47.309, -24.9823272 ], [ -47.309, -25.1823272 ], [ -47.509, -25.1823272 ], [ -47.509, -24.9823272 ] ] ] } },
{ "type": "Feature", "properties": { "fid": 499, "id": 840, "grid_status": "sem ponto" }, "geometry": { "type": "Polygon", "coordinates": [ [ [ -47.509, -25.1823272 ], [ -47.309, -25.1823272 ], [ -47.309, -25.3823272 ], [ -47.509, -25.3823272 ], [ -47.509, -25.1823272 ] ] ] } },
{ "type": "Feature", "properties": { "fid": 500, "id": 843, "grid_status": "sem ponto" }, "geometry": { "type": "Polygon", "coordinates": [ [ [ -47.309, -19.9823272 ], [ -47.109, -19.9823272 ], [ -47.109, -20.1823272 ], [ -47.309, -20.1823272 ], [ -47.309, -19.9823272 ] ] ] } },
{ "type": "Feature", "properties": { "fid": 501, "id": 844, "grid_status": "sem ponto" }, "geometry": { "type": "Polygon", "coordinates": [ [ [ -47.309, -20.1823272 ], [ -47.109, -20.1823272 ], [ -47.109, -20.3823272 ], [ -47.309, -20.3823272 ], [ -47.309, -20.1823272 ] ] ] } },
{ "type": "Feature", "properties": { "fid": 502, "id": 845, "grid_status": "sem ponto" }, "geometry": { "type": "Polygon", "coordinates": [ [ [ -47.309, -20.3823272 ], [ -47.109, -20.3823272 ], [ -47.109, -20.5823272 ], [ -47.309, -20.5823272 ], [ -47.309, -20.3823272 ] ] ] } },
{ "type": "Feature", "properties": { "fid": 503, "id": 846, "grid_status": "sem ponto" }, "geometry": { "type": "Polygon", "coordinates": [ [ [ -47.309, -20.5823272 ], [ -47.109, -20.5823272 ], [ -47.109, -20.7823272 ], [ -47.309, -20.7823272 ], [ -47.309, -20.5823272 ] ] ] } },
{ "type": "Feature", "properties": { "fid": 504, "id": 847, "grid_status": "sem ponto" }, "geometry": { "type": "Polygon", "coordinates": [ [ [ -47.309, -20.7823272 ], [ -47.109, -20.7823272 ], [ -47.109, -20.9823272 ], [ -47.309, -20.9823272 ], [ -47.309, -20.7823272 ] ] ] } },
{ "type": "Feature", "properties": { "fid": 505, "id": 848, "grid_status": "sem ponto" }, "geometry": { "type": "Polygon", "coordinates": [ [ [ -47.309, -20.9823272 ], [ -47.109, -20.9823272 ], [ -47.109, -21.1823272 ], [ -47.309, -21.1823272 ], [ -47.309, -20.9823272 ] ] ] } },
{ "type": "Feature", "properties": { "fid": 506, "id": 849, "grid_status": "sem ponto" }, "geometry": { "type": "Polygon", "coordinates": [ [ [ -47.309, -21.1823272 ], [ -47.109, -21.1823272 ], [ -47.109, -21.3823272 ], [ -47.309, -21.3823272 ], [ -47.309, -21.1823272 ] ] ] } },
{ "type": "Feature", "properties": { "fid": 507, "id": 850, "grid_status": "sem ponto" }, "geometry": { "type": "Polygon", "coordinates": [ [ [ -47.309, -21.3823272 ], [ -47.109, -21.3823272 ], [ -47.109, -21.5823272 ], [ -47.309, -21.5823272 ], [ -47.309, -21.3823272 ] ] ] } },
{ "type": "Feature", "properties": { "fid": 508, "id": 851, "grid_status": "sem ponto" }, "geometry": { "type": "Polygon", "coordinates": [ [ [ -47.309, -21.5823272 ], [ -47.109, -21.5823272 ], [ -47.109, -21.7823272 ], [ -47.309, -21.7823272 ], [ -47.309, -21.5823272 ] ] ] } },
{ "type": "Feature", "properties": { "fid": 509, "id": 852, "grid_status": "sem ponto" }, "geometry": { "type": "Polygon", "coordinates": [ [ [ -47.309, -21.7823272 ], [ -47.109, -21.7823272 ], [ -47.109, -21.9823272 ], [ -47.309, -21.9823272 ], [ -47.309, -21.7823272 ] ] ] } },
{ "type": "Feature", "properties": { "fid": 510, "id": 853, "grid_status": "sem ponto" }, "geometry": { "type": "Polygon", "coordinates": [ [ [ -47.309, -21.9823272 ], [ -47.109, -21.9823272 ], [ -47.109, -22.1823272 ], [ -47.309, -22.1823272 ], [ -47.309, -21.9823272 ] ] ] } },
{ "type": "Feature", "properties": { "fid": 511, "id": 854, "grid_status": "sem ponto" }, "geometry": { "type": "Polygon", "coordinates": [ [ [ -47.309, -22.1823272 ], [ -47.109, -22.1823272 ], [ -47.109, -22.3823272 ], [ -47.309, -22.3823272 ], [ -47.309, -22.1823272 ] ] ] } },
{ "type": "Feature", "properties": { "fid": 512, "id": 855, "grid_status": "sem ponto" }, "geometry": { "type": "Polygon", "coordinates": [ [ [ -47.309, -22.3823272 ], [ -47.109, -22.3823272 ], [ -47.109, -22.5823272 ], [ -47.309, -22.5823272 ], [ -47.309, -22.3823272 ] ] ] } },
{ "type": "Feature", "properties": { "fid": 513, "id": 856, "grid_status": "sem ponto" }, "geometry": { "type": "Polygon", "coordinates": [ [ [ -47.309, -22.5823272 ], [ -47.109, -22.5823272 ], [ -47.109, -22.7823272 ], [ -47.309, -22.7823272 ], [ -47.309, -22.5823272 ] ] ] } },
{ "type": "Feature", "properties": { "fid": 514, "id": 857, "grid_status": "leucena" }, "geometry": { "type": "Polygon", "coordinates": [ [ [ -47.309, -22.7823272 ], [ -47.109, -22.7823272 ], [ -47.109, -22.9823272 ], [ -47.309, -22.9823272 ], [ -47.309, -22.7823272 ] ] ] } },
{ "type": "Feature", "properties": { "fid": 515, "id": 858, "grid_status": "leucena" }, "geometry": { "type": "Polygon", "coordinates": [ [ [ -47.309, -22.9823272 ], [ -47.109, -22.9823272 ], [ -47.109, -23.1823272 ], [ -47.309, -23.1823272 ], [ -47.309, -22.9823272 ] ] ] } },
{ "type": "Feature", "properties": { "fid": 516, "id": 859, "grid_status": "sem ponto" }, "geometry": { "type": "Polygon", "coordinates": [ [ [ -47.309, -23.1823272 ], [ -47.109, -23.1823272 ], [ -47.109, -23.3823272 ], [ -47.309, -23.3823272 ], [ -47.309, -23.1823272 ] ] ] } },
{ "type": "Feature", "properties": { "fid": 517, "id": 860, "grid_status": "sem ponto" }, "geometry": { "type": "Polygon", "coordinates": [ [ [ -47.309, -23.3823272 ], [ -47.109, -23.3823272 ], [ -47.109, -23.5823272 ], [ -47.309, -23.5823272 ], [ -47.309, -23.3823272 ] ] ] } },
{ "type": "Feature", "properties": { "fid": 518, "id": 861, "grid_status": "sem ponto" }, "geometry": { "type": "Polygon", "coordinates": [ [ [ -47.309, -23.5823272 ], [ -47.109, -23.5823272 ], [ -47.109, -23.7823272 ], [ -47.309, -23.7823272 ], [ -47.309, -23.5823272 ] ] ] } },
{ "type": "Feature", "properties": { "fid": 519, "id": 862, "grid_status": "sem ponto" }, "geometry": { "type": "Polygon", "coordinates": [ [ [ -47.309, -23.7823272 ], [ -47.109, -23.7823272 ], [ -47.109, -23.9823272 ], [ -47.309, -23.9823272 ], [ -47.309, -23.7823272 ] ] ] } },
{ "type": "Feature", "properties": { "fid": 520, "id": 863, "grid_status": "sem ponto" }, "geometry": { "type": "Polygon", "coordinates": [ [ [ -47.309, -23.9823272 ], [ -47.109, -23.9823272 ], [ -47.109, -24.1823272 ], [ -47.309, -24.1823272 ], [ -47.309, -23.9823272 ] ] ] } },
{ "type": "Feature", "properties": { "fid": 521, "id": 864, "grid_status": "sem ponto" }, "geometry": { "type": "Polygon", "coordinates": [ [ [ -47.309, -24.1823272 ], [ -47.109, -24.1823272 ], [ -47.109, -24.3823272 ], [ -47.309, -24.3823272 ], [ -47.309, -24.1823272 ] ] ] } },
{ "type": "Feature", "properties": { "fid": 522, "id": 865, "grid_status": "sem ponto" }, "geometry": { "type": "Polygon", "coordinates": [ [ [ -47.309, -24.3823272 ], [ -47.109, -24.3823272 ], [ -47.109, -24.5823272 ], [ -47.309, -24.5823272 ], [ -47.309, -24.3823272 ] ] ] } },
{ "type": "Feature", "properties": { "fid": 523, "id": 866, "grid_status": "sem ponto" }, "geometry": { "type": "Polygon", "coordinates": [ [ [ -47.309, -24.5823272 ], [ -47.109, -24.5823272 ], [ -47.109, -24.7823272 ], [ -47.309, -24.7823272 ], [ -47.309, -24.5823272 ] ] ] } },
{ "type": "Feature", "properties": { "fid": 524, "id": 867, "grid_status": "sem ponto" }, "geometry": { "type": "Polygon", "coordinates": [ [ [ -47.309, -24.7823272 ], [ -47.109, -24.7823272 ], [ -47.109, -24.9823272 ], [ -47.309, -24.9823272 ], [ -47.309, -24.7823272 ] ] ] } },
{ "type": "Feature", "properties": { "fid": 525, "id": 868, "grid_status": "sem ponto" }, "geometry": { "type": "Polygon", "coordinates": [ [ [ -47.309, -24.9823272 ], [ -47.109, -24.9823272 ], [ -47.109, -25.1823272 ], [ -47.309, -25.1823272 ], [ -47.309, -24.9823272 ] ] ] } },
{ "type": "Feature", "properties": { "fid": 526, "id": 875, "grid_status": "sem ponto" }, "geometry": { "type": "Polygon", "coordinates": [ [ [ -47.109, -20.5823272 ], [ -46.909, -20.5823272 ], [ -46.909, -20.7823272 ], [ -47.109, -20.7823272 ], [ -47.109, -20.5823272 ] ] ] } },
{ "type": "Feature", "properties": { "fid": 527, "id": 878, "grid_status": "sem ponto" }, "geometry": { "type": "Polygon", "coordinates": [ [ [ -47.109, -21.1823272 ], [ -46.909, -21.1823272 ], [ -46.909, -21.3823272 ], [ -47.109, -21.3823272 ], [ -47.109, -21.1823272 ] ] ] } },
{ "type": "Feature", "properties": { "fid": 528, "id": 879, "grid_status": "sem ponto" }, "geometry": { "type": "Polygon", "coordinates": [ [ [ -47.109, -21.3823272 ], [ -46.909, -21.3823272 ], [ -46.909, -21.5823272 ], [ -47.109, -21.5823272 ], [ -47.109, -21.3823272 ] ] ] } },
{ "type": "Feature", "properties": { "fid": 529, "id": 880, "grid_status": "sem ponto" }, "geometry": { "type": "Polygon", "coordinates": [ [ [ -47.109, -21.5823272 ], [ -46.909, -21.5823272 ], [ -46.909, -21.7823272 ], [ -47.109, -21.7823272 ], [ -47.109, -21.5823272 ] ] ] } },
{ "type": "Feature", "properties": { "fid": 530, "id": 881, "grid_status": "sem ponto" }, "geometry": { "type": "Polygon", "coordinates": [ [ [ -47.109, -21.7823272 ], [ -46.909, -21.7823272 ], [ -46.909, -21.9823272 ], [ -47.109, -21.9823272 ], [ -47.109, -21.7823272 ] ] ] } },
{ "type": "Feature", "properties": { "fid": 531, "id": 882, "grid_status": "sem ponto" }, "geometry": { "type": "Polygon", "coordinates": [ [ [ -47.109, -21.9823272 ], [ -46.909, -21.9823272 ], [ -46.909, -22.1823272 ], [ -47.109, -22.1823272 ], [ -47.109, -21.9823272 ] ] ] } },
{ "type": "Feature", "properties": { "fid": 532, "id": 883, "grid_status": "leucena" }, "geometry": { "type": "Polygon", "coordinates": [ [ [ -47.109, -22.1823272 ], [ -46.909, -22.1823272 ], [ -46.909, -22.3823272 ], [ -47.109, -22.3823272 ], [ -47.109, -22.1823272 ] ] ] } },
{ "type": "Feature", "properties": { "fid": 533, "id": 884, "grid_status": "sem ponto" }, "geometry": { "type": "Polygon", "coordinates": [ [ [ -47.109, -22.3823272 ], [ -46.909, -22.3823272 ], [ -46.909, -22.5823272 ], [ -47.109, -22.5823272 ], [ -47.109, -22.3823272 ] ] ] } },
{ "type": "Feature", "properties": { "fid": 534, "id": 885, "grid_status": "sem ponto" }, "geometry": { "type": "Polygon", "coordinates": [ [ [ -47.109, -22.5823272 ], [ -46.909, -22.5823272 ], [ -46.909, -22.7823272 ], [ -47.109, -22.7823272 ], [ -47.109, -22.5823272 ] ] ] } },
{ "type": "Feature", "properties": { "fid": 535, "id": 886, "grid_status": "não finalizado" }, "geometry": { "type": "Polygon", "coordinates": [ [ [ -47.109, -22.7823272 ], [ -46.909, -22.7823272 ], [ -46.909, -22.9823272 ], [ -47.109, -22.9823272 ], [ -47.109, -22.7823272 ] ] ] } },
{ "type": "Feature", "properties": { "fid": 536, "id": 887, "grid_status": "leucena" }, "geometry": { "type": "Polygon", "coordinates": [ [ [ -47.109, -22.9823272 ], [ -46.909, -22.9823272 ], [ -46.909, -23.1823272 ], [ -47.109, -23.1823272 ], [ -47.109, -22.9823272 ] ] ] } },
{ "type": "Feature", "properties": { "fid": 537, "id": 888, "grid_status": "leucena" }, "geometry": { "type": "Polygon", "coordinates": [ [ [ -47.109, -23.1823272 ], [ -46.909, -23.1823272 ], [ -46.909, -23.3823272 ], [ -47.109, -23.3823272 ], [ -47.109, -23.1823272 ] ] ] } },
{ "type": "Feature", "properties": { "fid": 538, "id": 889, "grid_status": "sem ponto" }, "geometry": { "type": "Polygon", "coordinates": [ [ [ -47.109, -23.3823272 ], [ -46.909, -23.3823272 ], [ -46.909, -23.5823272 ], [ -47.109, -23.5823272 ], [ -47.109, -23.3823272 ] ] ] } },
{ "type": "Feature", "properties": { "fid": 539, "id": 890, "grid_status": "sem ponto" }, "geometry": { "type": "Polygon", "coordinates": [ [ [ -47.109, -23.5823272 ], [ -46.909, -23.5823272 ], [ -46.909, -23.7823272 ], [ -47.109, -23.7823272 ], [ -47.109, -23.5823272 ] ] ] } },
{ "type": "Feature", "properties": { "fid": 540, "id": 891, "grid_status": "leucena" }, "geometry": { "type": "Polygon", "coordinates": [ [ [ -47.109, -23.7823272 ], [ -46.909, -23.7823272 ], [ -46.909, -23.9823272 ], [ -47.109, -23.9823272 ], [ -47.109, -23.7823272 ] ] ] } },
{ "type": "Feature", "properties": { "fid": 541, "id": 892, "grid_status": "sem ponto" }, "geometry": { "type": "Polygon", "coordinates": [ [ [ -47.109, -23.9823272 ], [ -46.909, -23.9823272 ], [ -46.909, -24.1823272 ], [ -47.109, -24.1823272 ], [ -47.109, -23.9823272 ] ] ] } },
{ "type": "Feature", "properties": { "fid": 542, "id": 893, "grid_status": "sem ponto" }, "geometry": { "type": "Polygon", "coordinates": [ [ [ -47.109, -24.1823272 ], [ -46.909, -24.1823272 ], [ -46.909, -24.3823272 ], [ -47.109, -24.3823272 ], [ -47.109, -24.1823272 ] ] ] } },
{ "type": "Feature", "properties": { "fid": 543, "id": 894, "grid_status": "sem ponto" }, "geometry": { "type": "Polygon", "coordinates": [ [ [ -47.109, -24.3823272 ], [ -46.909, -24.3823272 ], [ -46.909, -24.5823272 ], [ -47.109, -24.5823272 ], [ -47.109, -24.3823272 ] ] ] } },
{ "type": "Feature", "properties": { "fid": 544, "id": 895, "grid_status": "sem ponto" }, "geometry": { "type": "Polygon", "coordinates": [ [ [ -47.109, -24.5823272 ], [ -46.909, -24.5823272 ], [ -46.909, -24.7823272 ], [ -47.109, -24.7823272 ], [ -47.109, -24.5823272 ] ] ] } },
{ "type": "Feature", "properties": { "fid": 545, "id": 896, "grid_status": "sem ponto" }, "geometry": { "type": "Polygon", "coordinates": [ [ [ -47.109, -24.7823272 ], [ -46.909, -24.7823272 ], [ -46.909, -24.9823272 ], [ -47.109, -24.9823272 ], [ -47.109, -24.7823272 ] ] ] } },
{ "type": "Feature", "properties": { "fid": 546, "id": 897, "grid_status": "sem ponto" }, "geometry": { "type": "Polygon", "coordinates": [ [ [ -47.109, -24.9823272 ], [ -46.909, -24.9823272 ], [ -46.909, -25.1823272 ], [ -47.109, -25.1823272 ], [ -47.109, -24.9823272 ] ] ] } },
{ "type": "Feature", "properties": { "fid": 547, "id": 907, "grid_status": "sem ponto" }, "geometry": { "type": "Polygon", "coordinates": [ [ [ -46.909, -21.1823272 ], [ -46.709, -21.1823272 ], [ -46.709, -21.3823272 ], [ -46.909, -21.3823272 ], [ -46.909, -21.1823272 ] ] ] } },
{ "type": "Feature", "properties": { "fid": 548, "id": 908, "grid_status": "sem ponto" }, "geometry": { "type": "Polygon", "coordinates": [ [ [ -46.909, -21.3823272 ], [ -46.709, -21.3823272 ], [ -46.709, -21.5823272 ], [ -46.909, -21.5823272 ], [ -46.909, -21.3823272 ] ] ] } },
{ "type": "Feature", "properties": { "fid": 549, "id": 909, "grid_status": "sem ponto" }, "geometry": { "type": "Polygon", "coordinates": [ [ [ -46.909, -21.5823272 ], [ -46.709, -21.5823272 ], [ -46.709, -21.7823272 ], [ -46.909, -21.7823272 ], [ -46.909, -21.5823272 ] ] ] } },
{ "type": "Feature", "properties": { "fid": 550, "id": 910, "grid_status": "sem ponto" }, "geometry": { "type": "Polygon", "coordinates": [ [ [ -46.909, -21.7823272 ], [ -46.709, -21.7823272 ], [ -46.709, -21.9823272 ], [ -46.909, -21.9823272 ], [ -46.909, -21.7823272 ] ] ] } },
{ "type": "Feature", "properties": { "fid": 551, "id": 911, "grid_status": "sem ponto" }, "geometry": { "type": "Polygon", "coordinates": [ [ [ -46.909, -21.9823272 ], [ -46.709, -21.9823272 ], [ -46.709, -22.1823272 ], [ -46.909, -22.1823272 ], [ -46.909, -21.9823272 ] ] ] } },
{ "type": "Feature", "properties": { "fid": 552, "id": 912, "grid_status": "sem ponto" }, "geometry": { "type": "Polygon", "coordinates": [ [ [ -46.909, -22.1823272 ], [ -46.709, -22.1823272 ], [ -46.709, -22.3823272 ], [ -46.909, -22.3823272 ], [ -46.909, -22.1823272 ] ] ] } },
{ "type": "Feature", "properties": { "fid": 553, "id": 913, "grid_status": "sem ponto" }, "geometry": { "type": "Polygon", "coordinates": [ [ [ -46.909, -22.3823272 ], [ -46.709, -22.3823272 ], [ -46.709, -22.5823272 ], [ -46.909, -22.5823272 ], [ -46.909, -22.3823272 ] ] ] } },
{ "type": "Feature", "properties": { "fid": 554, "id": 914, "grid_status": "sem ponto" }, "geometry": { "type": "Polygon", "coordinates": [ [ [ -46.909, -22.5823272 ], [ -46.709, -22.5823272 ], [ -46.709, -22.7823272 ], [ -46.909, -22.7823272 ], [ -46.909, -22.5823272 ] ] ] } },
{ "type": "Feature", "properties": { "fid": 555, "id": 915, "grid_status": "sem ponto" }, "geometry": { "type": "Polygon", "coordinates": [ [ [ -46.909, -22.7823272 ], [ -46.709, -22.7823272 ], [ -46.709, -22.9823272 ], [ -46.909, -22.9823272 ], [ -46.909, -22.7823272 ] ] ] } },
{ "type": "Feature", "properties": { "fid": 556, "id": 916, "grid_status": "sem ponto" }, "geometry": { "type": "Polygon", "coordinates": [ [ [ -46.909, -22.9823272 ], [ -46.709, -22.9823272 ], [ -46.709, -23.1823272 ], [ -46.909, -23.1823272 ], [ -46.909, -22.9823272 ] ] ] } },
{ "type": "Feature", "properties": { "fid": 557, "id": 917, "grid_status": "leucena" }, "geometry": { "type": "Polygon", "coordinates": [ [ [ -46.909, -23.1823272 ], [ -46.709, -23.1823272 ], [ -46.709, -23.3823272 ], [ -46.909, -23.3823272 ], [ -46.909, -23.1823272 ] ] ] } },
{ "type": "Feature", "properties": { "fid": 558, "id": 918, "grid_status": "leucena" }, "geometry": { "type": "Polygon", "coordinates": [ [ [ -46.909, -23.3823272 ], [ -46.709, -23.3823272 ], [ -46.709, -23.5823272 ], [ -46.909, -23.5823272 ], [ -46.909, -23.3823272 ] ] ] } },
{ "type": "Feature", "properties": { "fid": 559, "id": 919, "grid_status": "leucena" }, "geometry": { "type": "Polygon", "coordinates": [ [ [ -46.909, -23.5823272 ], [ -46.709, -23.5823272 ], [ -46.709, -23.7823272 ], [ -46.909, -23.7823272 ], [ -46.909, -23.5823272 ] ] ] } },
{ "type": "Feature", "properties": { "fid": 560, "id": 920, "grid_status": "sem ponto" }, "geometry": { "type": "Polygon", "coordinates": [ [ [ -46.909, -23.7823272 ], [ -46.709, -23.7823272 ], [ -46.709, -23.9823272 ], [ -46.909, -23.9823272 ], [ -46.909, -23.7823272 ] ] ] } },
{ "type": "Feature", "properties": { "fid": 561, "id": 921, "grid_status": "sem ponto" }, "geometry": { "type": "Polygon", "coordinates": [ [ [ -46.909, -23.9823272 ], [ -46.709, -23.9823272 ], [ -46.709, -24.1823272 ], [ -46.909, -24.1823272 ], [ -46.909, -23.9823272 ] ] ] } },
{ "type": "Feature", "properties": { "fid": 562, "id": 922, "grid_status": "sem ponto" }, "geometry": { "type": "Polygon", "coordinates": [ [ [ -46.909, -24.1823272 ], [ -46.709, -24.1823272 ], [ -46.709, -24.3823272 ], [ -46.909, -24.3823272 ], [ -46.909, -24.1823272 ] ] ] } },
{ "type": "Feature", "properties": { "fid": 563, "id": 923, "grid_status": "sem ponto" }, "geometry": { "type": "Polygon", "coordinates": [ [ [ -46.909, -24.3823272 ], [ -46.709, -24.3823272 ], [ -46.709, -24.5823272 ], [ -46.909, -24.5823272 ], [ -46.909, -24.3823272 ] ] ] } },
{ "type": "Feature", "properties": { "fid": 564, "id": 924, "grid_status": "sem ponto" }, "geometry": { "type": "Polygon", "coordinates": [ [ [ -46.909, -24.5823272 ], [ -46.709, -24.5823272 ], [ -46.709, -24.7823272 ], [ -46.909, -24.7823272 ], [ -46.909, -24.5823272 ] ] ] } },
{ "type": "Feature", "properties": { "fid": 565, "id": 925, "grid_status": "sem ponto" }, "geometry": { "type": "Polygon", "coordinates": [ [ [ -46.909, -24.7823272 ], [ -46.709, -24.7823272 ], [ -46.709, -24.9823272 ], [ -46.909, -24.9823272 ], [ -46.909, -24.7823272 ] ] ] } },
{ "type": "Feature", "properties": { "fid": 566, "id": 936, "grid_status": "sem ponto" }, "geometry": { "type": "Polygon", "coordinates": [ [ [ -46.709, -21.1823272 ], [ -46.509, -21.1823272 ], [ -46.509, -21.3823272 ], [ -46.709, -21.3823272 ], [ -46.709, -21.1823272 ] ] ] } },
{ "type": "Feature", "properties": { "fid": 567, "id": 937, "grid_status": "sem ponto" }, "geometry": { "type": "Polygon", "coordinates": [ [ [ -46.709, -21.3823272 ], [ -46.509, -21.3823272 ], [ -46.509, -21.5823272 ], [ -46.709, -21.5823272 ], [ -46.709, -21.3823272 ] ] ] } },
{ "type": "Feature", "properties": { "fid": 568, "id": 938, "grid_status": "sem ponto" }, "geometry": { "type": "Polygon", "coordinates": [ [ [ -46.709, -21.5823272 ], [ -46.509, -21.5823272 ], [ -46.509, -21.7823272 ], [ -46.709, -21.7823272 ], [ -46.709, -21.5823272 ] ] ] } },
{ "type": "Feature", "properties": { "fid": 569, "id": 939, "grid_status": "sem ponto" }, "geometry": { "type": "Polygon", "coordinates": [ [ [ -46.709, -21.7823272 ], [ -46.509, -21.7823272 ], [ -46.509, -21.9823272 ], [ -46.709, -21.9823272 ], [ -46.709, -21.7823272 ] ] ] } },
{ "type": "Feature", "properties": { "fid": 570, "id": 940, "grid_status": "sem ponto" }, "geometry": { "type": "Polygon", "coordinates": [ [ [ -46.709, -21.9823272 ], [ -46.509, -21.9823272 ], [ -46.509, -22.1823272 ], [ -46.709, -22.1823272 ], [ -46.709, -21.9823272 ] ] ] } },
{ "type": "Feature", "properties": { "fid": 571, "id": 941, "grid_status": "sem ponto" }, "geometry": { "type": "Polygon", "coordinates": [ [ [ -46.709, -22.1823272 ], [ -46.509, -22.1823272 ], [ -46.509, -22.3823272 ], [ -46.709, -22.3823272 ], [ -46.709, -22.1823272 ] ] ] } },
{ "type": "Feature", "properties": { "fid": 572, "id": 942, "grid_status": "sem ponto" }, "geometry": { "type": "Polygon", "coordinates": [ [ [ -46.709, -22.3823272 ], [ -46.509, -22.3823272 ], [ -46.509, -22.5823272 ], [ -46.709, -22.5823272 ], [ -46.709, -22.3823272 ] ] ] } },
{ "type": "Feature", "properties": { "fid": 573, "id": 943, "grid_status": "sem ponto" }, "geometry": { "type": "Polygon", "coordinates": [ [ [ -46.709, -22.5823272 ], [ -46.509, -22.5823272 ], [ -46.509, -22.7823272 ], [ -46.709, -22.7823272 ], [ -46.709, -22.5823272 ] ] ] } },
{ "type": "Feature", "properties": { "fid": 574, "id": 944, "grid_status": "sem ponto" }, "geometry": { "type": "Polygon", "coordinates": [ [ [ -46.709, -22.7823272 ], [ -46.509, -22.7823272 ], [ -46.509, -22.9823272 ], [ -46.709, -22.9823272 ], [ -46.709, -22.7823272 ] ] ] } },
{ "type": "Feature", "properties": { "fid": 575, "id": 945, "grid_status": "leucena" }, "geometry": { "type": "Polygon", "coordinates": [ [ [ -46.709, -22.9823272 ], [ -46.509, -22.9823272 ], [ -46.509, -23.1823272 ], [ -46.709, -23.1823272 ], [ -46.709, -22.9823272 ] ] ] } },
{ "type": "Feature", "properties": { "fid": 576, "id": 946, "grid_status": "sem ponto" }, "geometry": { "type": "Polygon", "coordinates": [ [ [ -46.709, -23.1823272 ], [ -46.509, -23.1823272 ], [ -46.509, -23.3823272 ], [ -46.709, -23.3823272 ], [ -46.709, -23.1823272 ] ] ] } },
{ "type": "Feature", "properties": { "fid": 577, "id": 947, "grid_status": "leucena" }, "geometry": { "type": "Polygon", "coordinates": [ [ [ -46.709, -23.3823272 ], [ -46.509, -23.3823272 ], [ -46.509, -23.5823272 ], [ -46.709, -23.5823272 ], [ -46.709, -23.3823272 ] ] ] } },
{ "type": "Feature", "properties": { "fid": 578, "id": 948, "grid_status": "leucena" }, "geometry": { "type": "Polygon", "coordinates": [ [ [ -46.709, -23.5823272 ], [ -46.509, -23.5823272 ], [ -46.509, -23.7823272 ], [ -46.709, -23.7823272 ], [ -46.709, -23.5823272 ] ] ] } },
{ "type": "Feature", "properties": { "fid": 579, "id": 949, "grid_status": "sem ponto" }, "geometry": { "type": "Polygon", "coordinates": [ [ [ -46.709, -23.7823272 ], [ -46.509, -23.7823272 ], [ -46.509, -23.9823272 ], [ -46.709, -23.9823272 ], [ -46.709, -23.7823272 ] ] ] } },
{ "type": "Feature", "properties": { "fid": 580, "id": 950, "grid_status": "sem ponto" }, "geometry": { "type": "Polygon", "coordinates": [ [ [ -46.709, -23.9823272 ], [ -46.509, -23.9823272 ], [ -46.509, -24.1823272 ], [ -46.709, -24.1823272 ], [ -46.709, -23.9823272 ] ] ] } },
{ "type": "Feature", "properties": { "fid": 581, "id": 951, "grid_status": "sem ponto" }, "geometry": { "type": "Polygon", "coordinates": [ [ [ -46.709, -24.1823272 ], [ -46.509, -24.1823272 ], [ -46.509, -24.3823272 ], [ -46.709, -24.3823272 ], [ -46.709, -24.1823272 ] ] ] } },
{ "type": "Feature", "properties": { "fid": 582, "id": 952, "grid_status": "sem ponto" }, "geometry": { "type": "Polygon", "coordinates": [ [ [ -46.709, -24.3823272 ], [ -46.509, -24.3823272 ], [ -46.509, -24.5823272 ], [ -46.709, -24.5823272 ], [ -46.709, -24.3823272 ] ] ] } },
{ "type": "Feature", "properties": { "fid": 583, "id": 953, "grid_status": "sem ponto" }, "geometry": { "type": "Polygon", "coordinates": [ [ [ -46.709, -24.5823272 ], [ -46.509, -24.5823272 ], [ -46.509, -24.7823272 ], [ -46.709, -24.7823272 ], [ -46.709, -24.5823272 ] ] ] } },
{ "type": "Feature", "properties": { "fid": 584, "id": 966, "grid_status": "sem ponto" }, "geometry": { "type": "Polygon", "coordinates": [ [ [ -46.509, -21.3823272 ], [ -46.309, -21.3823272 ], [ -46.309, -21.5823272 ], [ -46.509, -21.5823272 ], [ -46.509, -21.3823272 ] ] ] } },
{ "type": "Feature", "properties": { "fid": 585, "id": 971, "grid_status": "sem ponto" }, "geometry": { "type": "Polygon", "coordinates": [ [ [ -46.509, -22.3823272 ], [ -46.309, -22.3823272 ], [ -46.309, -22.5823272 ], [ -46.509, -22.5823272 ], [ -46.509, -22.3823272 ] ] ] } },
{ "type": "Feature", "properties": { "fid": 586, "id": 972, "grid_status": "sem ponto" }, "geometry": { "type": "Polygon", "coordinates": [ [ [ -46.509, -22.5823272 ], [ -46.309, -22.5823272 ], [ -46.309, -22.7823272 ], [ -46.509, -22.7823272 ], [ -46.509, -22.5823272 ] ] ] } },
{ "type": "Feature", "properties": { "fid": 587, "id": 973, "grid_status": "sem ponto" }, "geometry": { "type": "Polygon", "coordinates": [ [ [ -46.509, -22.7823272 ], [ -46.309, -22.7823272 ], [ -46.309, -22.9823272 ], [ -46.509, -22.9823272 ], [ -46.509, -22.7823272 ] ] ] } },
{ "type": "Feature", "properties": { "fid": 588, "id": 974, "grid_status": "sem ponto" }, "geometry": { "type": "Polygon", "coordinates": [ [ [ -46.509, -22.9823272 ], [ -46.309, -22.9823272 ], [ -46.309, -23.1823272 ], [ -46.509, -23.1823272 ], [ -46.509, -22.9823272 ] ] ] } },
{ "type": "Feature", "properties": { "fid": 589, "id": 975, "grid_status": "sem ponto" }, "geometry": { "type": "Polygon", "coordinates": [ [ [ -46.509, -23.1823272 ], [ -46.309, -23.1823272 ], [ -46.309, -23.3823272 ], [ -46.509, -23.3823272 ], [ -46.509, -23.1823272 ] ] ] } },
{ "type": "Feature", "properties": { "fid": 590, "id": 976, "grid_status": "sem ponto" }, "geometry": { "type": "Polygon", "coordinates": [ [ [ -46.509, -23.3823272 ], [ -46.309, -23.3823272 ], [ -46.309, -23.5823272 ], [ -46.509, -23.5823272 ], [ -46.509, -23.3823272 ] ] ] } },
{ "type": "Feature", "properties": { "fid": 591, "id": 977, "grid_status": "sem ponto" }, "geometry": { "type": "Polygon", "coordinates": [ [ [ -46.509, -23.5823272 ], [ -46.309, -23.5823272 ], [ -46.309, -23.7823272 ], [ -46.509, -23.7823272 ], [ -46.509, -23.5823272 ] ] ] } },
{ "type": "Feature", "properties": { "fid": 592, "id": 978, "grid_status": "sem ponto" }, "geometry": { "type": "Polygon", "coordinates": [ [ [ -46.509, -23.7823272 ], [ -46.309, -23.7823272 ], [ -46.309, -23.9823272 ], [ -46.509, -23.9823272 ], [ -46.509, -23.7823272 ] ] ] } },
{ "type": "Feature", "properties": { "fid": 593, "id": 979, "grid_status": "sem ponto" }, "geometry": { "type": "Polygon", "coordinates": [ [ [ -46.509, -23.9823272 ], [ -46.309, -23.9823272 ], [ -46.309, -24.1823272 ], [ -46.509, -24.1823272 ], [ -46.509, -23.9823272 ] ] ] } },
{ "type": "Feature", "properties": { "fid": 594, "id": 980, "grid_status": "sem ponto" }, "geometry": { "type": "Polygon", "coordinates": [ [ [ -46.509, -24.1823272 ], [ -46.309, -24.1823272 ], [ -46.309, -24.3823272 ], [ -46.509, -24.3823272 ], [ -46.509, -24.1823272 ] ] ] } },
{ "type": "Feature", "properties": { "fid": 595, "id": 981, "grid_status": "sem ponto" }, "geometry": { "type": "Polygon", "coordinates": [ [ [ -46.509, -24.3823272 ], [ -46.309, -24.3823272 ], [ -46.309, -24.5823272 ], [ -46.509, -24.5823272 ], [ -46.509, -24.3823272 ] ] ] } },
{ "type": "Feature", "properties": { "fid": 596, "id": 982, "grid_status": "sem ponto" }, "geometry": { "type": "Polygon", "coordinates": [ [ [ -46.509, -24.5823272 ], [ -46.309, -24.5823272 ], [ -46.309, -24.7823272 ], [ -46.509, -24.7823272 ], [ -46.509, -24.5823272 ] ] ] } },
{ "type": "Feature", "properties": { "fid": 597, "id": 1002, "grid_status": "sem ponto" }, "geometry": { "type": "Polygon", "coordinates": [ [ [ -46.309, -22.7823272 ], [ -46.109, -22.7823272 ], [ -46.109, -22.9823272 ], [ -46.309, -22.9823272 ], [ -46.309, -22.7823272 ] ] ] } },
{ "type": "Feature", "properties": { "fid": 598, "id": 1003, "grid_status": "sem ponto" }, "geometry": { "type": "Polygon", "coordinates": [ [ [ -46.309, -22.9823272 ], [ -46.109, -22.9823272 ], [ -46.109, -23.1823272 ], [ -46.309, -23.1823272 ], [ -46.309, -22.9823272 ] ] ] } },
{ "type": "Feature", "properties": { "fid": 599, "id": 1004, "grid_status": "sem ponto" }, "geometry": { "type": "Polygon", "coordinates": [ [ [ -46.309, -23.1823272 ], [ -46.109, -23.1823272 ], [ -46.109, -23.3823272 ], [ -46.309, -23.3823272 ], [ -46.309, -23.1823272 ] ] ] } },
{ "type": "Feature", "properties": { "fid": 600, "id": 1005, "grid_status": "sem ponto" }, "geometry": { "type": "Polygon", "coordinates": [ [ [ -46.309, -23.3823272 ], [ -46.109, -23.3823272 ], [ -46.109, -23.5823272 ], [ -46.309, -23.5823272 ], [ -46.309, -23.3823272 ] ] ] } },
{ "type": "Feature", "properties": { "fid": 601, "id": 1006, "grid_status": "sem ponto" }, "geometry": { "type": "Polygon", "coordinates": [ [ [ -46.309, -23.5823272 ], [ -46.109, -23.5823272 ], [ -46.109, -23.7823272 ], [ -46.309, -23.7823272 ], [ -46.309, -23.5823272 ] ] ] } },
{ "type": "Feature", "properties": { "fid": 602, "id": 1007, "grid_status": "sem ponto" }, "geometry": { "type": "Polygon", "coordinates": [ [ [ -46.309, -23.7823272 ], [ -46.109, -23.7823272 ], [ -46.109, -23.9823272 ], [ -46.309, -23.9823272 ], [ -46.309, -23.7823272 ] ] ] } },
{ "type": "Feature", "properties": { "fid": 603, "id": 1008, "grid_status": "sem ponto" }, "geometry": { "type": "Polygon", "coordinates": [ [ [ -46.309, -23.9823272 ], [ -46.109, -23.9823272 ], [ -46.109, -24.1823272 ], [ -46.309, -24.1823272 ], [ -46.309, -23.9823272 ] ] ] } },
{ "type": "Feature", "properties": { "fid": 604, "id": 1009, "grid_status": "sem ponto" }, "geometry": { "type": "Polygon", "coordinates": [ [ [ -46.309, -24.1823272 ], [ -46.109, -24.1823272 ], [ -46.109, -24.3823272 ], [ -46.309, -24.3823272 ], [ -46.309, -24.1823272 ] ] ] } },
{ "type": "Feature", "properties": { "fid": 605, "id": 1010, "grid_status": "sem ponto" }, "geometry": { "type": "Polygon", "coordinates": [ [ [ -46.309, -24.3823272 ], [ -46.109, -24.3823272 ], [ -46.109, -24.5823272 ], [ -46.309, -24.5823272 ], [ -46.309, -24.3823272 ] ] ] } },
{ "type": "Feature", "properties": { "fid": 606, "id": 1011, "grid_status": "sem ponto" }, "geometry": { "type": "Polygon", "coordinates": [ [ [ -46.309, -24.5823272 ], [ -46.109, -24.5823272 ], [ -46.109, -24.7823272 ], [ -46.309, -24.7823272 ], [ -46.309, -24.5823272 ] ] ] } },
{ "type": "Feature", "properties": { "fid": 607, "id": 1031, "grid_status": "sem ponto" }, "geometry": { "type": "Polygon", "coordinates": [ [ [ -46.109, -22.7823272 ], [ -45.909, -22.7823272 ], [ -45.909, -22.9823272 ], [ -46.109, -22.9823272 ], [ -46.109, -22.7823272 ] ] ] } },
{ "type": "Feature", "properties": { "fid": 608, "id": 1032, "grid_status": "sem ponto" }, "geometry": { "type": "Polygon", "coordinates": [ [ [ -46.109, -22.9823272 ], [ -45.909, -22.9823272 ], [ -45.909, -23.1823272 ], [ -46.109, -23.1823272 ], [ -46.109, -22.9823272 ] ] ] } },
{ "type": "Feature", "properties": { "fid": 609, "id": 1033, "grid_status": "sem ponto" }, "geometry": { "type": "Polygon", "coordinates": [ [ [ -46.109, -23.1823272 ], [ -45.909, -23.1823272 ], [ -45.909, -23.3823272 ], [ -46.109, -23.3823272 ], [ -46.109, -23.1823272 ] ] ] } },
{ "type": "Feature", "properties": { "fid": 610, "id": 1034, "grid_status": "sem ponto" }, "geometry": { "type": "Polygon", "coordinates": [ [ [ -46.109, -23.3823272 ], [ -45.909, -23.3823272 ], [ -45.909, -23.5823272 ], [ -46.109, -23.5823272 ], [ -46.109, -23.3823272 ] ] ] } },
{ "type": "Feature", "properties": { "fid": 611, "id": 1035, "grid_status": "sem ponto" }, "geometry": { "type": "Polygon", "coordinates": [ [ [ -46.109, -23.5823272 ], [ -45.909, -23.5823272 ], [ -45.909, -23.7823272 ], [ -46.109, -23.7823272 ], [ -46.109, -23.5823272 ] ] ] } },
{ "type": "Feature", "properties": { "fid": 612, "id": 1036, "grid_status": "sem ponto" }, "geometry": { "type": "Polygon", "coordinates": [ [ [ -46.109, -23.7823272 ], [ -45.909, -23.7823272 ], [ -45.909, -23.9823272 ], [ -46.109, -23.9823272 ], [ -46.109, -23.7823272 ] ] ] } },
{ "type": "Feature", "properties": { "fid": 613, "id": 1037, "grid_status": "sem ponto" }, "geometry": { "type": "Polygon", "coordinates": [ [ [ -46.109, -23.9823272 ], [ -45.909, -23.9823272 ], [ -45.909, -24.1823272 ], [ -46.109, -24.1823272 ], [ -46.109, -23.9823272 ] ] ] } },
{ "type": "Feature", "properties": { "fid": 614, "id": 1038, "grid_status": "sem ponto" }, "geometry": { "type": "Polygon", "coordinates": [ [ [ -46.109, -24.1823272 ], [ -45.909, -24.1823272 ], [ -45.909, -24.3823272 ], [ -46.109, -24.3823272 ], [ -46.109, -24.1823272 ] ] ] } },
{ "type": "Feature", "properties": { "fid": 615, "id": 1039, "grid_status": "sem ponto" }, "geometry": { "type": "Polygon", "coordinates": [ [ [ -46.109, -24.3823272 ], [ -45.909, -24.3823272 ], [ -45.909, -24.5823272 ], [ -46.109, -24.5823272 ], [ -46.109, -24.3823272 ] ] ] } },
{ "type": "Feature", "properties": { "fid": 616, "id": 1058, "grid_status": "sem ponto" }, "geometry": { "type": "Polygon", "coordinates": [ [ [ -45.909, -22.3823272 ], [ -45.709, -22.3823272 ], [ -45.709, -22.5823272 ], [ -45.909, -22.5823272 ], [ -45.909, -22.3823272 ] ] ] } },
{ "type": "Feature", "properties": { "fid": 617, "id": 1059, "grid_status": "sem ponto" }, "geometry": { "type": "Polygon", "coordinates": [ [ [ -45.909, -22.5823272 ], [ -45.709, -22.5823272 ], [ -45.709, -22.7823272 ], [ -45.909, -22.7823272 ], [ -45.909, -22.5823272 ] ] ] } },
{ "type": "Feature", "properties": { "fid": 618, "id": 1060, "grid_status": "sem ponto" }, "geometry": { "type": "Polygon", "coordinates": [ [ [ -45.909, -22.7823272 ], [ -45.709, -22.7823272 ], [ -45.709, -22.9823272 ], [ -45.909, -22.9823272 ], [ -45.909, -22.7823272 ] ] ] } },
{ "type": "Feature", "properties": { "fid": 619, "id": 1061, "grid_status": "sem ponto" }, "geometry": { "type": "Polygon", "coordinates": [ [ [ -45.909, -22.9823272 ], [ -45.709, -22.9823272 ], [ -45.709, -23.1823272 ], [ -45.909, -23.1823272 ], [ -45.909, -22.9823272 ] ] ] } },
{ "type": "Feature", "properties": { "fid": 620, "id": 1062, "grid_status": "sem ponto" }, "geometry": { "type": "Polygon", "coordinates": [ [ [ -45.909, -23.1823272 ], [ -45.709, -23.1823272 ], [ -45.709, -23.3823272 ], [ -45.909, -23.3823272 ], [ -45.909, -23.1823272 ] ] ] } },
{ "type": "Feature", "properties": { "fid": 621, "id": 1063, "grid_status": "sem ponto" }, "geometry": { "type": "Polygon", "coordinates": [ [ [ -45.909, -23.3823272 ], [ -45.709, -23.3823272 ], [ -45.709, -23.5823272 ], [ -45.909, -23.5823272 ], [ -45.909, -23.3823272 ] ] ] } },
{ "type": "Feature", "properties": { "fid": 622, "id": 1064, "grid_status": "sem ponto" }, "geometry": { "type": "Polygon", "coordinates": [ [ [ -45.909, -23.5823272 ], [ -45.709, -23.5823272 ], [ -45.709, -23.7823272 ], [ -45.909, -23.7823272 ], [ -45.909, -23.5823272 ] ] ] } },
{ "type": "Feature", "properties": { "fid": 623, "id": 1065, "grid_status": "sem ponto" }, "geometry": { "type": "Polygon", "coordinates": [ [ [ -45.909, -23.7823272 ], [ -45.709, -23.7823272 ], [ -45.709, -23.9823272 ], [ -45.909, -23.9823272 ], [ -45.909, -23.7823272 ] ] ] } },
{ "type": "Feature", "properties": { "fid": 624, "id": 1066, "grid_status": "sem ponto" }, "geometry": { "type": "Polygon", "coordinates": [ [ [ -45.909, -23.9823272 ], [ -45.709, -23.9823272 ], [ -45.709, -24.1823272 ], [ -45.909, -24.1823272 ], [ -45.909, -23.9823272 ] ] ] } },
{ "type": "Feature", "properties": { "fid": 625, "id": 1067, "grid_status": "sem ponto" }, "geometry": { "type": "Polygon", "coordinates": [ [ [ -45.909, -24.1823272 ], [ -45.709, -24.1823272 ], [ -45.709, -24.3823272 ], [ -45.909, -24.3823272 ], [ -45.909, -24.1823272 ] ] ] } },
{ "type": "Feature", "properties": { "fid": 626, "id": 1068, "grid_status": "sem ponto" }, "geometry": { "type": "Polygon", "coordinates": [ [ [ -45.909, -24.3823272 ], [ -45.709, -24.3823272 ], [ -45.709, -24.5823272 ], [ -45.909, -24.5823272 ], [ -45.909, -24.3823272 ] ] ] } },
{ "type": "Feature", "properties": { "fid": 627, "id": 1087, "grid_status": "sem ponto" }, "geometry": { "type": "Polygon", "coordinates": [ [ [ -45.709, -22.3823272 ], [ -45.509, -22.3823272 ], [ -45.509, -22.5823272 ], [ -45.709, -22.5823272 ], [ -45.709, -22.3823272 ] ] ] } },
{ "type": "Feature", "properties": { "fid": 628, "id": 1088, "grid_status": "sem ponto" }, "geometry": { "type": "Polygon", "coordinates": [ [ [ -45.709, -22.5823272 ], [ -45.509, -22.5823272 ], [ -45.509, -22.7823272 ], [ -45.709, -22.7823272 ], [ -45.709, -22.5823272 ] ] ] } },
{ "type": "Feature", "properties": { "fid": 629, "id": 1089, "grid_status": "sem ponto" }, "geometry": { "type": "Polygon", "coordinates": [ [ [ -45.709, -22.7823272 ], [ -45.509, -22.7823272 ], [ -45.509, -22.9823272 ], [ -45.709, -22.9823272 ], [ -45.709, -22.7823272 ] ] ] } },
{ "type": "Feature", "properties": { "fid": 630, "id": 1090, "grid_status": "sem ponto" }, "geometry": { "type": "Polygon", "coordinates": [ [ [ -45.709, -22.9823272 ], [ -45.509, -22.9823272 ], [ -45.509, -23.1823272 ], [ -45.709, -23.1823272 ], [ -45.709, -22.9823272 ] ] ] } },
{ "type": "Feature", "properties": { "fid": 631, "id": 1091, "grid_status": "sem ponto" }, "geometry": { "type": "Polygon", "coordinates": [ [ [ -45.709, -23.1823272 ], [ -45.509, -23.1823272 ], [ -45.509, -23.3823272 ], [ -45.709, -23.3823272 ], [ -45.709, -23.1823272 ] ] ] } },
{ "type": "Feature", "properties": { "fid": 632, "id": 1092, "grid_status": "sem ponto" }, "geometry": { "type": "Polygon", "coordinates": [ [ [ -45.709, -23.3823272 ], [ -45.509, -23.3823272 ], [ -45.509, -23.5823272 ], [ -45.709, -23.5823272 ], [ -45.709, -23.3823272 ] ] ] } },
{ "type": "Feature", "properties": { "fid": 633, "id": 1093, "grid_status": "sem ponto" }, "geometry": { "type": "Polygon", "coordinates": [ [ [ -45.709, -23.5823272 ], [ -45.509, -23.5823272 ], [ -45.509, -23.7823272 ], [ -45.709, -23.7823272 ], [ -45.709, -23.5823272 ] ] ] } },
{ "type": "Feature", "properties": { "fid": 634, "id": 1094, "grid_status": "sem ponto" }, "geometry": { "type": "Polygon", "coordinates": [ [ [ -45.709, -23.7823272 ], [ -45.509, -23.7823272 ], [ -45.509, -23.9823272 ], [ -45.709, -23.9823272 ], [ -45.709, -23.7823272 ] ] ] } },
{ "type": "Feature", "properties": { "fid": 635, "id": 1095, "grid_status": "sem ponto" }, "geometry": { "type": "Polygon", "coordinates": [ [ [ -45.709, -23.9823272 ], [ -45.509, -23.9823272 ], [ -45.509, -24.1823272 ], [ -45.709, -24.1823272 ], [ -45.709, -23.9823272 ] ] ] } },
{ "type": "Feature", "properties": { "fid": 636, "id": 1096, "grid_status": "sem ponto" }, "geometry": { "type": "Polygon", "coordinates": [ [ [ -45.709, -24.1823272 ], [ -45.509, -24.1823272 ], [ -45.509, -24.3823272 ], [ -45.709, -24.3823272 ], [ -45.709, -24.1823272 ] ] ] } },
{ "type": "Feature", "properties": { "fid": 637, "id": 1117, "grid_status": "sem ponto" }, "geometry": { "type": "Polygon", "coordinates": [ [ [ -45.509, -22.5823272 ], [ -45.309, -22.5823272 ], [ -45.309, -22.7823272 ], [ -45.509, -22.7823272 ], [ -45.509, -22.5823272 ] ] ] } },
{ "type": "Feature", "properties": { "fid": 638, "id": 1118, "grid_status": "sem ponto" }, "geometry": { "type": "Polygon", "coordinates": [ [ [ -45.509, -22.7823272 ], [ -45.309, -22.7823272 ], [ -45.309, -22.9823272 ], [ -45.509, -22.9823272 ], [ -45.509, -22.7823272 ] ] ] } },
{ "type": "Feature", "properties": { "fid": 639, "id": 1119, "grid_status": "sem ponto" }, "geometry": { "type": "Polygon", "coordinates": [ [ [ -45.509, -22.9823272 ], [ -45.309, -22.9823272 ], [ -45.309, -23.1823272 ], [ -45.509, -23.1823272 ], [ -45.509, -22.9823272 ] ] ] } },
{ "type": "Feature", "properties": { "fid": 640, "id": 1120, "grid_status": "sem ponto" }, "geometry": { "type": "Polygon", "coordinates": [ [ [ -45.509, -23.1823272 ], [ -45.309, -23.1823272 ], [ -45.309, -23.3823272 ], [ -45.509, -23.3823272 ], [ -45.509, -23.1823272 ] ] ] } },
{ "type": "Feature", "properties": { "fid": 641, "id": 1121, "grid_status": "sem ponto" }, "geometry": { "type": "Polygon", "coordinates": [ [ [ -45.509, -23.3823272 ], [ -45.309, -23.3823272 ], [ -45.309, -23.5823272 ], [ -45.509, -23.5823272 ], [ -45.509, -23.3823272 ] ] ] } },
{ "type": "Feature", "properties": { "fid": 642, "id": 1122, "grid_status": "sem ponto" }, "geometry": { "type": "Polygon", "coordinates": [ [ [ -45.509, -23.5823272 ], [ -45.309, -23.5823272 ], [ -45.309, -23.7823272 ], [ -45.509, -23.7823272 ], [ -45.509, -23.5823272 ] ] ] } },
{ "type": "Feature", "properties": { "fid": 643, "id": 1123, "grid_status": "sem ponto" }, "geometry": { "type": "Polygon", "coordinates": [ [ [ -45.509, -23.7823272 ], [ -45.309, -23.7823272 ], [ -45.309, -23.9823272 ], [ -45.509, -23.9823272 ], [ -45.509, -23.7823272 ] ] ] } },
{ "type": "Feature", "properties": { "fid": 644, "id": 1124, "grid_status": "sem ponto" }, "geometry": { "type": "Polygon", "coordinates": [ [ [ -45.509, -23.9823272 ], [ -45.309, -23.9823272 ], [ -45.309, -24.1823272 ], [ -45.509, -24.1823272 ], [ -45.509, -23.9823272 ] ] ] } },
{ "type": "Feature", "properties": { "fid": 645, "id": 1125, "grid_status": "sem ponto" }, "geometry": { "type": "Polygon", "coordinates": [ [ [ -45.509, -24.1823272 ], [ -45.309, -24.1823272 ], [ -45.309, -24.3823272 ], [ -45.509, -24.3823272 ], [ -45.509, -24.1823272 ] ] ] } },
{ "type": "Feature", "properties": { "fid": 646, "id": 1145, "grid_status": "sem ponto" }, "geometry": { "type": "Polygon", "coordinates": [ [ [ -45.309, -22.3823272 ], [ -45.109, -22.3823272 ], [ -45.109, -22.5823272 ], [ -45.309, -22.5823272 ], [ -45.309, -22.3823272 ] ] ] } },
{ "type": "Feature", "properties": { "fid": 647, "id": 1146, "grid_status": "sem ponto" }, "geometry": { "type": "Polygon", "coordinates": [ [ [ -45.309, -22.5823272 ], [ -45.109, -22.5823272 ], [ -45.109, -22.7823272 ], [ -45.309, -22.7823272 ], [ -45.309, -22.5823272 ] ] ] } },
{ "type": "Feature", "properties": { "fid": 648, "id": 1147, "grid_status": "sem ponto" }, "geometry": { "type": "Polygon", "coordinates": [ [ [ -45.309, -22.7823272 ], [ -45.109, -22.7823272 ], [ -45.109, -22.9823272 ], [ -45.309, -22.9823272 ], [ -45.309, -22.7823272 ] ] ] } },
{ "type": "Feature", "properties": { "fid": 649, "id": 1148, "grid_status": "sem ponto" }, "geometry": { "type": "Polygon", "coordinates": [ [ [ -45.309, -22.9823272 ], [ -45.109, -22.9823272 ], [ -45.109, -23.1823272 ], [ -45.309, -23.1823272 ], [ -45.309, -22.9823272 ] ] ] } },
{ "type": "Feature", "properties": { "fid": 650, "id": 1149, "grid_status": "sem ponto" }, "geometry": { "type": "Polygon", "coordinates": [ [ [ -45.309, -23.1823272 ], [ -45.109, -23.1823272 ], [ -45.109, -23.3823272 ], [ -45.309, -23.3823272 ], [ -45.309, -23.1823272 ] ] ] } },
{ "type": "Feature", "properties": { "fid": 651, "id": 1150, "grid_status": "sem ponto" }, "geometry": { "type": "Polygon", "coordinates": [ [ [ -45.309, -23.3823272 ], [ -45.109, -23.3823272 ], [ -45.109, -23.5823272 ], [ -45.309, -23.5823272 ], [ -45.309, -23.3823272 ] ] ] } },
{ "type": "Feature", "properties": { "fid": 652, "id": 1151, "grid_status": "sem ponto" }, "geometry": { "type": "Polygon", "coordinates": [ [ [ -45.309, -23.5823272 ], [ -45.109, -23.5823272 ], [ -45.109, -23.7823272 ], [ -45.309, -23.7823272 ], [ -45.309, -23.5823272 ] ] ] } },
{ "type": "Feature", "properties": { "fid": 653, "id": 1152, "grid_status": "sem ponto" }, "geometry": { "type": "Polygon", "coordinates": [ [ [ -45.309, -23.7823272 ], [ -45.109, -23.7823272 ], [ -45.109, -23.9823272 ], [ -45.309, -23.9823272 ], [ -45.309, -23.7823272 ] ] ] } },
{ "type": "Feature", "properties": { "fid": 654, "id": 1153, "grid_status": "sem ponto" }, "geometry": { "type": "Polygon", "coordinates": [ [ [ -45.309, -23.9823272 ], [ -45.109, -23.9823272 ], [ -45.109, -24.1823272 ], [ -45.309, -24.1823272 ], [ -45.309, -23.9823272 ] ] ] } },
{ "type": "Feature", "properties": { "fid": 655, "id": 1154, "grid_status": "sem ponto" }, "geometry": { "type": "Polygon", "coordinates": [ [ [ -45.309, -24.1823272 ], [ -45.109, -24.1823272 ], [ -45.109, -24.3823272 ], [ -45.309, -24.3823272 ], [ -45.309, -24.1823272 ] ] ] } },
{ "type": "Feature", "properties": { "fid": 656, "id": 1174, "grid_status": "sem ponto" }, "geometry": { "type": "Polygon", "coordinates": [ [ [ -45.109, -22.3823272 ], [ -44.909, -22.3823272 ], [ -44.909, -22.5823272 ], [ -45.109, -22.5823272 ], [ -45.109, -22.3823272 ] ] ] } },
{ "type": "Feature", "properties": { "fid": 657, "id": 1175, "grid_status": "leucena" }, "geometry": { "type": "Polygon", "coordinates": [ [ [ -45.109, -22.5823272 ], [ -44.909, -22.5823272 ], [ -44.909, -22.7823272 ], [ -45.109, -22.7823272 ], [ -45.109, -22.5823272 ] ] ] } },
{ "type": "Feature", "properties": { "fid": 658, "id": 1176, "grid_status": "sem ponto" }, "geometry": { "type": "Polygon", "coordinates": [ [ [ -45.109, -22.7823272 ], [ -44.909, -22.7823272 ], [ -44.909, -22.9823272 ], [ -45.109, -22.9823272 ], [ -45.109, -22.7823272 ] ] ] } },
{ "type": "Feature", "properties": { "fid": 659, "id": 1177, "grid_status": "sem ponto" }, "geometry": { "type": "Polygon", "coordinates": [ [ [ -45.109, -22.9823272 ], [ -44.909, -22.9823272 ], [ -44.909, -23.1823272 ], [ -45.109, -23.1823272 ], [ -45.109, -22.9823272 ] ] ] } },
{ "type": "Feature", "properties": { "fid": 660, "id": 1178, "grid_status": "sem ponto" }, "geometry": { "type": "Polygon", "coordinates": [ [ [ -45.109, -23.1823272 ], [ -44.909, -23.1823272 ], [ -44.909, -23.3823272 ], [ -45.109, -23.3823272 ], [ -45.109, -23.1823272 ] ] ] } },
{ "type": "Feature", "properties": { "fid": 661, "id": 1179, "grid_status": "sem ponto" }, "geometry": { "type": "Polygon", "coordinates": [ [ [ -45.109, -23.3823272 ], [ -44.909, -23.3823272 ], [ -44.909, -23.5823272 ], [ -45.109, -23.5823272 ], [ -45.109, -23.3823272 ] ] ] } },
{ "type": "Feature", "properties": { "fid": 662, "id": 1180, "grid_status": "sem ponto" }, "geometry": { "type": "Polygon", "coordinates": [ [ [ -45.109, -23.5823272 ], [ -44.909, -23.5823272 ], [ -44.909, -23.7823272 ], [ -45.109, -23.7823272 ], [ -45.109, -23.5823272 ] ] ] } },
{ "type": "Feature", "properties": { "fid": 663, "id": 1181, "grid_status": "sem ponto" }, "geometry": { "type": "Polygon", "coordinates": [ [ [ -45.109, -23.7823272 ], [ -44.909, -23.7823272 ], [ -44.909, -23.9823272 ], [ -45.109, -23.9823272 ], [ -45.109, -23.7823272 ] ] ] } },
{ "type": "Feature", "properties": { "fid": 664, "id": 1182, "grid_status": "sem ponto" }, "geometry": { "type": "Polygon", "coordinates": [ [ [ -45.109, -23.9823272 ], [ -44.909, -23.9823272 ], [ -44.909, -24.1823272 ], [ -45.109, -24.1823272 ], [ -45.109, -23.9823272 ] ] ] } },
{ "type": "Feature", "properties": { "fid": 665, "id": 1203, "grid_status": "sem ponto" }, "geometry": { "type": "Polygon", "coordinates": [ [ [ -44.909, -22.3823272 ], [ -44.709, -22.3823272 ], [ -44.709, -22.5823272 ], [ -44.909, -22.5823272 ], [ -44.909, -22.3823272 ] ] ] } },
{ "type": "Feature", "properties": { "fid": 666, "id": 1204, "grid_status": "sem ponto" }, "geometry": { "type": "Polygon", "coordinates": [ [ [ -44.909, -22.5823272 ], [ -44.709, -22.5823272 ], [ -44.709, -22.7823272 ], [ -44.909, -22.7823272 ], [ -44.909, -22.5823272 ] ] ] } },
{ "type": "Feature", "properties": { "fid": 667, "id": 1205, "grid_status": "sem ponto" }, "geometry": { "type": "Polygon", "coordinates": [ [ [ -44.909, -22.7823272 ], [ -44.709, -22.7823272 ], [ -44.709, -22.9823272 ], [ -44.909, -22.9823272 ], [ -44.909, -22.7823272 ] ] ] } },
{ "type": "Feature", "properties": { "fid": 668, "id": 1206, "grid_status": "sem ponto" }, "geometry": { "type": "Polygon", "coordinates": [ [ [ -44.909, -22.9823272 ], [ -44.709, -22.9823272 ], [ -44.709, -23.1823272 ], [ -44.909, -23.1823272 ], [ -44.909, -22.9823272 ] ] ] } },
{ "type": "Feature", "properties": { "fid": 669, "id": 1207, "grid_status": "sem ponto" }, "geometry": { "type": "Polygon", "coordinates": [ [ [ -44.909, -23.1823272 ], [ -44.709, -23.1823272 ], [ -44.709, -23.3823272 ], [ -44.909, -23.3823272 ], [ -44.909, -23.1823272 ] ] ] } },
{ "type": "Feature", "properties": { "fid": 670, "id": 1208, "grid_status": "sem ponto" }, "geometry": { "type": "Polygon", "coordinates": [ [ [ -44.909, -23.3823272 ], [ -44.709, -23.3823272 ], [ -44.709, -23.5823272 ], [ -44.909, -23.5823272 ], [ -44.909, -23.3823272 ] ] ] } },
{ "type": "Feature", "properties": { "fid": 671, "id": 1209, "grid_status": "sem ponto" }, "geometry": { "type": "Polygon", "coordinates": [ [ [ -44.909, -23.5823272 ], [ -44.709, -23.5823272 ], [ -44.709, -23.7823272 ], [ -44.909, -23.7823272 ], [ -44.909, -23.5823272 ] ] ] } },
{ "type": "Feature", "properties": { "fid": 672, "id": 1210, "grid_status": "sem ponto" }, "geometry": { "type": "Polygon", "coordinates": [ [ [ -44.909, -23.7823272 ], [ -44.709, -23.7823272 ], [ -44.709, -23.9823272 ], [ -44.909, -23.9823272 ], [ -44.909, -23.7823272 ] ] ] } },
{ "type": "Feature", "properties": { "fid": 673, "id": 1211, "grid_status": "sem ponto" }, "geometry": { "type": "Polygon", "coordinates": [ [ [ -44.909, -23.9823272 ], [ -44.709, -23.9823272 ], [ -44.709, -24.1823272 ], [ -44.909, -24.1823272 ], [ -44.909, -23.9823272 ] ] ] } },
{ "type": "Feature", "properties": { "fid": 674, "id": 1232, "grid_status": "sem ponto" }, "geometry": { "type": "Polygon", "coordinates": [ [ [ -44.709, -22.3823272 ], [ -44.509, -22.3823272 ], [ -44.509, -22.5823272 ], [ -44.709, -22.5823272 ], [ -44.709, -22.3823272 ] ] ] } },
{ "type": "Feature", "properties": { "fid": 675, "id": 1233, "grid_status": "sem ponto" }, "geometry": { "type": "Polygon", "coordinates": [ [ [ -44.709, -22.5823272 ], [ -44.509, -22.5823272 ], [ -44.509, -22.7823272 ], [ -44.709, -22.7823272 ], [ -44.709, -22.5823272 ] ] ] } },
{ "type": "Feature", "properties": { "fid": 676, "id": 1234, "grid_status": "sem ponto" }, "geometry": { "type": "Polygon", "coordinates": [ [ [ -44.709, -22.7823272 ], [ -44.509, -22.7823272 ], [ -44.509, -22.9823272 ], [ -44.709, -22.9823272 ], [ -44.709, -22.7823272 ] ] ] } },
{ "type": "Feature", "properties": { "fid": 677, "id": 1237, "grid_status": "sem ponto" }, "geometry": { "type": "Polygon", "coordinates": [ [ [ -44.709, -23.3823272 ], [ -44.509, -23.3823272 ], [ -44.509, -23.5823272 ], [ -44.709, -23.5823272 ], [ -44.709, -23.3823272 ] ] ] } },
{ "type": "Feature", "properties": { "fid": 678, "id": 1238, "grid_status": "sem ponto" }, "geometry": { "type": "Polygon", "coordinates": [ [ [ -44.709, -23.5823272 ], [ -44.509, -23.5823272 ], [ -44.509, -23.7823272 ], [ -44.709, -23.7823272 ], [ -44.709, -23.5823272 ] ] ] } },
{ "type": "Feature", "properties": { "fid": 679, "id": 1239, "grid_status": "sem ponto" }, "geometry": { "type": "Polygon", "coordinates": [ [ [ -44.709, -23.7823272 ], [ -44.509, -23.7823272 ], [ -44.509, -23.9823272 ], [ -44.709, -23.9823272 ], [ -44.709, -23.7823272 ] ] ] } },
{ "type": "Feature", "properties": { "fid": 680, "id": 1261, "grid_status": "sem ponto" }, "geometry": { "type": "Polygon", "coordinates": [ [ [ -44.509, -22.3823272 ], [ -44.309, -22.3823272 ], [ -44.309, -22.5823272 ], [ -44.509, -22.5823272 ], [ -44.509, -22.3823272 ] ] ] } },
{ "type": "Feature", "properties": { "fid": 681, "id": 1262, "grid_status": "sem ponto" }, "geometry": { "type": "Polygon", "coordinates": [ [ [ -44.509, -22.5823272 ], [ -44.309, -22.5823272 ], [ -44.309, -22.7823272 ], [ -44.509, -22.7823272 ], [ -44.509, -22.5823272 ] ] ] } },
{ "type": "Feature", "properties": { "fid": 682, "id": 1263, "grid_status": "sem ponto" }, "geometry": { "type": "Polygon", "coordinates": [ [ [ -44.509, -22.7823272 ], [ -44.309, -22.7823272 ], [ -44.309, -22.9823272 ], [ -44.509, -22.9823272 ], [ -44.509, -22.7823272 ] ] ] } },
{ "type": "Feature", "properties": { "fid": 683, "id": 1267, "grid_status": "sem ponto" }, "geometry": { "type": "Polygon", "coordinates": [ [ [ -44.509, -23.5823272 ], [ -44.309, -23.5823272 ], [ -44.309, -23.7823272 ], [ -44.509, -23.7823272 ], [ -44.509, -23.5823272 ] ] ] } },
{ "type": "Feature", "properties": { "fid": 684, "id": 1291, "grid_status": "sem ponto" }, "geometry": { "type": "Polygon", "coordinates": [ [ [ -44.309, -22.5823272 ], [ -44.109, -22.5823272 ], [ -44.109, -22.7823272 ], [ -44.309, -22.7823272 ], [ -44.309, -22.5823272 ] ] ] } },
{ "type": "Feature", "properties": { "fid": 685, "id": 1292, "grid_status": "sem ponto" }, "geometry": { "type": "Polygon", "coordinates": [ [ [ -44.309, -22.7823272 ], [ -44.109, -22.7823272 ], [ -44.109, -22.9823272 ], [ -44.309, -22.9823272 ], [ -44.309, -22.7823272 ] ] ] } }
]
}
