{
"type": "FeatureCollection",
"name": "grid-leucenas",
"crs": { "type": "name", "properties": { "name": "urn:ogc:def:crs:OGC:1.3:CRS84" } },
"features": [
{ "type": "Feature", "properties": { "fid": 1, "id": 971, "grid_status": "no point", "NUMPOINTS": 0.0, "GRID_ID": "971" }, "geometry": { "type": "MultiPolygon", "coordinates": [ [ [ [ -46.509, -22.3823272 ], [ -46.309, -22.3823272 ], [ -46.309, -22.5823272 ], [ -46.509, -22.5823272 ], [ -46.509, -22.3823272 ] ] ] ] } },
{ "type": "Feature", "properties": { "fid": 2, "id": 972, "grid_status": "no point", "NUMPOINTS": 0.0, "GRID_ID": "972" }, "geometry": { "type": "MultiPolygon", "coordinates": [ [ [ [ -46.509, -22.5823272 ], [ -46.309, -22.5823272 ], [ -46.309, -22.7823272 ], [ -46.509, -22.7823272 ], [ -46.509, -22.5823272 ] ] ] ] } },
{ "type": "Feature", "properties": { "fid": 3, "id": 973, "grid_status": "not finished yet", "NUMPOINTS": 1.0, "GRID_ID": "973" }, "geometry": { "type": "MultiPolygon", "coordinates": [ [ [ [ -46.509, -22.7823272 ], [ -46.309, -22.7823272 ], [ -46.309, -22.9823272 ], [ -46.509, -22.9823272 ], [ -46.509, -22.7823272 ] ] ] ] } },
{ "type": "Feature", "properties": { "fid": 4, "id": 974, "grid_status": "not finished yet", "NUMPOINTS": 3.0, "GRID_ID": "974" }, "geometry": { "type": "MultiPolygon", "coordinates": [ [ [ [ -46.509, -22.9823272 ], [ -46.309, -22.9823272 ], [ -46.309, -23.1823272 ], [ -46.509, -23.1823272 ], [ -46.509, -22.9823272 ] ] ] ] } },
{ "type": "Feature", "properties": { "fid": 5, "id": 975, "grid_status": "no point", "NUMPOINTS": 0.0, "GRID_ID": "975" }, "geometry": { "type": "MultiPolygon", "coordinates": [ [ [ [ -46.509, -23.1823272 ], [ -46.309, -23.1823272 ], [ -46.309, -23.3823272 ], [ -46.509, -23.3823272 ], [ -46.509, -23.1823272 ] ] ] ] } },
{ "type": "Feature", "properties": { "fid": 6, "id": 976, "grid_status": "not finished yet", "NUMPOINTS": 5.0, "GRID_ID": "976-1" }, "geometry": { "type": "Polygon", "coordinates": [ [ [ -46.509, -23.5823272 ], [ -46.409, -23.5823272 ], [ -46.409, -23.4823272 ], [ -46.509, -23.4823272 ], [ -46.509, -23.5823272 ] ] ] } },
{ "type": "Feature", "properties": { "fid": 7, "id": 976, "grid_status": "not finished yet", "NUMPOINTS": 3.0, "GRID_ID": "976-1" }, "geometry": { "type": "Polygon", "coordinates": [ [ [ -46.409, -23.5823272 ], [ -46.309, -23.5823272 ], [ -46.309, -23.4823272 ], [ -46.409, -23.4823272 ], [ -46.409, -23.5823272 ] ] ] } },
{ "type": "Feature", "properties": { "fid": 8, "id": 976, "grid_status": "not finished yet", "NUMPOINTS": 2.0, "GRID_ID": "976-1" }, "geometry": { "type": "Polygon", "coordinates": [ [ [ -46.509, -23.4823272 ], [ -46.409, -23.4823272 ], [ -46.409, -23.3823272 ], [ -46.509, -23.3823272 ], [ -46.509, -23.4823272 ] ] ] } },
{ "type": "Feature", "properties": { "fid": 9, "id": 976, "grid_status": "not finished yet", "NUMPOINTS": 1.0, "GRID_ID": "976-1" }, "geometry": { "type": "Polygon", "coordinates": [ [ [ -46.409, -23.4823272 ], [ -46.309, -23.4823272 ], [ -46.309, -23.3823272 ], [ -46.409, -23.3823272 ], [ -46.409, -23.4823272 ] ] ] } },
{ "type": "Feature", "properties": { "fid": 10, "id": 977, "grid_status": "not finished yet", "NUMPOINTS": 3.0, "GRID_ID": "977-1" }, "geometry": { "type": "Polygon", "coordinates": [ [ [ -46.509, -23.7823272 ], [ -46.409, -23.7823272 ], [ -46.409, -23.6823272 ], [ -46.509, -23.6823272 ], [ -46.509, -23.7823272 ] ] ] } },
{ "type": "Feature", "properties": { "fid": 11, "id": 977, "grid_status": "not finished yet", "NUMPOINTS": 3.0, "GRID_ID": "977-1" }, "geometry": { "type": "Polygon", "coordinates": [ [ [ -46.409, -23.7823272 ], [ -46.309, -23.7823272 ], [ -46.309, -23.6823272 ], [ -46.409, -23.6823272 ], [ -46.409, -23.7823272 ] ] ] } },
{ "type": "Feature", "properties": { "fid": 12, "id": 977, "grid_status": "not finished yet", "NUMPOINTS": 7.0, "GRID_ID": "977-1" }, "geometry": { "type": "Polygon", "coordinates": [ [ [ -46.509, -23.6823272 ], [ -46.409, -23.6823272 ], [ -46.409, -23.5823272 ], [ -46.509, -23.5823272 ], [ -46.509, -23.6823272 ] ] ] } },
{ "type": "Feature", "properties": { "fid": 13, "id": 977, "grid_status": "no point", "NUMPOINTS": 0.0, "GRID_ID": "977-1" }, "geometry": { "type": "Polygon", "coordinates": [ [ [ -46.409, -23.6823272 ], [ -46.309, -23.6823272 ], [ -46.309, -23.5823272 ], [ -46.409, -23.5823272 ], [ -46.409, -23.6823272 ] ] ] } },
{ "type": "Feature", "properties": { "fid": 14, "id": 978, "grid_status": "not finished yet", "NUMPOINTS": 3.0, "GRID_ID": "978" }, "geometry": { "type": "MultiPolygon", "coordinates": [ [ [ [ -46.509, -23.7823272 ], [ -46.309, -23.7823272 ], [ -46.309, -23.9823272 ], [ -46.509, -23.9823272 ], [ -46.509, -23.7823272 ] ] ] ] } },
{ "type": "Feature", "properties": { "fid": 15, "id": 979, "grid_status": "not finished yet", "NUMPOINTS": 1.0, "GRID_ID": "979" }, "geometry": { "type": "MultiPolygon", "coordinates": [ [ [ [ -46.509, -23.9823272 ], [ -46.309, -23.9823272 ], [ -46.309, -24.1823272 ], [ -46.509, -24.1823272 ], [ -46.509, -23.9823272 ] ] ] ] } },
{ "type": "Feature", "properties": { "fid": 16, "id": 980, "grid_status": "no point", "NUMPOINTS": 0.0, "GRID_ID": "980" }, "geometry": { "type": "MultiPolygon", "coordinates": [ [ [ [ -46.509, -24.1823272 ], [ -46.309, -24.1823272 ], [ -46.309, -24.3823272 ], [ -46.509, -24.3823272 ], [ -46.509, -24.1823272 ] ] ] ] } },
{ "type": "Feature", "properties": { "fid": 17, "id": 981, "grid_status": "no point", "NUMPOINTS": 0.0, "GRID_ID": "981" }, "geometry": { "type": "MultiPolygon", "coordinates": [ [ [ [ -46.509, -24.3823272 ], [ -46.309, -24.3823272 ], [ -46.309, -24.5823272 ], [ -46.509, -24.5823272 ], [ -46.509, -24.3823272 ] ] ] ] } },
{ "type": "Feature", "properties": { "fid": 18, "id": 982, "grid_status": "no point", "NUMPOINTS": 0.0, "GRID_ID": "982" }, "geometry": { "type": "MultiPolygon", "coordinates": [ [ [ [ -46.509, -24.5823272 ], [ -46.309, -24.5823272 ], [ -46.309, -24.7823272 ], [ -46.509, -24.7823272 ], [ -46.509, -24.5823272 ] ] ] ] } },
{ "type": "Feature", "properties": { "fid": 19, "id": 1002, "grid_status": "no point", "NUMPOINTS": 0.0, "GRID_ID": "1002" }, "geometry": { "type": "MultiPolygon", "coordinates": [ [ [ [ -46.309, -22.7823272 ], [ -46.109, -22.7823272 ], [ -46.109, -22.9823272 ], [ -46.309, -22.9823272 ], [ -46.309, -22.7823272 ] ] ] ] } },
{ "type": "Feature", "properties": { "fid": 20, "id": 1003, "grid_status": "not finished yet", "NUMPOINTS": 3.0, "GRID_ID": "1003" }, "geometry": { "type": "MultiPolygon", "coordinates": [ [ [ [ -46.309, -22.9823272 ], [ -46.109, -22.9823272 ], [ -46.109, -23.1823272 ], [ -46.309, -23.1823272 ], [ -46.309, -22.9823272 ] ] ] ] } },
{ "type": "Feature", "properties": { "fid": 21, "id": 1004, "grid_status": "not finished yet", "NUMPOINTS": 2.0, "GRID_ID": "1004" }, "geometry": { "type": "MultiPolygon", "coordinates": [ [ [ [ -46.309, -23.1823272 ], [ -46.109, -23.1823272 ], [ -46.109, -23.3823272 ], [ -46.309, -23.3823272 ], [ -46.309, -23.1823272 ] ] ] ] } },
{ "type": "Feature", "properties": { "fid": 22, "id": 1005, "grid_status": "no point", "NUMPOINTS": 0.0, "GRID_ID": "1005" }, "geometry": { "type": "MultiPolygon", "coordinates": [ [ [ [ -46.309, -23.3823272 ], [ -46.109, -23.3823272 ], [ -46.109, -23.5823272 ], [ -46.309, -23.5823272 ], [ -46.309, -23.3823272 ] ] ] ] } },
{ "type": "Feature", "properties": { "fid": 23, "id": 1006, "grid_status": "no point", "NUMPOINTS": 0.0, "GRID_ID": "1006" }, "geometry": { "type": "MultiPolygon", "coordinates": [ [ [ [ -46.309, -23.5823272 ], [ -46.109, -23.5823272 ], [ -46.109, -23.7823272 ], [ -46.309, -23.7823272 ], [ -46.309, -23.5823272 ] ] ] ] } },
{ "type": "Feature", "properties": { "fid": 24, "id": 1007, "grid_status": "not finished yet", "NUMPOINTS": 1.0, "GRID_ID": "1007" }, "geometry": { "type": "MultiPolygon", "coordinates": [ [ [ [ -46.309, -23.7823272 ], [ -46.109, -23.7823272 ], [ -46.109, -23.9823272 ], [ -46.309, -23.9823272 ], [ -46.309, -23.7823272 ] ] ] ] } },
{ "type": "Feature", "properties": { "fid": 25, "id": 1008, "grid_status": "no point", "NUMPOINTS": 0.0, "GRID_ID": "1008" }, "geometry": { "type": "MultiPolygon", "coordinates": [ [ [ [ -46.309, -23.9823272 ], [ -46.109, -23.9823272 ], [ -46.109, -24.1823272 ], [ -46.309, -24.1823272 ], [ -46.309, -23.9823272 ] ] ] ] } },
{ "type": "Feature", "properties": { "fid": 26, "id": 1009, "grid_status": "no point", "NUMPOINTS": 0.0, "GRID_ID": "1009" }, "geometry": { "type": "MultiPolygon", "coordinates": [ [ [ [ -46.309, -24.1823272 ], [ -46.109, -24.1823272 ], [ -46.109, -24.3823272 ], [ -46.309, -24.3823272 ], [ -46.309, -24.1823272 ] ] ] ] } },
{ "type": "Feature", "properties": { "fid": 27, "id": 1010, "grid_status": "no point", "NUMPOINTS": 0.0, "GRID_ID": "1010" }, "geometry": { "type": "MultiPolygon", "coordinates": [ [ [ [ -46.309, -24.3823272 ], [ -46.109, -24.3823272 ], [ -46.109, -24.5823272 ], [ -46.309, -24.5823272 ], [ -46.309, -24.3823272 ] ] ] ] } },
{ "type": "Feature", "properties": { "fid": 28, "id": 1011, "grid_status": "no point", "NUMPOINTS": 0.0, "GRID_ID": "1011" }, "geometry": { "type": "MultiPolygon", "coordinates": [ [ [ [ -46.309, -24.5823272 ], [ -46.109, -24.5823272 ], [ -46.109, -24.7823272 ], [ -46.309, -24.7823272 ], [ -46.309, -24.5823272 ] ] ] ] } },
{ "type": "Feature", "properties": { "fid": 29, "id": 663, "grid_status": "no point", "NUMPOINTS": 0.0, "GRID_ID": "663" }, "geometry": { "type": "MultiPolygon", "coordinates": [ [ [ [ -48.709, -24.5823272 ], [ -48.509, -24.5823272 ], [ -48.509, -24.7823272 ], [ -48.709, -24.7823272 ], [ -48.709, -24.5823272 ] ] ] ] } },
{ "type": "Feature", "properties": { "fid": 30, "id": 664, "grid_status": "no point", "NUMPOINTS": 0.0, "GRID_ID": "664" }, "geometry": { "type": "MultiPolygon", "coordinates": [ [ [ [ -48.709, -24.7823272 ], [ -48.509, -24.7823272 ], [ -48.509, -24.9823272 ], [ -48.709, -24.9823272 ], [ -48.709, -24.7823272 ] ] ] ] } },
{ "type": "Feature", "properties": { "fid": 31, "id": 665, "grid_status": "no point", "NUMPOINTS": 0.0, "GRID_ID": "665" }, "geometry": { "type": "MultiPolygon", "coordinates": [ [ [ [ -48.709, -24.9823272 ], [ -48.509, -24.9823272 ], [ -48.509, -25.1823272 ], [ -48.709, -25.1823272 ], [ -48.709, -24.9823272 ] ] ] ] } },
{ "type": "Feature", "properties": { "fid": 32, "id": 669, "grid_status": "no point", "NUMPOINTS": 0.0, "GRID_ID": "669" }, "geometry": { "type": "MultiPolygon", "coordinates": [ [ [ [ -48.509, -19.9823272 ], [ -48.309, -19.9823272 ], [ -48.309, -20.1823272 ], [ -48.509, -20.1823272 ], [ -48.509, -19.9823272 ] ] ] ] } },
{ "type": "Feature", "properties": { "fid": 33, "id": 670, "grid_status": "no point", "NUMPOINTS": 0.0, "GRID_ID": "670" }, "geometry": { "type": "MultiPolygon", "coordinates": [ [ [ [ -48.509, -20.1823272 ], [ -48.309, -20.1823272 ], [ -48.309, -20.3823272 ], [ -48.509, -20.3823272 ], [ -48.509, -20.1823272 ] ] ] ] } },
{ "type": "Feature", "properties": { "fid": 34, "id": 671, "grid_status": "no point", "NUMPOINTS": 0.0, "GRID_ID": "671" }, "geometry": { "type": "MultiPolygon", "coordinates": [ [ [ [ -48.509, -20.3823272 ], [ -48.309, -20.3823272 ], [ -48.309, -20.5823272 ], [ -48.509, -20.5823272 ], [ -48.509, -20.3823272 ] ] ] ] } },
{ "type": "Feature", "properties": { "fid": 35, "id": 672, "grid_status": "no point", "NUMPOINTS": 0.0, "GRID_ID": "672" }, "geometry": { "type": "MultiPolygon", "coordinates": [ [ [ [ -48.509, -20.5823272 ], [ -48.309, -20.5823272 ], [ -48.309, -20.7823272 ], [ -48.509, -20.7823272 ], [ -48.509, -20.5823272 ] ] ] ] } },
{ "type": "Feature", "properties": { "fid": 36, "id": 673, "grid_status": "not finished yet", "NUMPOINTS": 1.0, "GRID_ID": "673" }, "geometry": { "type": "MultiPolygon", "coordinates": [ [ [ [ -48.509, -20.7823272 ], [ -48.309, -20.7823272 ], [ -48.309, -20.9823272 ], [ -48.509, -20.9823272 ], [ -48.509, -20.7823272 ] ] ] ] } },
{ "type": "Feature", "properties": { "fid": 37, "id": 674, "grid_status": "no point", "NUMPOINTS": 0.0, "GRID_ID": "674" }, "geometry": { "type": "MultiPolygon", "coordinates": [ [ [ [ -48.509, -20.9823272 ], [ -48.309, -20.9823272 ], [ -48.309, -21.1823272 ], [ -48.509, -21.1823272 ], [ -48.509, -20.9823272 ] ] ] ] } },
{ "type": "Feature", "properties": { "fid": 38, "id": 675, "grid_status": "no point", "NUMPOINTS": 0.0, "GRID_ID": "675" }, "geometry": { "type": "MultiPolygon", "coordinates": [ [ [ [ -48.509, -21.1823272 ], [ -48.309, -21.1823272 ], [ -48.309, -21.3823272 ], [ -48.509, -21.3823272 ], [ -48.509, -21.1823272 ] ] ] ] } },
{ "type": "Feature", "properties": { "fid": 39, "id": 676, "grid_status": "not finished yet", "NUMPOINTS": 1.0, "GRID_ID": "676" }, "geometry": { "type": "MultiPolygon", "coordinates": [ [ [ [ -48.509, -21.3823272 ], [ -48.309, -21.3823272 ], [ -48.309, -21.5823272 ], [ -48.509, -21.5823272 ], [ -48.509, -21.3823272 ] ] ] ] } },
{ "type": "Feature", "properties": { "fid": 40, "id": 677, "grid_status": "not finished yet", "NUMPOINTS": 2.0, "GRID_ID": "677" }, "geometry": { "type": "MultiPolygon", "coordinates": [ [ [ [ -48.509, -21.5823272 ], [ -48.309, -21.5823272 ], [ -48.309, -21.7823272 ], [ -48.509, -21.7823272 ], [ -48.509, -21.5823272 ] ] ] ] } },
{ "type": "Feature", "properties": { "fid": 41, "id": 678, "grid_status": "no point", "NUMPOINTS": 0.0, "GRID_ID": "678" }, "geometry": { "type": "MultiPolygon", "coordinates": [ [ [ [ -48.509, -21.7823272 ], [ -48.309, -21.7823272 ], [ -48.309, -21.9823272 ], [ -48.509, -21.9823272 ], [ -48.509, -21.7823272 ] ] ] ] } },
{ "type": "Feature", "properties": { "fid": 42, "id": 647, "grid_status": "no point", "NUMPOINTS": 0.0, "GRID_ID": "647" }, "geometry": { "type": "MultiPolygon", "coordinates": [ [ [ [ -48.709, -21.3823272 ], [ -48.509, -21.3823272 ], [ -48.509, -21.5823272 ], [ -48.709, -21.5823272 ], [ -48.709, -21.3823272 ] ] ] ] } },
{ "type": "Feature", "properties": { "fid": 43, "id": 648, "grid_status": "no point", "NUMPOINTS": 0.0, "GRID_ID": "648" }, "geometry": { "type": "MultiPolygon", "coordinates": [ [ [ [ -48.709, -21.5823272 ], [ -48.509, -21.5823272 ], [ -48.509, -21.7823272 ], [ -48.709, -21.7823272 ], [ -48.709, -21.5823272 ] ] ] ] } },
{ "type": "Feature", "properties": { "fid": 44, "id": 649, "grid_status": "no point", "NUMPOINTS": 0.0, "GRID_ID": "649" }, "geometry": { "type": "MultiPolygon", "coordinates": [ [ [ [ -48.709, -21.7823272 ], [ -48.509, -21.7823272 ], [ -48.509, -21.9823272 ], [ -48.709, -21.9823272 ], [ -48.709, -21.7823272 ] ] ] ] } },
{ "type": "Feature", "properties": { "fid": 45, "id": 650, "grid_status": "no point", "NUMPOINTS": 0.0, "GRID_ID": "650" }, "geometry": { "type": "MultiPolygon", "coordinates": [ [ [ [ -48.709, -21.9823272 ], [ -48.509, -21.9823272 ], [ -48.509, -22.1823272 ], [ -48.709, -22.1823272 ], [ -48.709, -21.9823272 ] ] ] ] } },
{ "type": "Feature", "properties": { "fid": 46, "id": 651, "grid_status": "no point", "NUMPOINTS": 0.0, "GRID_ID": "651" }, "geometry": { "type": "MultiPolygon", "coordinates": [ [ [ [ -48.709, -22.1823272 ], [ -48.509, -22.1823272 ], [ -48.509, -22.3823272 ], [ -48.709, -22.3823272 ], [ -48.709, -22.1823272 ] ] ] ] } },
{ "type": "Feature", "properties": { "fid": 47, "id": 652, "grid_status": "not finished yet", "NUMPOINTS": 2.0, "GRID_ID": "652" }, "geometry": { "type": "MultiPolygon", "coordinates": [ [ [ [ -48.709, -22.3823272 ], [ -48.509, -22.3823272 ], [ -48.509, -22.5823272 ], [ -48.709, -22.5823272 ], [ -48.709, -22.3823272 ] ] ] ] } },
{ "type": "Feature", "properties": { "fid": 48, "id": 653, "grid_status": "not finished yet", "NUMPOINTS": 1.0, "GRID_ID": "653" }, "geometry": { "type": "MultiPolygon", "coordinates": [ [ [ [ -48.709, -22.5823272 ], [ -48.509, -22.5823272 ], [ -48.509, -22.7823272 ], [ -48.709, -22.7823272 ], [ -48.709, -22.5823272 ] ] ] ] } },
{ "type": "Feature", "properties": { "fid": 49, "id": 654, "grid_status": "no point", "NUMPOINTS": 0.0, "GRID_ID": "654" }, "geometry": { "type": "MultiPolygon", "coordinates": [ [ [ [ -48.709, -22.7823272 ], [ -48.509, -22.7823272 ], [ -48.509, -22.9823272 ], [ -48.709, -22.9823272 ], [ -48.709, -22.7823272 ] ] ] ] } },
{ "type": "Feature", "properties": { "fid": 50, "id": 655, "grid_status": "no point", "NUMPOINTS": 0.0, "GRID_ID": "655" }, "geometry": { "type": "MultiPolygon", "coordinates": [ [ [ [ -48.709, -22.9823272 ], [ -48.509, -22.9823272 ], [ -48.509, -23.1823272 ], [ -48.709, -23.1823272 ], [ -48.709, -22.9823272 ] ] ] ] } },
{ "type": "Feature", "properties": { "fid": 51, "id": 656, "grid_status": "no point", "NUMPOINTS": 0.0, "GRID_ID": "656" }, "geometry": { "type": "MultiPolygon", "coordinates": [ [ [ [ -48.709, -23.1823272 ], [ -48.509, -23.1823272 ], [ -48.509, -23.3823272 ], [ -48.709, -23.3823272 ], [ -48.709, -23.1823272 ] ] ] ] } },
{ "type": "Feature", "properties": { "fid": 52, "id": 657, "grid_status": "no point", "NUMPOINTS": 0.0, "GRID_ID": "657" }, "geometry": { "type": "MultiPolygon", "coordinates": [ [ [ [ -48.709, -23.3823272 ], [ -48.509, -23.3823272 ], [ -48.509, -23.5823272 ], [ -48.709, -23.5823272 ], [ -48.709, -23.3823272 ] ] ] ] } },
{ "type": "Feature", "properties": { "fid": 53, "id": 658, "grid_status": "no point", "NUMPOINTS": 0.0, "GRID_ID": "658" }, "geometry": { "type": "MultiPolygon", "coordinates": [ [ [ [ -48.709, -23.5823272 ], [ -48.509, -23.5823272 ], [ -48.509, -23.7823272 ], [ -48.709, -23.7823272 ], [ -48.709, -23.5823272 ] ] ] ] } },
{ "type": "Feature", "properties": { "fid": 54, "id": 659, "grid_status": "not finished yet", "NUMPOINTS": 1.0, "GRID_ID": "659" }, "geometry": { "type": "MultiPolygon", "coordinates": [ [ [ [ -48.709, -23.7823272 ], [ -48.509, -23.7823272 ], [ -48.509, -23.9823272 ], [ -48.709, -23.9823272 ], [ -48.709, -23.7823272 ] ] ] ] } },
{ "type": "Feature", "properties": { "fid": 55, "id": 660, "grid_status": "no point", "NUMPOINTS": 0.0, "GRID_ID": "660" }, "geometry": { "type": "MultiPolygon", "coordinates": [ [ [ [ -48.709, -23.9823272 ], [ -48.509, -23.9823272 ], [ -48.509, -24.1823272 ], [ -48.709, -24.1823272 ], [ -48.709, -23.9823272 ] ] ] ] } },
{ "type": "Feature", "properties": { "fid": 56, "id": 661, "grid_status": "no point", "NUMPOINTS": 0.0, "GRID_ID": "661" }, "geometry": { "type": "MultiPolygon", "coordinates": [ [ [ [ -48.709, -24.1823272 ], [ -48.509, -24.1823272 ], [ -48.509, -24.3823272 ], [ -48.709, -24.3823272 ], [ -48.709, -24.1823272 ] ] ] ] } },
{ "type": "Feature", "properties": { "fid": 57, "id": 662, "grid_status": "no point", "NUMPOINTS": 0.0, "GRID_ID": "662" }, "geometry": { "type": "MultiPolygon", "coordinates": [ [ [ [ -48.709, -24.3823272 ], [ -48.509, -24.3823272 ], [ -48.509, -24.5823272 ], [ -48.709, -24.5823272 ], [ -48.709, -24.3823272 ] ] ] ] } },
{ "type": "Feature", "properties": { "fid": 58, "id": 698, "grid_status": "not finished yet", "NUMPOINTS": 2.0, "GRID_ID": "698" }, "geometry": { "type": "MultiPolygon", "coordinates": [ [ [ [ -48.309, -19.9823272 ], [ -48.109, -19.9823272 ], [ -48.109, -20.1823272 ], [ -48.309, -20.1823272 ], [ -48.309, -19.9823272 ] ] ] ] } },
{ "type": "Feature", "properties": { "fid": 59, "id": 699, "grid_status": "no point", "NUMPOINTS": 0.0, "GRID_ID": "699" }, "geometry": { "type": "MultiPolygon", "coordinates": [ [ [ [ -48.309, -20.1823272 ], [ -48.109, -20.1823272 ], [ -48.109, -20.3823272 ], [ -48.309, -20.3823272 ], [ -48.309, -20.1823272 ] ] ] ] } },
{ "type": "Feature", "properties": { "fid": 60, "id": 700, "grid_status": "not finished yet", "NUMPOINTS": 1.0, "GRID_ID": "700" }, "geometry": { "type": "MultiPolygon", "coordinates": [ [ [ [ -48.309, -20.3823272 ], [ -48.109, -20.3823272 ], [ -48.109, -20.5823272 ], [ -48.309, -20.5823272 ], [ -48.309, -20.3823272 ] ] ] ] } },
{ "type": "Feature", "properties": { "fid": 61, "id": 701, "grid_status": "no point", "NUMPOINTS": 0.0, "GRID_ID": "701" }, "geometry": { "type": "MultiPolygon", "coordinates": [ [ [ [ -48.309, -20.5823272 ], [ -48.109, -20.5823272 ], [ -48.109, -20.7823272 ], [ -48.309, -20.7823272 ], [ -48.309, -20.5823272 ] ] ] ] } },
{ "type": "Feature", "properties": { "fid": 62, "id": 702, "grid_status": "no point", "NUMPOINTS": 0.0, "GRID_ID": "702" }, "geometry": { "type": "MultiPolygon", "coordinates": [ [ [ [ -48.309, -20.7823272 ], [ -48.109, -20.7823272 ], [ -48.109, -20.9823272 ], [ -48.309, -20.9823272 ], [ -48.309, -20.7823272 ] ] ] ] } },
{ "type": "Feature", "properties": { "fid": 63, "id": 703, "grid_status": "no point", "NUMPOINTS": 0.0, "GRID_ID": "703" }, "geometry": { "type": "MultiPolygon", "coordinates": [ [ [ [ -48.309, -20.9823272 ], [ -48.109, -20.9823272 ], [ -48.109, -21.1823272 ], [ -48.309, -21.1823272 ], [ -48.309, -20.9823272 ] ] ] ] } },
{ "type": "Feature", "properties": { "fid": 64, "id": 704, "grid_status": "no point", "NUMPOINTS": 0.0, "GRID_ID": "704" }, "geometry": { "type": "MultiPolygon", "coordinates": [ [ [ [ -48.309, -21.1823272 ], [ -48.109, -21.1823272 ], [ -48.109, -21.3823272 ], [ -48.309, -21.3823272 ], [ -48.309, -21.1823272 ] ] ] ] } },
{ "type": "Feature", "properties": { "fid": 65, "id": 705, "grid_status": "no point", "NUMPOINTS": 0.0, "GRID_ID": "705" }, "geometry": { "type": "MultiPolygon", "coordinates": [ [ [ [ -48.309, -21.3823272 ], [ -48.109, -21.3823272 ], [ -48.109, -21.5823272 ], [ -48.309, -21.5823272 ], [ -48.309, -21.3823272 ] ] ] ] } },
{ "type": "Feature", "properties": { "fid": 66, "id": 706, "grid_status": "not finished yet", "NUMPOINTS": 2.0, "GRID_ID": "706" }, "geometry": { "type": "MultiPolygon", "coordinates": [ [ [ [ -48.309, -21.5823272 ], [ -48.109, -21.5823272 ], [ -48.109, -21.7823272 ], [ -48.309, -21.7823272 ], [ -48.309, -21.5823272 ] ] ] ] } },
{ "type": "Feature", "properties": { "fid": 67, "id": 707, "grid_status": "no point", "NUMPOINTS": 0.0, "GRID_ID": "707-1" }, "geometry": { "type": "Polygon", "coordinates": [ [ [ -48.309, -21.9823272 ], [ -48.209, -21.9823272 ], [ -48.209, -21.8823272 ], [ -48.309, -21.8823272 ], [ -48.309, -21.9823272 ] ] ] } },
{ "type": "Feature", "properties": { "fid": 68, "id": 707, "grid_status": "no point", "NUMPOINTS": 0.0, "GRID_ID": "707-1" }, "geometry": { "type": "Polygon", "coordinates": [ [ [ -48.209, -21.9823272 ], [ -48.109, -21.9823272 ], [ -48.109, -21.8823272 ], [ -48.209, -21.8823272 ], [ -48.209, -21.9823272 ] ] ] } },
{ "type": "Feature", "properties": { "fid": 69, "id": 707, "grid_status": "no point", "NUMPOINTS": 0.0, "GRID_ID": "707-1" }, "geometry": { "type": "Polygon", "coordinates": [ [ [ -48.309, -21.8823272 ], [ -48.209, -21.8823272 ], [ -48.209, -21.7823272 ], [ -48.309, -21.7823272 ], [ -48.309, -21.8823272 ] ] ] } },
{ "type": "Feature", "properties": { "fid": 70, "id": 707, "grid_status": "not finished yet", "NUMPOINTS": 8.0, "GRID_ID": "707-1" }, "geometry": { "type": "Polygon", "coordinates": [ [ [ -48.209, -21.8823272 ], [ -48.109, -21.8823272 ], [ -48.109, -21.7823272 ], [ -48.209, -21.7823272 ], [ -48.209, -21.8823272 ] ] ] } },
{ "type": "Feature", "properties": { "fid": 71, "id": 708, "grid_status": "no point", "NUMPOINTS": 0.0, "GRID_ID": "708" }, "geometry": { "type": "MultiPolygon", "coordinates": [ [ [ [ -48.309, -21.9823272 ], [ -48.109, -21.9823272 ], [ -48.109, -22.1823272 ], [ -48.309, -22.1823272 ], [ -48.309, -21.9823272 ] ] ] ] } },
{ "type": "Feature", "properties": { "fid": 72, "id": 709, "grid_status": "not finished yet", "NUMPOINTS": 2.0, "GRID_ID": "709" }, "geometry": { "type": "MultiPolygon", "coordinates": [ [ [ [ -48.309, -22.1823272 ], [ -48.109, -22.1823272 ], [ -48.109, -22.3823272 ], [ -48.309, -22.3823272 ], [ -48.309, -22.1823272 ] ] ] ] } },
{ "type": "Feature", "properties": { "fid": 73, "id": 710, "grid_status": "no point", "NUMPOINTS": 0.0, "GRID_ID": "710" }, "geometry": { "type": "MultiPolygon", "coordinates": [ [ [ [ -48.309, -22.3823272 ], [ -48.109, -22.3823272 ], [ -48.109, -22.5823272 ], [ -48.309, -22.5823272 ], [ -48.309, -22.3823272 ] ] ] ] } },
{ "type": "Feature", "properties": { "fid": 74, "id": 679, "grid_status": "no point", "NUMPOINTS": 0.0, "GRID_ID": "679" }, "geometry": { "type": "MultiPolygon", "coordinates": [ [ [ [ -48.509, -21.9823272 ], [ -48.309, -21.9823272 ], [ -48.309, -22.1823272 ], [ -48.509, -22.1823272 ], [ -48.509, -21.9823272 ] ] ] ] } },
{ "type": "Feature", "properties": { "fid": 75, "id": 680, "grid_status": "no point", "NUMPOINTS": 0.0, "GRID_ID": "680" }, "geometry": { "type": "MultiPolygon", "coordinates": [ [ [ [ -48.509, -22.1823272 ], [ -48.309, -22.1823272 ], [ -48.309, -22.3823272 ], [ -48.509, -22.3823272 ], [ -48.509, -22.1823272 ] ] ] ] } },
{ "type": "Feature", "properties": { "fid": 76, "id": 681, "grid_status": "no point", "NUMPOINTS": 0.0, "GRID_ID": "681" }, "geometry": { "type": "MultiPolygon", "coordinates": [ [ [ [ -48.509, -22.3823272 ], [ -48.309, -22.3823272 ], [ -48.309, -22.5823272 ], [ -48.509, -22.5823272 ], [ -48.509, -22.3823272 ] ] ] ] } },
{ "type": "Feature", "properties": { "fid": 77, "id": 682, "grid_status": "no point", "NUMPOINTS": 0.0, "GRID_ID": "682" }, "geometry": { "type": "MultiPolygon", "coordinates": [ [ [ [ -48.509, -22.5823272 ], [ -48.309, -22.5823272 ], [ -48.309, -22.7823272 ], [ -48.509, -22.7823272 ], [ -48.509, -22.5823272 ] ] ] ] } },
{ "type": "Feature", "properties": { "fid": 78, "id": 683, "grid_status": "no point", "NUMPOINTS": 0.0, "GRID_ID": "683-1-1" }, "geometry": { "type": "Polygon", "coordinates": [ [ [ -48.509, -22.9823272 ], [ -48.459, -22.9823272 ], [ -48.459, -22.9323272 ], [ -48.509, -22.9323272 ], [ -48.509, -22.9823272 ] ] ] } },
{ "type": "Feature", "properties": { "fid": 79, "id": 683, "grid_status": "no point", "NUMPOINTS": 0.0, "GRID_ID": "683-1-1" }, "geometry": { "type": "Polygon", "coordinates": [ [ [ -48.459, -22.9823272 ], [ -48.409, -22.9823272 ], [ -48.409, -22.9323272 ], [ -48.459, -22.9323272 ], [ -48.459, -22.9823272 ] ] ] } },
{ "type": "Feature", "properties": { "fid": 80, "id": 683, "grid_status": "not finished yet", "NUMPOINTS": 10.0, "GRID_ID": "683-1-1" }, "geometry": { "type": "Polygon", "coordinates": [ [ [ -48.509, -22.9323272 ], [ -48.459, -22.9323272 ], [ -48.459, -22.8823272 ], [ -48.509, -22.8823272 ], [ -48.509, -22.9323272 ] ] ] } },
{ "type": "Feature", "properties": { "fid": 81, "id": 683, "grid_status": "not finished yet", "NUMPOINTS": 2.0, "GRID_ID": "683-1-1" }, "geometry": { "type": "Polygon", "coordinates": [ [ [ -48.459, -22.9323272 ], [ -48.409, -22.9323272 ], [ -48.409, -22.8823272 ], [ -48.459, -22.8823272 ], [ -48.459, -22.9323272 ] ] ] } },
{ "type": "Feature", "properties": { "fid": 82, "id": 683, "grid_status": "not finished yet", "NUMPOINTS": 1.0, "GRID_ID": "683-1-1" }, "geometry": { "type": "Polygon", "coordinates": [ [ [ -48.409, -22.9823272 ], [ -48.309, -22.9823272 ], [ -48.309, -22.8823272 ], [ -48.409, -22.8823272 ], [ -48.409, -22.9823272 ] ] ] } },
{ "type": "Feature", "properties": { "fid": 83, "id": 683, "grid_status": "no point", "NUMPOINTS": 0.0, "GRID_ID": "683-1-1" }, "geometry": { "type": "Polygon", "coordinates": [ [ [ -48.509, -22.8823272 ], [ -48.459, -22.8823272 ], [ -48.459, -22.8323272 ], [ -48.509, -22.8323272 ], [ -48.509, -22.8823272 ] ] ] } },
{ "type": "Feature", "properties": { "fid": 84, "id": 683, "grid_status": "not finished yet", "NUMPOINTS": 11.0, "GRID_ID": "683-1-1" }, "geometry": { "type": "Polygon", "coordinates": [ [ [ -48.459, -22.8823272 ], [ -48.409, -22.8823272 ], [ -48.409, -22.8323272 ], [ -48.459, -22.8323272 ], [ -48.459, -22.8823272 ] ] ] } },
{ "type": "Feature", "properties": { "fid": 85, "id": 683, "grid_status": "no point", "NUMPOINTS": 0.0, "GRID_ID": "683-1-1" }, "geometry": { "type": "Polygon", "coordinates": [ [ [ -48.509, -22.8323272 ], [ -48.459, -22.8323272 ], [ -48.459, -22.7823272 ], [ -48.509, -22.7823272 ], [ -48.509, -22.8323272 ] ] ] } },
{ "type": "Feature", "properties": { "fid": 86, "id": 683, "grid_status": "no point", "NUMPOINTS": 0.0, "GRID_ID": "683-1-1" }, "geometry": { "type": "Polygon", "coordinates": [ [ [ -48.459, -22.8323272 ], [ -48.409, -22.8323272 ], [ -48.409, -22.7823272 ], [ -48.459, -22.7823272 ], [ -48.459, -22.8323272 ] ] ] } },
{ "type": "Feature", "properties": { "fid": 87, "id": 683, "grid_status": "not finished yet", "NUMPOINTS": 2.0, "GRID_ID": "683-1-1" }, "geometry": { "type": "Polygon", "coordinates": [ [ [ -48.409, -22.8823272 ], [ -48.309, -22.8823272 ], [ -48.309, -22.7823272 ], [ -48.409, -22.7823272 ], [ -48.409, -22.8823272 ] ] ] } },
{ "type": "Feature", "properties": { "fid": 88, "id": 684, "grid_status": "no point", "NUMPOINTS": 0.0, "GRID_ID": "684" }, "geometry": { "type": "MultiPolygon", "coordinates": [ [ [ [ -48.509, -22.9823272 ], [ -48.309, -22.9823272 ], [ -48.309, -23.1823272 ], [ -48.509, -23.1823272 ], [ -48.509, -22.9823272 ] ] ] ] } },
{ "type": "Feature", "properties": { "fid": 89, "id": 685, "grid_status": "no point", "NUMPOINTS": 0.0, "GRID_ID": "685" }, "geometry": { "type": "MultiPolygon", "coordinates": [ [ [ [ -48.509, -23.1823272 ], [ -48.309, -23.1823272 ], [ -48.309, -23.3823272 ], [ -48.509, -23.3823272 ], [ -48.509, -23.1823272 ] ] ] ] } },
{ "type": "Feature", "properties": { "fid": 90, "id": 686, "grid_status": "no point", "NUMPOINTS": 0.0, "GRID_ID": "686" }, "geometry": { "type": "MultiPolygon", "coordinates": [ [ [ [ -48.509, -23.3823272 ], [ -48.309, -23.3823272 ], [ -48.309, -23.5823272 ], [ -48.509, -23.5823272 ], [ -48.509, -23.3823272 ] ] ] ] } },
{ "type": "Feature", "properties": { "fid": 91, "id": 687, "grid_status": "no point", "NUMPOINTS": 0.0, "GRID_ID": "687" }, "geometry": { "type": "MultiPolygon", "coordinates": [ [ [ [ -48.509, -23.5823272 ], [ -48.309, -23.5823272 ], [ -48.309, -23.7823272 ], [ -48.509, -23.7823272 ], [ -48.509, -23.5823272 ] ] ] ] } },
{ "type": "Feature", "properties": { "fid": 92, "id": 688, "grid_status": "no point", "NUMPOINTS": 0.0, "GRID_ID": "688" }, "geometry": { "type": "MultiPolygon", "coordinates": [ [ [ [ -48.509, -23.7823272 ], [ -48.309, -23.7823272 ], [ -48.309, -23.9823272 ], [ -48.509, -23.9823272 ], [ -48.509, -23.7823272 ] ] ] ] } },
{ "type": "Feature", "properties": { "fid": 93, "id": 689, "grid_status": "no point", "NUMPOINTS": 0.0, "GRID_ID": "689" }, "geometry": { "type": "MultiPolygon", "coordinates": [ [ [ [ -48.509, -23.9823272 ], [ -48.309, -23.9823272 ], [ -48.309, -24.1823272 ], [ -48.509, -24.1823272 ], [ -48.509, -23.9823272 ] ] ] ] } },
{ "type": "Feature", "properties": { "fid": 94, "id": 690, "grid_status": "no point", "NUMPOINTS": 0.0, "GRID_ID": "690" }, "geometry": { "type": "MultiPolygon", "coordinates": [ [ [ [ -48.509, -24.1823272 ], [ -48.309, -24.1823272 ], [ -48.309, -24.3823272 ], [ -48.509, -24.3823272 ], [ -48.509, -24.1823272 ] ] ] ] } },
{ "type": "Feature", "properties": { "fid": 95, "id": 691, "grid_status": "no point", "NUMPOINTS": 0.0, "GRID_ID": "691" }, "geometry": { "type": "MultiPolygon", "coordinates": [ [ [ [ -48.509, -24.3823272 ], [ -48.309, -24.3823272 ], [ -48.309, -24.5823272 ], [ -48.509, -24.5823272 ], [ -48.509, -24.3823272 ] ] ] ] } },
{ "type": "Feature", "properties": { "fid": 96, "id": 692, "grid_status": "no point", "NUMPOINTS": 0.0, "GRID_ID": "692" }, "geometry": { "type": "MultiPolygon", "coordinates": [ [ [ [ -48.509, -24.5823272 ], [ -48.309, -24.5823272 ], [ -48.309, -24.7823272 ], [ -48.509, -24.7823272 ], [ -48.509, -24.5823272 ] ] ] ] } },
{ "type": "Feature", "properties": { "fid": 97, "id": 693, "grid_status": "no point", "NUMPOINTS": 0.0, "GRID_ID": "693" }, "geometry": { "type": "MultiPolygon", "coordinates": [ [ [ [ -48.509, -24.7823272 ], [ -48.309, -24.7823272 ], [ -48.309, -24.9823272 ], [ -48.509, -24.9823272 ], [ -48.509, -24.7823272 ] ] ] ] } },
{ "type": "Feature", "properties": { "fid": 98, "id": 694, "grid_status": "no point", "NUMPOINTS": 0.0, "GRID_ID": "694" }, "geometry": { "type": "MultiPolygon", "coordinates": [ [ [ [ -48.509, -24.9823272 ], [ -48.309, -24.9823272 ], [ -48.309, -25.1823272 ], [ -48.509, -25.1823272 ], [ -48.509, -24.9823272 ] ] ] ] } },
{ "type": "Feature", "properties": { "fid": 99, "id": 599, "grid_status": "no point", "NUMPOINTS": 0.0, "GRID_ID": "599" }, "geometry": { "type": "MultiPolygon", "coordinates": [ [ [ [ -49.109, -23.3823272 ], [ -48.909, -23.3823272 ], [ -48.909, -23.5823272 ], [ -49.109, -23.5823272 ], [ -49.109, -23.3823272 ] ] ] ] } },
{ "type": "Feature", "properties": { "fid": 100, "id": 600, "grid_status": "no point", "NUMPOINTS": 0.0, "GRID_ID": "600" }, "geometry": { "type": "MultiPolygon", "coordinates": [ [ [ [ -49.109, -23.5823272 ], [ -48.909, -23.5823272 ], [ -48.909, -23.7823272 ], [ -49.109, -23.7823272 ], [ -49.109, -23.5823272 ] ] ] ] } },
{ "type": "Feature", "properties": { "fid": 101, "id": 601, "grid_status": "no point", "NUMPOINTS": 0.0, "GRID_ID": "601" }, "geometry": { "type": "MultiPolygon", "coordinates": [ [ [ [ -49.109, -23.7823272 ], [ -48.909, -23.7823272 ], [ -48.909, -23.9823272 ], [ -49.109, -23.9823272 ], [ -49.109, -23.7823272 ] ] ] ] } },
{ "type": "Feature", "properties": { "fid": 102, "id": 602, "grid_status": "no point", "NUMPOINTS": 0.0, "GRID_ID": "602" }, "geometry": { "type": "MultiPolygon", "coordinates": [ [ [ [ -49.109, -23.9823272 ], [ -48.909, -23.9823272 ], [ -48.909, -24.1823272 ], [ -49.109, -24.1823272 ], [ -49.109, -23.9823272 ] ] ] ] } },
{ "type": "Feature", "properties": { "fid": 103, "id": 603, "grid_status": "no point", "NUMPOINTS": 0.0, "GRID_ID": "603" }, "geometry": { "type": "MultiPolygon", "coordinates": [ [ [ [ -49.109, -24.1823272 ], [ -48.909, -24.1823272 ], [ -48.909, -24.3823272 ], [ -49.109, -24.3823272 ], [ -49.109, -24.1823272 ] ] ] ] } },
{ "type": "Feature", "properties": { "fid": 104, "id": 604, "grid_status": "no point", "NUMPOINTS": 0.0, "GRID_ID": "604" }, "geometry": { "type": "MultiPolygon", "coordinates": [ [ [ [ -49.109, -24.3823272 ], [ -48.909, -24.3823272 ], [ -48.909, -24.5823272 ], [ -49.109, -24.5823272 ], [ -49.109, -24.3823272 ] ] ] ] } },
{ "type": "Feature", "properties": { "fid": 105, "id": 605, "grid_status": "no point", "NUMPOINTS": 0.0, "GRID_ID": "605" }, "geometry": { "type": "MultiPolygon", "coordinates": [ [ [ [ -49.109, -24.5823272 ], [ -48.909, -24.5823272 ], [ -48.909, -24.7823272 ], [ -49.109, -24.7823272 ], [ -49.109, -24.5823272 ] ] ] ] } },
{ "type": "Feature", "properties": { "fid": 106, "id": 611, "grid_status": "no point", "NUMPOINTS": 0.0, "GRID_ID": "611" }, "geometry": { "type": "MultiPolygon", "coordinates": [ [ [ [ -48.909, -19.9823272 ], [ -48.709, -19.9823272 ], [ -48.709, -20.1823272 ], [ -48.909, -20.1823272 ], [ -48.909, -19.9823272 ] ] ] ] } },
{ "type": "Feature", "properties": { "fid": 107, "id": 612, "grid_status": "no point", "NUMPOINTS": 0.0, "GRID_ID": "612" }, "geometry": { "type": "MultiPolygon", "coordinates": [ [ [ [ -48.909, -20.1823272 ], [ -48.709, -20.1823272 ], [ -48.709, -20.3823272 ], [ -48.909, -20.3823272 ], [ -48.909, -20.1823272 ] ] ] ] } },
{ "type": "Feature", "properties": { "fid": 108, "id": 613, "grid_status": "no point", "NUMPOINTS": 0.0, "GRID_ID": "613" }, "geometry": { "type": "MultiPolygon", "coordinates": [ [ [ [ -48.909, -20.3823272 ], [ -48.709, -20.3823272 ], [ -48.709, -20.5823272 ], [ -48.909, -20.5823272 ], [ -48.909, -20.3823272 ] ] ] ] } },
{ "type": "Feature", "properties": { "fid": 109, "id": 614, "grid_status": "no point", "NUMPOINTS": 0.0, "GRID_ID": "614" }, "geometry": { "type": "MultiPolygon", "coordinates": [ [ [ [ -48.909, -20.5823272 ], [ -48.709, -20.5823272 ], [ -48.709, -20.7823272 ], [ -48.909, -20.7823272 ], [ -48.909, -20.5823272 ] ] ] ] } },
{ "type": "Feature", "properties": { "fid": 110, "id": 583, "grid_status": "no point", "NUMPOINTS": 0.0, "GRID_ID": "583" }, "geometry": { "type": "MultiPolygon", "coordinates": [ [ [ [ -49.109, -20.1823272 ], [ -48.909, -20.1823272 ], [ -48.909, -20.3823272 ], [ -49.109, -20.3823272 ], [ -49.109, -20.1823272 ] ] ] ] } },
{ "type": "Feature", "properties": { "fid": 111, "id": 584, "grid_status": "no point", "NUMPOINTS": 0.0, "GRID_ID": "584" }, "geometry": { "type": "MultiPolygon", "coordinates": [ [ [ [ -49.109, -20.3823272 ], [ -48.909, -20.3823272 ], [ -48.909, -20.5823272 ], [ -49.109, -20.5823272 ], [ -49.109, -20.3823272 ] ] ] ] } },
{ "type": "Feature", "properties": { "fid": 112, "id": 585, "grid_status": "not finished yet", "NUMPOINTS": 1.0, "GRID_ID": "585" }, "geometry": { "type": "MultiPolygon", "coordinates": [ [ [ [ -49.109, -20.5823272 ], [ -48.909, -20.5823272 ], [ -48.909, -20.7823272 ], [ -49.109, -20.7823272 ], [ -49.109, -20.5823272 ] ] ] ] } },
{ "type": "Feature", "properties": { "fid": 113, "id": 586, "grid_status": "no point", "NUMPOINTS": 0.0, "GRID_ID": "586" }, "geometry": { "type": "MultiPolygon", "coordinates": [ [ [ [ -49.109, -20.7823272 ], [ -48.909, -20.7823272 ], [ -48.909, -20.9823272 ], [ -49.109, -20.9823272 ], [ -49.109, -20.7823272 ] ] ] ] } },
{ "type": "Feature", "properties": { "fid": 114, "id": 587, "grid_status": "not finished yet", "NUMPOINTS": 1.0, "GRID_ID": "587" }, "geometry": { "type": "MultiPolygon", "coordinates": [ [ [ [ -49.109, -20.9823272 ], [ -48.909, -20.9823272 ], [ -48.909, -21.1823272 ], [ -49.109, -21.1823272 ], [ -49.109, -20.9823272 ] ] ] ] } },
{ "type": "Feature", "properties": { "fid": 115, "id": 588, "grid_status": "no point", "NUMPOINTS": 0.0, "GRID_ID": "588" }, "geometry": { "type": "MultiPolygon", "coordinates": [ [ [ [ -49.109, -21.1823272 ], [ -48.909, -21.1823272 ], [ -48.909, -21.3823272 ], [ -49.109, -21.3823272 ], [ -49.109, -21.1823272 ] ] ] ] } },
{ "type": "Feature", "properties": { "fid": 116, "id": 589, "grid_status": "no point", "NUMPOINTS": 0.0, "GRID_ID": "589" }, "geometry": { "type": "MultiPolygon", "coordinates": [ [ [ [ -49.109, -21.3823272 ], [ -48.909, -21.3823272 ], [ -48.909, -21.5823272 ], [ -49.109, -21.5823272 ], [ -49.109, -21.3823272 ] ] ] ] } },
{ "type": "Feature", "properties": { "fid": 117, "id": 590, "grid_status": "no point", "NUMPOINTS": 0.0, "GRID_ID": "590" }, "geometry": { "type": "MultiPolygon", "coordinates": [ [ [ [ -49.109, -21.5823272 ], [ -48.909, -21.5823272 ], [ -48.909, -21.7823272 ], [ -49.109, -21.7823272 ], [ -49.109, -21.5823272 ] ] ] ] } },
{ "type": "Feature", "properties": { "fid": 118, "id": 591, "grid_status": "no point", "NUMPOINTS": 0.0, "GRID_ID": "591" }, "geometry": { "type": "MultiPolygon", "coordinates": [ [ [ [ -49.109, -21.7823272 ], [ -48.909, -21.7823272 ], [ -48.909, -21.9823272 ], [ -49.109, -21.9823272 ], [ -49.109, -21.7823272 ] ] ] ] } },
{ "type": "Feature", "properties": { "fid": 119, "id": 592, "grid_status": "not finished yet", "NUMPOINTS": 2.0, "GRID_ID": "592" }, "geometry": { "type": "MultiPolygon", "coordinates": [ [ [ [ -49.109, -21.9823272 ], [ -48.909, -21.9823272 ], [ -48.909, -22.1823272 ], [ -49.109, -22.1823272 ], [ -49.109, -21.9823272 ] ] ] ] } },
{ "type": "Feature", "properties": { "fid": 120, "id": 593, "grid_status": "not finished yet", "NUMPOINTS": 6.0, "GRID_ID": "593-1" }, "geometry": { "type": "Polygon", "coordinates": [ [ [ -49.109, -22.3823272 ], [ -49.009, -22.3823272 ], [ -49.009, -22.2823272 ], [ -49.109, -22.2823272 ], [ -49.109, -22.3823272 ] ] ] } },
{ "type": "Feature", "properties": { "fid": 121, "id": 593, "grid_status": "not finished yet", "NUMPOINTS": 1.0, "GRID_ID": "593-1" }, "geometry": { "type": "Polygon", "coordinates": [ [ [ -49.009, -22.3823272 ], [ -48.909, -22.3823272 ], [ -48.909, -22.2823272 ], [ -49.009, -22.2823272 ], [ -49.009, -22.3823272 ] ] ] } },
{ "type": "Feature", "properties": { "fid": 122, "id": 593, "grid_status": "no point", "NUMPOINTS": 0.0, "GRID_ID": "593-1" }, "geometry": { "type": "Polygon", "coordinates": [ [ [ -49.109, -22.2823272 ], [ -49.009, -22.2823272 ], [ -49.009, -22.1823272 ], [ -49.109, -22.1823272 ], [ -49.109, -22.2823272 ] ] ] } },
{ "type": "Feature", "properties": { "fid": 123, "id": 593, "grid_status": "no point", "NUMPOINTS": 0.0, "GRID_ID": "593-1" }, "geometry": { "type": "Polygon", "coordinates": [ [ [ -49.009, -22.2823272 ], [ -48.909, -22.2823272 ], [ -48.909, -22.1823272 ], [ -49.009, -22.1823272 ], [ -49.009, -22.2823272 ] ] ] } },
{ "type": "Feature", "properties": { "fid": 124, "id": 594, "grid_status": "no point", "NUMPOINTS": 0.0, "GRID_ID": "594" }, "geometry": { "type": "MultiPolygon", "coordinates": [ [ [ [ -49.109, -22.3823272 ], [ -48.909, -22.3823272 ], [ -48.909, -22.5823272 ], [ -49.109, -22.5823272 ], [ -49.109, -22.3823272 ] ] ] ] } },
{ "type": "Feature", "properties": { "fid": 125, "id": 595, "grid_status": "no point", "NUMPOINTS": 0.0, "GRID_ID": "595" }, "geometry": { "type": "MultiPolygon", "coordinates": [ [ [ [ -49.109, -22.5823272 ], [ -48.909, -22.5823272 ], [ -48.909, -22.7823272 ], [ -49.109, -22.7823272 ], [ -49.109, -22.5823272 ] ] ] ] } },
{ "type": "Feature", "properties": { "fid": 126, "id": 596, "grid_status": "no point", "NUMPOINTS": 0.0, "GRID_ID": "596" }, "geometry": { "type": "MultiPolygon", "coordinates": [ [ [ [ -49.109, -22.7823272 ], [ -48.909, -22.7823272 ], [ -48.909, -22.9823272 ], [ -49.109, -22.9823272 ], [ -49.109, -22.7823272 ] ] ] ] } },
{ "type": "Feature", "properties": { "fid": 127, "id": 597, "grid_status": "no point", "NUMPOINTS": 0.0, "GRID_ID": "597" }, "geometry": { "type": "MultiPolygon", "coordinates": [ [ [ [ -49.109, -22.9823272 ], [ -48.909, -22.9823272 ], [ -48.909, -23.1823272 ], [ -49.109, -23.1823272 ], [ -49.109, -22.9823272 ] ] ] ] } },
{ "type": "Feature", "properties": { "fid": 128, "id": 598, "grid_status": "no point", "NUMPOINTS": 0.0, "GRID_ID": "598" }, "geometry": { "type": "MultiPolygon", "coordinates": [ [ [ [ -49.109, -23.1823272 ], [ -48.909, -23.1823272 ], [ -48.909, -23.3823272 ], [ -49.109, -23.3823272 ], [ -49.109, -23.1823272 ] ] ] ] } },
{ "type": "Feature", "properties": { "fid": 129, "id": 631, "grid_status": "not finished yet", "NUMPOINTS": 2.0, "GRID_ID": "631" }, "geometry": { "type": "MultiPolygon", "coordinates": [ [ [ [ -48.909, -23.9823272 ], [ -48.709, -23.9823272 ], [ -48.709, -24.1823272 ], [ -48.909, -24.1823272 ], [ -48.909, -23.9823272 ] ] ] ] } },
{ "type": "Feature", "properties": { "fid": 130, "id": 632, "grid_status": "no point", "NUMPOINTS": 0.0, "GRID_ID": "632" }, "geometry": { "type": "MultiPolygon", "coordinates": [ [ [ [ -48.909, -24.1823272 ], [ -48.709, -24.1823272 ], [ -48.709, -24.3823272 ], [ -48.909, -24.3823272 ], [ -48.909, -24.1823272 ] ] ] ] } },
{ "type": "Feature", "properties": { "fid": 131, "id": 633, "grid_status": "no point", "NUMPOINTS": 0.0, "GRID_ID": "633" }, "geometry": { "type": "MultiPolygon", "coordinates": [ [ [ [ -48.909, -24.3823272 ], [ -48.709, -24.3823272 ], [ -48.709, -24.5823272 ], [ -48.909, -24.5823272 ], [ -48.909, -24.3823272 ] ] ] ] } },
{ "type": "Feature", "properties": { "fid": 132, "id": 634, "grid_status": "no point", "NUMPOINTS": 0.0, "GRID_ID": "634" }, "geometry": { "type": "MultiPolygon", "coordinates": [ [ [ [ -48.909, -24.5823272 ], [ -48.709, -24.5823272 ], [ -48.709, -24.7823272 ], [ -48.909, -24.7823272 ], [ -48.909, -24.5823272 ] ] ] ] } },
{ "type": "Feature", "properties": { "fid": 133, "id": 640, "grid_status": "no point", "NUMPOINTS": 0.0, "GRID_ID": "640" }, "geometry": { "type": "MultiPolygon", "coordinates": [ [ [ [ -48.709, -19.9823272 ], [ -48.509, -19.9823272 ], [ -48.509, -20.1823272 ], [ -48.709, -20.1823272 ], [ -48.709, -19.9823272 ] ] ] ] } },
{ "type": "Feature", "properties": { "fid": 134, "id": 641, "grid_status": "no point", "NUMPOINTS": 0.0, "GRID_ID": "641" }, "geometry": { "type": "MultiPolygon", "coordinates": [ [ [ [ -48.709, -20.1823272 ], [ -48.509, -20.1823272 ], [ -48.509, -20.3823272 ], [ -48.709, -20.3823272 ], [ -48.709, -20.1823272 ] ] ] ] } },
{ "type": "Feature", "properties": { "fid": 135, "id": 642, "grid_status": "no point", "NUMPOINTS": 0.0, "GRID_ID": "642" }, "geometry": { "type": "MultiPolygon", "coordinates": [ [ [ [ -48.709, -20.3823272 ], [ -48.509, -20.3823272 ], [ -48.509, -20.5823272 ], [ -48.709, -20.5823272 ], [ -48.709, -20.3823272 ] ] ] ] } },
{ "type": "Feature", "properties": { "fid": 136, "id": 643, "grid_status": "no point", "NUMPOINTS": 0.0, "GRID_ID": "643" }, "geometry": { "type": "MultiPolygon", "coordinates": [ [ [ [ -48.709, -20.5823272 ], [ -48.509, -20.5823272 ], [ -48.509, -20.7823272 ], [ -48.709, -20.7823272 ], [ -48.709, -20.5823272 ] ] ] ] } },
{ "type": "Feature", "properties": { "fid": 137, "id": 644, "grid_status": "no point", "NUMPOINTS": 0.0, "GRID_ID": "644" }, "geometry": { "type": "MultiPolygon", "coordinates": [ [ [ [ -48.709, -20.7823272 ], [ -48.509, -20.7823272 ], [ -48.509, -20.9823272 ], [ -48.709, -20.9823272 ], [ -48.709, -20.7823272 ] ] ] ] } },
{ "type": "Feature", "properties": { "fid": 138, "id": 645, "grid_status": "no point", "NUMPOINTS": 0.0, "GRID_ID": "645" }, "geometry": { "type": "MultiPolygon", "coordinates": [ [ [ [ -48.709, -20.9823272 ], [ -48.509, -20.9823272 ], [ -48.509, -21.1823272 ], [ -48.709, -21.1823272 ], [ -48.709, -20.9823272 ] ] ] ] } },
{ "type": "Feature", "properties": { "fid": 139, "id": 646, "grid_status": "no point", "NUMPOINTS": 0.0, "GRID_ID": "646" }, "geometry": { "type": "MultiPolygon", "coordinates": [ [ [ [ -48.709, -21.1823272 ], [ -48.509, -21.1823272 ], [ -48.509, -21.3823272 ], [ -48.709, -21.3823272 ], [ -48.709, -21.1823272 ] ] ] ] } },
{ "type": "Feature", "properties": { "fid": 140, "id": 615, "grid_status": "no point", "NUMPOINTS": 0.0, "GRID_ID": "615" }, "geometry": { "type": "MultiPolygon", "coordinates": [ [ [ [ -48.909, -20.7823272 ], [ -48.709, -20.7823272 ], [ -48.709, -20.9823272 ], [ -48.909, -20.9823272 ], [ -48.909, -20.7823272 ] ] ] ] } },
{ "type": "Feature", "properties": { "fid": 141, "id": 616, "grid_status": "not finished yet", "NUMPOINTS": 3.0, "GRID_ID": "616" }, "geometry": { "type": "MultiPolygon", "coordinates": [ [ [ [ -48.909, -20.9823272 ], [ -48.709, -20.9823272 ], [ -48.709, -21.1823272 ], [ -48.909, -21.1823272 ], [ -48.909, -20.9823272 ] ] ] ] } },
{ "type": "Feature", "properties": { "fid": 142, "id": 617, "grid_status": "not finished yet", "NUMPOINTS": 2.0, "GRID_ID": "617" }, "geometry": { "type": "MultiPolygon", "coordinates": [ [ [ [ -48.909, -21.1823272 ], [ -48.709, -21.1823272 ], [ -48.709, -21.3823272 ], [ -48.909, -21.3823272 ], [ -48.909, -21.1823272 ] ] ] ] } },
{ "type": "Feature", "properties": { "fid": 143, "id": 618, "grid_status": "no point", "NUMPOINTS": 0.0, "GRID_ID": "618" }, "geometry": { "type": "MultiPolygon", "coordinates": [ [ [ [ -48.909, -21.3823272 ], [ -48.709, -21.3823272 ], [ -48.709, -21.5823272 ], [ -48.909, -21.5823272 ], [ -48.909, -21.3823272 ] ] ] ] } },
{ "type": "Feature", "properties": { "fid": 144, "id": 619, "grid_status": "not finished yet", "NUMPOINTS": 1.0, "GRID_ID": "619" }, "geometry": { "type": "MultiPolygon", "coordinates": [ [ [ [ -48.909, -21.5823272 ], [ -48.709, -21.5823272 ], [ -48.709, -21.7823272 ], [ -48.909, -21.7823272 ], [ -48.909, -21.5823272 ] ] ] ] } },
{ "type": "Feature", "properties": { "fid": 145, "id": 620, "grid_status": "no point", "NUMPOINTS": 0.0, "GRID_ID": "620" }, "geometry": { "type": "MultiPolygon", "coordinates": [ [ [ [ -48.909, -21.7823272 ], [ -48.709, -21.7823272 ], [ -48.709, -21.9823272 ], [ -48.909, -21.9823272 ], [ -48.909, -21.7823272 ] ] ] ] } },
{ "type": "Feature", "properties": { "fid": 146, "id": 621, "grid_status": "no point", "NUMPOINTS": 0.0, "GRID_ID": "621" }, "geometry": { "type": "MultiPolygon", "coordinates": [ [ [ [ -48.909, -21.9823272 ], [ -48.709, -21.9823272 ], [ -48.709, -22.1823272 ], [ -48.909, -22.1823272 ], [ -48.909, -21.9823272 ] ] ] ] } },
{ "type": "Feature", "properties": { "fid": 147, "id": 622, "grid_status": "not finished yet", "NUMPOINTS": 1.0, "GRID_ID": "622" }, "geometry": { "type": "MultiPolygon", "coordinates": [ [ [ [ -48.909, -22.1823272 ], [ -48.709, -22.1823272 ], [ -48.709, -22.3823272 ], [ -48.909, -22.3823272 ], [ -48.909, -22.1823272 ] ] ] ] } },
{ "type": "Feature", "properties": { "fid": 148, "id": 623, "grid_status": "not finished yet", "NUMPOINTS": 2.0, "GRID_ID": "623" }, "geometry": { "type": "MultiPolygon", "coordinates": [ [ [ [ -48.909, -22.3823272 ], [ -48.709, -22.3823272 ], [ -48.709, -22.5823272 ], [ -48.909, -22.5823272 ], [ -48.909, -22.3823272 ] ] ] ] } },
{ "type": "Feature", "properties": { "fid": 149, "id": 624, "grid_status": "no point", "NUMPOINTS": 0.0, "GRID_ID": "624" }, "geometry": { "type": "MultiPolygon", "coordinates": [ [ [ [ -48.909, -22.5823272 ], [ -48.709, -22.5823272 ], [ -48.709, -22.7823272 ], [ -48.909, -22.7823272 ], [ -48.909, -22.5823272 ] ] ] ] } },
{ "type": "Feature", "properties": { "fid": 150, "id": 625, "grid_status": "no point", "NUMPOINTS": 0.0, "GRID_ID": "625" }, "geometry": { "type": "MultiPolygon", "coordinates": [ [ [ [ -48.909, -22.7823272 ], [ -48.709, -22.7823272 ], [ -48.709, -22.9823272 ], [ -48.909, -22.9823272 ], [ -48.909, -22.7823272 ] ] ] ] } },
{ "type": "Feature", "properties": { "fid": 151, "id": 626, "grid_status": "not finished yet", "NUMPOINTS": 4.0, "GRID_ID": "626" }, "geometry": { "type": "MultiPolygon", "coordinates": [ [ [ [ -48.909, -22.9823272 ], [ -48.709, -22.9823272 ], [ -48.709, -23.1823272 ], [ -48.909, -23.1823272 ], [ -48.909, -22.9823272 ] ] ] ] } },
{ "type": "Feature", "properties": { "fid": 152, "id": 627, "grid_status": "no point", "NUMPOINTS": 0.0, "GRID_ID": "627" }, "geometry": { "type": "MultiPolygon", "coordinates": [ [ [ [ -48.909, -23.1823272 ], [ -48.709, -23.1823272 ], [ -48.709, -23.3823272 ], [ -48.909, -23.3823272 ], [ -48.909, -23.1823272 ] ] ] ] } },
{ "type": "Feature", "properties": { "fid": 153, "id": 628, "grid_status": "no point", "NUMPOINTS": 0.0, "GRID_ID": "628" }, "geometry": { "type": "MultiPolygon", "coordinates": [ [ [ [ -48.909, -23.3823272 ], [ -48.709, -23.3823272 ], [ -48.709, -23.5823272 ], [ -48.909, -23.5823272 ], [ -48.909, -23.3823272 ] ] ] ] } },
{ "type": "Feature", "properties": { "fid": 154, "id": 629, "grid_status": "no point", "NUMPOINTS": 0.0, "GRID_ID": "629" }, "geometry": { "type": "MultiPolygon", "coordinates": [ [ [ [ -48.909, -23.5823272 ], [ -48.709, -23.5823272 ], [ -48.709, -23.7823272 ], [ -48.909, -23.7823272 ], [ -48.909, -23.5823272 ] ] ] ] } },
{ "type": "Feature", "properties": { "fid": 155, "id": 630, "grid_status": "not finished yet", "NUMPOINTS": 8.0, "GRID_ID": "630-1" }, "geometry": { "type": "Polygon", "coordinates": [ [ [ -48.909, -23.9823272 ], [ -48.809, -23.9823272 ], [ -48.809, -23.8823272 ], [ -48.909, -23.8823272 ], [ -48.909, -23.9823272 ] ] ] } },
{ "type": "Feature", "properties": { "fid": 156, "id": 630, "grid_status": "no point", "NUMPOINTS": 0.0, "GRID_ID": "630-1" }, "geometry": { "type": "Polygon", "coordinates": [ [ [ -48.809, -23.9823272 ], [ -48.709, -23.9823272 ], [ -48.709, -23.8823272 ], [ -48.809, -23.8823272 ], [ -48.809, -23.9823272 ] ] ] } },
{ "type": "Feature", "properties": { "fid": 157, "id": 630, "grid_status": "no point", "NUMPOINTS": 0.0, "GRID_ID": "630-1" }, "geometry": { "type": "Polygon", "coordinates": [ [ [ -48.909, -23.8823272 ], [ -48.809, -23.8823272 ], [ -48.809, -23.7823272 ], [ -48.909, -23.7823272 ], [ -48.909, -23.8823272 ] ] ] } },
{ "type": "Feature", "properties": { "fid": 158, "id": 630, "grid_status": "no point", "NUMPOINTS": 0.0, "GRID_ID": "630-1" }, "geometry": { "type": "Polygon", "coordinates": [ [ [ -48.809, -23.8823272 ], [ -48.709, -23.8823272 ], [ -48.709, -23.7823272 ], [ -48.809, -23.7823272 ], [ -48.809, -23.8823272 ] ] ] } },
{ "type": "Feature", "properties": { "fid": 159, "id": 791, "grid_status": "no point", "NUMPOINTS": 0.0, "GRID_ID": "791" }, "geometry": { "type": "MultiPolygon", "coordinates": [ [ [ [ -47.709, -21.1823272 ], [ -47.509, -21.1823272 ], [ -47.509, -21.3823272 ], [ -47.709, -21.3823272 ], [ -47.709, -21.1823272 ] ] ] ] } },
{ "type": "Feature", "properties": { "fid": 160, "id": 792, "grid_status": "no point", "NUMPOINTS": 0.0, "GRID_ID": "792" }, "geometry": { "type": "MultiPolygon", "coordinates": [ [ [ [ -47.709, -21.3823272 ], [ -47.509, -21.3823272 ], [ -47.509, -21.5823272 ], [ -47.709, -21.5823272 ], [ -47.709, -21.3823272 ] ] ] ] } },
{ "type": "Feature", "properties": { "fid": 161, "id": 793, "grid_status": "no point", "NUMPOINTS": 0.0, "GRID_ID": "793" }, "geometry": { "type": "MultiPolygon", "coordinates": [ [ [ [ -47.709, -21.5823272 ], [ -47.509, -21.5823272 ], [ -47.509, -21.7823272 ], [ -47.709, -21.7823272 ], [ -47.709, -21.5823272 ] ] ] ] } },
{ "type": "Feature", "properties": { "fid": 162, "id": 794, "grid_status": "no point", "NUMPOINTS": 0.0, "GRID_ID": "794" }, "geometry": { "type": "MultiPolygon", "coordinates": [ [ [ [ -47.709, -21.7823272 ], [ -47.509, -21.7823272 ], [ -47.509, -21.9823272 ], [ -47.709, -21.9823272 ], [ -47.709, -21.7823272 ] ] ] ] } },
{ "type": "Feature", "properties": { "fid": 163, "id": 795, "grid_status": "no point", "NUMPOINTS": 0.0, "GRID_ID": "795" }, "geometry": { "type": "MultiPolygon", "coordinates": [ [ [ [ -47.709, -21.9823272 ], [ -47.509, -21.9823272 ], [ -47.509, -22.1823272 ], [ -47.709, -22.1823272 ], [ -47.709, -21.9823272 ] ] ] ] } },
{ "type": "Feature", "properties": { "fid": 164, "id": 796, "grid_status": "not finished yet", "NUMPOINTS": 2.0, "GRID_ID": "796" }, "geometry": { "type": "MultiPolygon", "coordinates": [ [ [ [ -47.709, -22.1823272 ], [ -47.509, -22.1823272 ], [ -47.509, -22.3823272 ], [ -47.709, -22.3823272 ], [ -47.709, -22.1823272 ] ] ] ] } },
{ "type": "Feature", "properties": { "fid": 165, "id": 797, "grid_status": "no point", "NUMPOINTS": 0.0, "GRID_ID": "797-1" }, "geometry": { "type": "Polygon", "coordinates": [ [ [ -47.709, -22.5823272 ], [ -47.609, -22.5823272 ], [ -47.609, -22.4823272 ], [ -47.709, -22.4823272 ], [ -47.709, -22.5823272 ] ] ] } },
{ "type": "Feature", "properties": { "fid": 166, "id": 797, "grid_status": "not finished yet", "NUMPOINTS": 4.0, "GRID_ID": "797-1" }, "geometry": { "type": "Polygon", "coordinates": [ [ [ -47.609, -22.5823272 ], [ -47.509, -22.5823272 ], [ -47.509, -22.4823272 ], [ -47.609, -22.4823272 ], [ -47.609, -22.5823272 ] ] ] } },
{ "type": "Feature", "properties": { "fid": 167, "id": 797, "grid_status": "not finished yet", "NUMPOINTS": 2.0, "GRID_ID": "797-1" }, "geometry": { "type": "Polygon", "coordinates": [ [ [ -47.709, -22.4823272 ], [ -47.609, -22.4823272 ], [ -47.609, -22.3823272 ], [ -47.709, -22.3823272 ], [ -47.709, -22.4823272 ] ] ] } },
{ "type": "Feature", "properties": { "fid": 168, "id": 797, "grid_status": "no point", "NUMPOINTS": 0.0, "GRID_ID": "797-1" }, "geometry": { "type": "Polygon", "coordinates": [ [ [ -47.609, -22.4823272 ], [ -47.559, -22.4823272 ], [ -47.559, -22.4323272 ], [ -47.609, -22.4323272 ], [ -47.609, -22.4823272 ] ] ] } },
{ "type": "Feature", "properties": { "fid": 169, "id": 797, "grid_status": "not finished yet", "NUMPOINTS": 1.0, "GRID_ID": "797-1" }, "geometry": { "type": "Polygon", "coordinates": [ [ [ -47.559, -22.4823272 ], [ -47.509, -22.4823272 ], [ -47.509, -22.4323272 ], [ -47.559, -22.4323272 ], [ -47.559, -22.4823272 ] ] ] } },
{ "type": "Feature", "properties": { "fid": 170, "id": 797, "grid_status": "not finished yet", "NUMPOINTS": 5.0, "GRID_ID": "797-1" }, "geometry": { "type": "Polygon", "coordinates": [ [ [ -47.609, -22.4323272 ], [ -47.559, -22.4323272 ], [ -47.559, -22.3823272 ], [ -47.609, -22.3823272 ], [ -47.609, -22.4323272 ] ] ] } },
{ "type": "Feature", "properties": { "fid": 171, "id": 797, "grid_status": "not finished yet", "NUMPOINTS": 40.0, "GRID_ID": "797-1" }, "geometry": { "type": "Polygon", "coordinates": [ [ [ -47.559, -22.4323272 ], [ -47.509, -22.4323272 ], [ -47.509, -22.3823272 ], [ -47.559, -22.3823272 ], [ -47.559, -22.4323272 ] ] ] } },
{ "type": "Feature", "properties": { "fid": 172, "id": 798, "grid_status": "not finished yet", "NUMPOINTS": 2.0, "GRID_ID": "798-1-1" }, "geometry": { "type": "Polygon", "coordinates": [ [ [ -47.709, -22.7823272 ], [ -47.659, -22.7823272 ], [ -47.659, -22.7323272 ], [ -47.709, -22.7323272 ], [ -47.709, -22.7823272 ] ] ] } },
{ "type": "Feature", "properties": { "fid": 173, "id": 798, "grid_status": "not finished yet", "NUMPOINTS": 18.0, "GRID_ID": "798-1-1" }, "geometry": { "type": "Polygon", "coordinates": [ [ [ -47.659, -22.7823272 ], [ -47.609, -22.7823272 ], [ -47.609, -22.7323272 ], [ -47.659, -22.7323272 ], [ -47.659, -22.7823272 ] ] ] } },
{ "type": "Feature", "properties": { "fid": 174, "id": 798, "grid_status": "not finished yet", "NUMPOINTS": 32.0, "GRID_ID": "798-1-1" }, "geometry": { "type": "Polygon", "coordinates": [ [ [ -47.709, -22.7323272 ], [ -47.659, -22.7323272 ], [ -47.659, -22.6823272 ], [ -47.709, -22.6823272 ], [ -47.709, -22.7323272 ] ] ] } },
{ "type": "Feature", "properties": { "fid": 175, "id": 798, "grid_status": "not finished yet", "NUMPOINTS": 39.0, "GRID_ID": "798-1-1" }, "geometry": { "type": "Polygon", "coordinates": [ [ [ -47.659, -22.7323272 ], [ -47.609, -22.7323272 ], [ -47.609, -22.6823272 ], [ -47.659, -22.6823272 ], [ -47.659, -22.7323272 ] ] ] } },
{ "type": "Feature", "properties": { "fid": 176, "id": 798, "grid_status": "not finished yet", "NUMPOINTS": 2.0, "GRID_ID": "798-1-1" }, "geometry": { "type": "Polygon", "coordinates": [ [ [ -47.609, -22.7823272 ], [ -47.559, -22.7823272 ], [ -47.559, -22.7323272 ], [ -47.609, -22.7323272 ], [ -47.609, -22.7823272 ] ] ] } },
{ "type": "Feature", "properties": { "fid": 177, "id": 798, "grid_status": "not finished yet", "NUMPOINTS": 1.0, "GRID_ID": "798-1-1" }, "geometry": { "type": "Polygon", "coordinates": [ [ [ -47.559, -22.7823272 ], [ -47.509, -22.7823272 ], [ -47.509, -22.7323272 ], [ -47.559, -22.7323272 ], [ -47.559, -22.7823272 ] ] ] } },
{ "type": "Feature", "properties": { "fid": 178, "id": 798, "grid_status": "not finished yet", "NUMPOINTS": 18.0, "GRID_ID": "798-1-1" }, "geometry": { "type": "Polygon", "coordinates": [ [ [ -47.609, -22.7323272 ], [ -47.559, -22.7323272 ], [ -47.559, -22.6823272 ], [ -47.609, -22.6823272 ], [ -47.609, -22.7323272 ] ] ] } },
{ "type": "Feature", "properties": { "fid": 179, "id": 798, "grid_status": "no point", "NUMPOINTS": 0.0, "GRID_ID": "798-1-1" }, "geometry": { "type": "Polygon", "coordinates": [ [ [ -47.559, -22.7323272 ], [ -47.509, -22.7323272 ], [ -47.509, -22.6823272 ], [ -47.559, -22.6823272 ], [ -47.559, -22.7323272 ] ] ] } },
{ "type": "Feature", "properties": { "fid": 180, "id": 798, "grid_status": "not finished yet", "NUMPOINTS": 7.0, "GRID_ID": "798-1-1" }, "geometry": { "type": "Polygon", "coordinates": [ [ [ -47.709, -22.6823272 ], [ -47.609, -22.6823272 ], [ -47.609, -22.5823272 ], [ -47.709, -22.5823272 ], [ -47.709, -22.6823272 ] ] ] } },
{ "type": "Feature", "properties": { "fid": 181, "id": 798, "grid_status": "not finished yet", "NUMPOINTS": 1.0, "GRID_ID": "798-1-1" }, "geometry": { "type": "Polygon", "coordinates": [ [ [ -47.609, -22.6823272 ], [ -47.509, -22.6823272 ], [ -47.509, -22.5823272 ], [ -47.609, -22.5823272 ], [ -47.609, -22.6823272 ] ] ] } },
{ "type": "Feature", "properties": { "fid": 182, "id": 799, "grid_status": "not finished yet", "NUMPOINTS": 6.0, "GRID_ID": "799" }, "geometry": { "type": "MultiPolygon", "coordinates": [ [ [ [ -47.709, -22.7823272 ], [ -47.509, -22.7823272 ], [ -47.509, -22.9823272 ], [ -47.709, -22.9823272 ], [ -47.709, -22.7823272 ] ] ] ] } },
{ "type": "Feature", "properties": { "fid": 183, "id": 800, "grid_status": "no point", "NUMPOINTS": 0.0, "GRID_ID": "800" }, "geometry": { "type": "MultiPolygon", "coordinates": [ [ [ [ -47.709, -22.9823272 ], [ -47.509, -22.9823272 ], [ -47.509, -23.1823272 ], [ -47.709, -23.1823272 ], [ -47.709, -22.9823272 ] ] ] ] } },
{ "type": "Feature", "properties": { "fid": 184, "id": 801, "grid_status": "not finished yet", "NUMPOINTS": 1.0, "GRID_ID": "801" }, "geometry": { "type": "MultiPolygon", "coordinates": [ [ [ [ -47.709, -23.1823272 ], [ -47.509, -23.1823272 ], [ -47.509, -23.3823272 ], [ -47.709, -23.3823272 ], [ -47.709, -23.1823272 ] ] ] ] } },
{ "type": "Feature", "properties": { "fid": 185, "id": 802, "grid_status": "not finished yet", "NUMPOINTS": 6.0, "GRID_ID": "802" }, "geometry": { "type": "MultiPolygon", "coordinates": [ [ [ [ -47.709, -23.3823272 ], [ -47.509, -23.3823272 ], [ -47.509, -23.5823272 ], [ -47.709, -23.5823272 ], [ -47.709, -23.3823272 ] ] ] ] } },
{ "type": "Feature", "properties": { "fid": 186, "id": 803, "grid_status": "not finished yet", "NUMPOINTS": 3.0, "GRID_ID": "803" }, "geometry": { "type": "MultiPolygon", "coordinates": [ [ [ [ -47.709, -23.5823272 ], [ -47.509, -23.5823272 ], [ -47.509, -23.7823272 ], [ -47.709, -23.7823272 ], [ -47.709, -23.5823272 ] ] ] ] } },
{ "type": "Feature", "properties": { "fid": 187, "id": 804, "grid_status": "not finished yet", "NUMPOINTS": 1.0, "GRID_ID": "804" }, "geometry": { "type": "MultiPolygon", "coordinates": [ [ [ [ -47.709, -23.7823272 ], [ -47.509, -23.7823272 ], [ -47.509, -23.9823272 ], [ -47.709, -23.9823272 ], [ -47.709, -23.7823272 ] ] ] ] } },
{ "type": "Feature", "properties": { "fid": 188, "id": 805, "grid_status": "no point", "NUMPOINTS": 0.0, "GRID_ID": "805" }, "geometry": { "type": "MultiPolygon", "coordinates": [ [ [ [ -47.709, -23.9823272 ], [ -47.509, -23.9823272 ], [ -47.509, -24.1823272 ], [ -47.709, -24.1823272 ], [ -47.709, -23.9823272 ] ] ] ] } },
{ "type": "Feature", "properties": { "fid": 189, "id": 806, "grid_status": "not finished yet", "NUMPOINTS": 1.0, "GRID_ID": "806" }, "geometry": { "type": "MultiPolygon", "coordinates": [ [ [ [ -47.709, -24.1823272 ], [ -47.509, -24.1823272 ], [ -47.509, -24.3823272 ], [ -47.709, -24.3823272 ], [ -47.709, -24.1823272 ] ] ] ] } },
{ "type": "Feature", "properties": { "fid": 190, "id": 775, "grid_status": "no point", "NUMPOINTS": 0.0, "GRID_ID": "775" }, "geometry": { "type": "MultiPolygon", "coordinates": [ [ [ [ -47.909, -23.7823272 ], [ -47.709, -23.7823272 ], [ -47.709, -23.9823272 ], [ -47.909, -23.9823272 ], [ -47.909, -23.7823272 ] ] ] ] } },
{ "type": "Feature", "properties": { "fid": 191, "id": 776, "grid_status": "no point", "NUMPOINTS": 0.0, "GRID_ID": "776" }, "geometry": { "type": "MultiPolygon", "coordinates": [ [ [ [ -47.909, -23.9823272 ], [ -47.709, -23.9823272 ], [ -47.709, -24.1823272 ], [ -47.909, -24.1823272 ], [ -47.909, -23.9823272 ] ] ] ] } },
{ "type": "Feature", "properties": { "fid": 192, "id": 777, "grid_status": "no point", "NUMPOINTS": 0.0, "GRID_ID": "777" }, "geometry": { "type": "MultiPolygon", "coordinates": [ [ [ [ -47.909, -24.1823272 ], [ -47.709, -24.1823272 ], [ -47.709, -24.3823272 ], [ -47.909, -24.3823272 ], [ -47.909, -24.1823272 ] ] ] ] } },
{ "type": "Feature", "properties": { "fid": 193, "id": 778, "grid_status": "not finished yet", "NUMPOINTS": 4.0, "GRID_ID": "778" }, "geometry": { "type": "MultiPolygon", "coordinates": [ [ [ [ -47.909, -24.3823272 ], [ -47.709, -24.3823272 ], [ -47.709, -24.5823272 ], [ -47.909, -24.5823272 ], [ -47.909, -24.3823272 ] ] ] ] } },
{ "type": "Feature", "properties": { "fid": 194, "id": 779, "grid_status": "no point", "NUMPOINTS": 0.0, "GRID_ID": "779" }, "geometry": { "type": "MultiPolygon", "coordinates": [ [ [ [ -47.909, -24.5823272 ], [ -47.709, -24.5823272 ], [ -47.709, -24.7823272 ], [ -47.909, -24.7823272 ], [ -47.909, -24.5823272 ] ] ] ] } },
{ "type": "Feature", "properties": { "fid": 195, "id": 780, "grid_status": "no point", "NUMPOINTS": 0.0, "GRID_ID": "780" }, "geometry": { "type": "MultiPolygon", "coordinates": [ [ [ [ -47.909, -24.7823272 ], [ -47.709, -24.7823272 ], [ -47.709, -24.9823272 ], [ -47.909, -24.9823272 ], [ -47.909, -24.7823272 ] ] ] ] } },
{ "type": "Feature", "properties": { "fid": 196, "id": 781, "grid_status": "no point", "NUMPOINTS": 0.0, "GRID_ID": "781" }, "geometry": { "type": "MultiPolygon", "coordinates": [ [ [ [ -47.909, -24.9823272 ], [ -47.709, -24.9823272 ], [ -47.709, -25.1823272 ], [ -47.909, -25.1823272 ], [ -47.909, -24.9823272 ] ] ] ] } },
{ "type": "Feature", "properties": { "fid": 197, "id": 782, "grid_status": "no point", "NUMPOINTS": 0.0, "GRID_ID": "782" }, "geometry": { "type": "MultiPolygon", "coordinates": [ [ [ [ -47.909, -25.1823272 ], [ -47.709, -25.1823272 ], [ -47.709, -25.3823272 ], [ -47.909, -25.3823272 ], [ -47.909, -25.1823272 ] ] ] ] } },
{ "type": "Feature", "properties": { "fid": 198, "id": 783, "grid_status": "no point", "NUMPOINTS": 0.0, "GRID_ID": "783" }, "geometry": { "type": "MultiPolygon", "coordinates": [ [ [ [ -47.909, -25.3823272 ], [ -47.709, -25.3823272 ], [ -47.709, -25.5823272 ], [ -47.909, -25.5823272 ], [ -47.909, -25.3823272 ] ] ] ] } },
{ "type": "Feature", "properties": { "fid": 199, "id": 784, "grid_status": "no point", "NUMPOINTS": 0.0, "GRID_ID": "784" }, "geometry": { "type": "MultiPolygon", "coordinates": [ [ [ [ -47.709, -19.7823272 ], [ -47.509, -19.7823272 ], [ -47.509, -19.9823272 ], [ -47.709, -19.9823272 ], [ -47.709, -19.7823272 ] ] ] ] } },
{ "type": "Feature", "properties": { "fid": 200, "id": 785, "grid_status": "no point", "NUMPOINTS": 0.0, "GRID_ID": "785" }, "geometry": { "type": "MultiPolygon", "coordinates": [ [ [ [ -47.709, -19.9823272 ], [ -47.509, -19.9823272 ], [ -47.509, -20.1823272 ], [ -47.709, -20.1823272 ], [ -47.709, -19.9823272 ] ] ] ] } },
{ "type": "Feature", "properties": { "fid": 201, "id": 786, "grid_status": "no point", "NUMPOINTS": 0.0, "GRID_ID": "786" }, "geometry": { "type": "MultiPolygon", "coordinates": [ [ [ [ -47.709, -20.1823272 ], [ -47.509, -20.1823272 ], [ -47.509, -20.3823272 ], [ -47.709, -20.3823272 ], [ -47.709, -20.1823272 ] ] ] ] } },
{ "type": "Feature", "properties": { "fid": 202, "id": 787, "grid_status": "no point", "NUMPOINTS": 0.0, "GRID_ID": "787" }, "geometry": { "type": "MultiPolygon", "coordinates": [ [ [ [ -47.709, -20.3823272 ], [ -47.509, -20.3823272 ], [ -47.509, -20.5823272 ], [ -47.709, -20.5823272 ], [ -47.709, -20.3823272 ] ] ] ] } },
{ "type": "Feature", "properties": { "fid": 203, "id": 788, "grid_status": "no point", "NUMPOINTS": 0.0, "GRID_ID": "788" }, "geometry": { "type": "MultiPolygon", "coordinates": [ [ [ [ -47.709, -20.5823272 ], [ -47.509, -20.5823272 ], [ -47.509, -20.7823272 ], [ -47.709, -20.7823272 ], [ -47.709, -20.5823272 ] ] ] ] } },
{ "type": "Feature", "properties": { "fid": 204, "id": 789, "grid_status": "no point", "NUMPOINTS": 0.0, "GRID_ID": "789" }, "geometry": { "type": "MultiPolygon", "coordinates": [ [ [ [ -47.709, -20.7823272 ], [ -47.509, -20.7823272 ], [ -47.509, -20.9823272 ], [ -47.709, -20.9823272 ], [ -47.709, -20.7823272 ] ] ] ] } },
{ "type": "Feature", "properties": { "fid": 205, "id": 790, "grid_status": "no point", "NUMPOINTS": 0.0, "GRID_ID": "790" }, "geometry": { "type": "MultiPolygon", "coordinates": [ [ [ [ -47.709, -20.9823272 ], [ -47.509, -20.9823272 ], [ -47.509, -21.1823272 ], [ -47.709, -21.1823272 ], [ -47.709, -20.9823272 ] ] ] ] } },
{ "type": "Feature", "properties": { "fid": 206, "id": 823, "grid_status": "no point", "NUMPOINTS": 0.0, "GRID_ID": "823" }, "geometry": { "type": "MultiPolygon", "coordinates": [ [ [ [ -47.509, -21.7823272 ], [ -47.309, -21.7823272 ], [ -47.309, -21.9823272 ], [ -47.509, -21.9823272 ], [ -47.509, -21.7823272 ] ] ] ] } },
{ "type": "Feature", "properties": { "fid": 207, "id": 824, "grid_status": "not finished yet", "NUMPOINTS": 4.0, "GRID_ID": "824" }, "geometry": { "type": "MultiPolygon", "coordinates": [ [ [ [ -47.509, -21.9823272 ], [ -47.309, -21.9823272 ], [ -47.309, -22.1823272 ], [ -47.509, -22.1823272 ], [ -47.509, -21.9823272 ] ] ] ] } },
{ "type": "Feature", "properties": { "fid": 208, "id": 825, "grid_status": "not finished yet", "NUMPOINTS": 1.0, "GRID_ID": "825" }, "geometry": { "type": "MultiPolygon", "coordinates": [ [ [ [ -47.509, -22.1823272 ], [ -47.309, -22.1823272 ], [ -47.309, -22.3823272 ], [ -47.509, -22.3823272 ], [ -47.509, -22.1823272 ] ] ] ] } },
{ "type": "Feature", "properties": { "fid": 209, "id": 826, "grid_status": "not finished yet", "NUMPOINTS": 1.0, "GRID_ID": "826" }, "geometry": { "type": "MultiPolygon", "coordinates": [ [ [ [ -47.509, -22.3823272 ], [ -47.309, -22.3823272 ], [ -47.309, -22.5823272 ], [ -47.509, -22.5823272 ], [ -47.509, -22.3823272 ] ] ] ] } },
{ "type": "Feature", "properties": { "fid": 210, "id": 827, "grid_status": "not finished yet", "NUMPOINTS": 5.0, "GRID_ID": "827-1" }, "geometry": { "type": "Polygon", "coordinates": [ [ [ -47.509, -22.7823272 ], [ -47.409, -22.7823272 ], [ -47.409, -22.6823272 ], [ -47.509, -22.6823272 ], [ -47.509, -22.7823272 ] ] ] } },
{ "type": "Feature", "properties": { "fid": 211, "id": 827, "grid_status": "not finished yet", "NUMPOINTS": 3.0, "GRID_ID": "827-1" }, "geometry": { "type": "Polygon", "coordinates": [ [ [ -47.409, -22.7823272 ], [ -47.309, -22.7823272 ], [ -47.309, -22.6823272 ], [ -47.409, -22.6823272 ], [ -47.409, -22.7823272 ] ] ] } },
{ "type": "Feature", "properties": { "fid": 212, "id": 827, "grid_status": "no point", "NUMPOINTS": 0.0, "GRID_ID": "827-1" }, "geometry": { "type": "Polygon", "coordinates": [ [ [ -47.509, -22.6823272 ], [ -47.409, -22.6823272 ], [ -47.409, -22.5823272 ], [ -47.509, -22.5823272 ], [ -47.509, -22.6823272 ] ] ] } },
{ "type": "Feature", "properties": { "fid": 213, "id": 827, "grid_status": "no point", "NUMPOINTS": 0.0, "GRID_ID": "827-1" }, "geometry": { "type": "Polygon", "coordinates": [ [ [ -47.409, -22.6823272 ], [ -47.309, -22.6823272 ], [ -47.309, -22.5823272 ], [ -47.409, -22.5823272 ], [ -47.409, -22.6823272 ] ] ] } },
{ "type": "Feature", "properties": { "fid": 214, "id": 828, "grid_status": "not finished yet", "NUMPOINTS": 13.0, "GRID_ID": "828-1-1" }, "geometry": { "type": "Polygon", "coordinates": [ [ [ -47.509, -22.9823272 ], [ -47.459, -22.9823272 ], [ -47.459, -22.9323272 ], [ -47.509, -22.9323272 ], [ -47.509, -22.9823272 ] ] ] } },
{ "type": "Feature", "properties": { "fid": 215, "id": 828, "grid_status": "no point", "NUMPOINTS": 0.0, "GRID_ID": "828-1-1" }, "geometry": { "type": "Polygon", "coordinates": [ [ [ -47.459, -22.9823272 ], [ -47.409, -22.9823272 ], [ -47.409, -22.9323272 ], [ -47.459, -22.9323272 ], [ -47.459, -22.9823272 ] ] ] } },
{ "type": "Feature", "properties": { "fid": 216, "id": 828, "grid_status": "not finished yet", "NUMPOINTS": 1.0, "GRID_ID": "828-1-1" }, "geometry": { "type": "Polygon", "coordinates": [ [ [ -47.509, -22.9323272 ], [ -47.459, -22.9323272 ], [ -47.459, -22.8823272 ], [ -47.509, -22.8823272 ], [ -47.509, -22.9323272 ] ] ] } },
{ "type": "Feature", "properties": { "fid": 217, "id": 828, "grid_status": "no point", "NUMPOINTS": 0.0, "GRID_ID": "828-1-1" }, "geometry": { "type": "Polygon", "coordinates": [ [ [ -47.459, -22.9323272 ], [ -47.409, -22.9323272 ], [ -47.409, -22.8823272 ], [ -47.459, -22.8823272 ], [ -47.459, -22.9323272 ] ] ] } },
{ "type": "Feature", "properties": { "fid": 218, "id": 828, "grid_status": "no point", "NUMPOINTS": 0.0, "GRID_ID": "828-1-1" }, "geometry": { "type": "Polygon", "coordinates": [ [ [ -47.409, -22.9823272 ], [ -47.309, -22.9823272 ], [ -47.309, -22.8823272 ], [ -47.409, -22.8823272 ], [ -47.409, -22.9823272 ] ] ] } },
{ "type": "Feature", "properties": { "fid": 219, "id": 828, "grid_status": "no point", "NUMPOINTS": 0.0, "GRID_ID": "828-1-1" }, "geometry": { "type": "Polygon", "coordinates": [ [ [ -47.509, -22.8823272 ], [ -47.409, -22.8823272 ], [ -47.409, -22.7823272 ], [ -47.509, -22.7823272 ], [ -47.509, -22.8823272 ] ] ] } },
{ "type": "Feature", "properties": { "fid": 220, "id": 828, "grid_status": "not finished yet", "NUMPOINTS": 1.0, "GRID_ID": "828-1-1" }, "geometry": { "type": "Polygon", "coordinates": [ [ [ -47.409, -22.8823272 ], [ -47.309, -22.8823272 ], [ -47.309, -22.7823272 ], [ -47.409, -22.7823272 ], [ -47.409, -22.8823272 ] ] ] } },
{ "type": "Feature", "properties": { "fid": 221, "id": 829, "grid_status": "no point", "NUMPOINTS": 0.0, "GRID_ID": "829-1" }, "geometry": { "type": "Polygon", "coordinates": [ [ [ -47.509, -23.1823272 ], [ -47.409, -23.1823272 ], [ -47.409, -23.0823272 ], [ -47.509, -23.0823272 ], [ -47.509, -23.1823272 ] ] ] } },
{ "type": "Feature", "properties": { "fid": 222, "id": 829, "grid_status": "not finished yet", "NUMPOINTS": 3.0, "GRID_ID": "829-1" }, "geometry": { "type": "Polygon", "coordinates": [ [ [ -47.409, -23.1823272 ], [ -47.309, -23.1823272 ], [ -47.309, -23.0823272 ], [ -47.409, -23.0823272 ], [ -47.409, -23.1823272 ] ] ] } },
{ "type": "Feature", "properties": { "fid": 223, "id": 829, "grid_status": "not finished yet", "NUMPOINTS": 9.0, "GRID_ID": "829-1" }, "geometry": { "type": "Polygon", "coordinates": [ [ [ -47.509, -23.0823272 ], [ -47.409, -23.0823272 ], [ -47.409, -22.9823272 ], [ -47.509, -22.9823272 ], [ -47.509, -23.0823272 ] ] ] } },
{ "type": "Feature", "properties": { "fid": 224, "id": 829, "grid_status": "not finished yet", "NUMPOINTS": 2.0, "GRID_ID": "829-1" }, "geometry": { "type": "Polygon", "coordinates": [ [ [ -47.409, -23.0823272 ], [ -47.309, -23.0823272 ], [ -47.309, -22.9823272 ], [ -47.409, -22.9823272 ], [ -47.409, -23.0823272 ] ] ] } },
{ "type": "Feature", "properties": { "fid": 225, "id": 830, "grid_status": "not finished yet", "NUMPOINTS": 3.0, "GRID_ID": "830" }, "geometry": { "type": "MultiPolygon", "coordinates": [ [ [ [ -47.509, -23.1823272 ], [ -47.309, -23.1823272 ], [ -47.309, -23.3823272 ], [ -47.509, -23.3823272 ], [ -47.509, -23.1823272 ] ] ] ] } },
{ "type": "Feature", "properties": { "fid": 226, "id": 831, "grid_status": "not finished yet", "NUMPOINTS": 1.0, "GRID_ID": "831-1-1" }, "geometry": { "type": "Polygon", "coordinates": [ [ [ -47.509, -23.5823272 ], [ -47.459, -23.5823272 ], [ -47.459, -23.5323272 ], [ -47.509, -23.5323272 ], [ -47.509, -23.5823272 ] ] ] } },
{ "type": "Feature", "properties": { "fid": 227, "id": 831, "grid_status": "no point", "NUMPOINTS": 0.0, "GRID_ID": "831-1-1" }, "geometry": { "type": "Polygon", "coordinates": [ [ [ -47.459, -23.5823272 ], [ -47.409, -23.5823272 ], [ -47.409, -23.5323272 ], [ -47.459, -23.5323272 ], [ -47.459, -23.5823272 ] ] ] } },
{ "type": "Feature", "properties": { "fid": 228, "id": 831, "grid_status": "not finished yet", "NUMPOINTS": 4.0, "GRID_ID": "831-1-1" }, "geometry": { "type": "Polygon", "coordinates": [ [ [ -47.509, -23.5323272 ], [ -47.459, -23.5323272 ], [ -47.459, -23.4823272 ], [ -47.509, -23.4823272 ], [ -47.509, -23.5323272 ] ] ] } },
{ "type": "Feature", "properties": { "fid": 229, "id": 831, "grid_status": "not finished yet", "NUMPOINTS": 8.0, "GRID_ID": "831-1-1" }, "geometry": { "type": "Polygon", "coordinates": [ [ [ -47.459, -23.5323272 ], [ -47.409, -23.5323272 ], [ -47.409, -23.4823272 ], [ -47.459, -23.4823272 ], [ -47.459, -23.5323272 ] ] ] } },
{ "type": "Feature", "properties": { "fid": 230, "id": 831, "grid_status": "not finished yet", "NUMPOINTS": 6.0, "GRID_ID": "831-1-1" }, "geometry": { "type": "Polygon", "coordinates": [ [ [ -47.409, -23.5823272 ], [ -47.309, -23.5823272 ], [ -47.309, -23.4823272 ], [ -47.409, -23.4823272 ], [ -47.409, -23.5823272 ] ] ] } },
{ "type": "Feature", "properties": { "fid": 231, "id": 831, "grid_status": "not finished yet", "NUMPOINTS": 2.0, "GRID_ID": "831-1-1" }, "geometry": { "type": "Polygon", "coordinates": [ [ [ -47.509, -23.4823272 ], [ -47.409, -23.4823272 ], [ -47.409, -23.3823272 ], [ -47.509, -23.3823272 ], [ -47.509, -23.4823272 ] ] ] } },
{ "type": "Feature", "properties": { "fid": 232, "id": 831, "grid_status": "not finished yet", "NUMPOINTS": 1.0, "GRID_ID": "831-1-1" }, "geometry": { "type": "Polygon", "coordinates": [ [ [ -47.409, -23.4823272 ], [ -47.309, -23.4823272 ], [ -47.309, -23.3823272 ], [ -47.409, -23.3823272 ], [ -47.409, -23.4823272 ] ] ] } },
{ "type": "Feature", "properties": { "fid": 233, "id": 832, "grid_status": "not finished yet", "NUMPOINTS": 1.0, "GRID_ID": "832" }, "geometry": { "type": "MultiPolygon", "coordinates": [ [ [ [ -47.509, -23.5823272 ], [ -47.309, -23.5823272 ], [ -47.309, -23.7823272 ], [ -47.509, -23.7823272 ], [ -47.509, -23.5823272 ] ] ] ] } },
{ "type": "Feature", "properties": { "fid": 234, "id": 833, "grid_status": "no point", "NUMPOINTS": 0.0, "GRID_ID": "833" }, "geometry": { "type": "MultiPolygon", "coordinates": [ [ [ [ -47.509, -23.7823272 ], [ -47.309, -23.7823272 ], [ -47.309, -23.9823272 ], [ -47.509, -23.9823272 ], [ -47.509, -23.7823272 ] ] ] ] } },
{ "type": "Feature", "properties": { "fid": 235, "id": 834, "grid_status": "no point", "NUMPOINTS": 0.0, "GRID_ID": "834" }, "geometry": { "type": "MultiPolygon", "coordinates": [ [ [ [ -47.509, -23.9823272 ], [ -47.309, -23.9823272 ], [ -47.309, -24.1823272 ], [ -47.509, -24.1823272 ], [ -47.509, -23.9823272 ] ] ] ] } },
{ "type": "Feature", "properties": { "fid": 236, "id": 835, "grid_status": "not finished yet", "NUMPOINTS": 1.0, "GRID_ID": "835" }, "geometry": { "type": "MultiPolygon", "coordinates": [ [ [ [ -47.509, -24.1823272 ], [ -47.309, -24.1823272 ], [ -47.309, -24.3823272 ], [ -47.509, -24.3823272 ], [ -47.509, -24.1823272 ] ] ] ] } },
{ "type": "Feature", "properties": { "fid": 237, "id": 836, "grid_status": "no point", "NUMPOINTS": 0.0, "GRID_ID": "836" }, "geometry": { "type": "MultiPolygon", "coordinates": [ [ [ [ -47.509, -24.3823272 ], [ -47.309, -24.3823272 ], [ -47.309, -24.5823272 ], [ -47.509, -24.5823272 ], [ -47.509, -24.3823272 ] ] ] ] } },
{ "type": "Feature", "properties": { "fid": 238, "id": 837, "grid_status": "no point", "NUMPOINTS": 0.0, "GRID_ID": "837" }, "geometry": { "type": "MultiPolygon", "coordinates": [ [ [ [ -47.509, -24.5823272 ], [ -47.309, -24.5823272 ], [ -47.309, -24.7823272 ], [ -47.509, -24.7823272 ], [ -47.509, -24.5823272 ] ] ] ] } },
{ "type": "Feature", "properties": { "fid": 239, "id": 838, "grid_status": "no point", "NUMPOINTS": 0.0, "GRID_ID": "838" }, "geometry": { "type": "MultiPolygon", "coordinates": [ [ [ [ -47.509, -24.7823272 ], [ -47.309, -24.7823272 ], [ -47.309, -24.9823272 ], [ -47.509, -24.9823272 ], [ -47.509, -24.7823272 ] ] ] ] } },
{ "type": "Feature", "properties": { "fid": 240, "id": 807, "grid_status": "no point", "NUMPOINTS": 0.0, "GRID_ID": "807" }, "geometry": { "type": "MultiPolygon", "coordinates": [ [ [ [ -47.709, -24.3823272 ], [ -47.509, -24.3823272 ], [ -47.509, -24.5823272 ], [ -47.709, -24.5823272 ], [ -47.709, -24.3823272 ] ] ] ] } },
{ "type": "Feature", "properties": { "fid": 241, "id": 808, "grid_status": "not finished yet", "NUMPOINTS": 1.0, "GRID_ID": "808" }, "geometry": { "type": "MultiPolygon", "coordinates": [ [ [ [ -47.709, -24.5823272 ], [ -47.509, -24.5823272 ], [ -47.509, -24.7823272 ], [ -47.709, -24.7823272 ], [ -47.709, -24.5823272 ] ] ] ] } },
{ "type": "Feature", "properties": { "fid": 242, "id": 809, "grid_status": "no point", "NUMPOINTS": 0.0, "GRID_ID": "809" }, "geometry": { "type": "MultiPolygon", "coordinates": [ [ [ [ -47.709, -24.7823272 ], [ -47.509, -24.7823272 ], [ -47.509, -24.9823272 ], [ -47.709, -24.9823272 ], [ -47.709, -24.7823272 ] ] ] ] } },
{ "type": "Feature", "properties": { "fid": 243, "id": 810, "grid_status": "no point", "NUMPOINTS": 0.0, "GRID_ID": "810" }, "geometry": { "type": "MultiPolygon", "coordinates": [ [ [ [ -47.709, -24.9823272 ], [ -47.509, -24.9823272 ], [ -47.509, -25.1823272 ], [ -47.709, -25.1823272 ], [ -47.709, -24.9823272 ] ] ] ] } },
{ "type": "Feature", "properties": { "fid": 244, "id": 811, "grid_status": "no point", "NUMPOINTS": 0.0, "GRID_ID": "811" }, "geometry": { "type": "MultiPolygon", "coordinates": [ [ [ [ -47.709, -25.1823272 ], [ -47.509, -25.1823272 ], [ -47.509, -25.3823272 ], [ -47.709, -25.3823272 ], [ -47.709, -25.1823272 ] ] ] ] } },
{ "type": "Feature", "properties": { "fid": 245, "id": 812, "grid_status": "no point", "NUMPOINTS": 0.0, "GRID_ID": "812" }, "geometry": { "type": "MultiPolygon", "coordinates": [ [ [ [ -47.709, -25.3823272 ], [ -47.509, -25.3823272 ], [ -47.509, -25.5823272 ], [ -47.709, -25.5823272 ], [ -47.709, -25.3823272 ] ] ] ] } },
{ "type": "Feature", "properties": { "fid": 246, "id": 813, "grid_status": "no point", "NUMPOINTS": 0.0, "GRID_ID": "813" }, "geometry": { "type": "MultiPolygon", "coordinates": [ [ [ [ -47.509, -19.7823272 ], [ -47.309, -19.7823272 ], [ -47.309, -19.9823272 ], [ -47.509, -19.9823272 ], [ -47.509, -19.7823272 ] ] ] ] } },
{ "type": "Feature", "properties": { "fid": 247, "id": 814, "grid_status": "no point", "NUMPOINTS": 0.0, "GRID_ID": "814" }, "geometry": { "type": "MultiPolygon", "coordinates": [ [ [ [ -47.509, -19.9823272 ], [ -47.309, -19.9823272 ], [ -47.309, -20.1823272 ], [ -47.509, -20.1823272 ], [ -47.509, -19.9823272 ] ] ] ] } },
{ "type": "Feature", "properties": { "fid": 248, "id": 815, "grid_status": "no point", "NUMPOINTS": 0.0, "GRID_ID": "815" }, "geometry": { "type": "MultiPolygon", "coordinates": [ [ [ [ -47.509, -20.1823272 ], [ -47.309, -20.1823272 ], [ -47.309, -20.3823272 ], [ -47.509, -20.3823272 ], [ -47.509, -20.1823272 ] ] ] ] } },
{ "type": "Feature", "properties": { "fid": 249, "id": 816, "grid_status": "not finished yet", "NUMPOINTS": 1.0, "GRID_ID": "816" }, "geometry": { "type": "MultiPolygon", "coordinates": [ [ [ [ -47.509, -20.3823272 ], [ -47.309, -20.3823272 ], [ -47.309, -20.5823272 ], [ -47.509, -20.5823272 ], [ -47.509, -20.3823272 ] ] ] ] } },
{ "type": "Feature", "properties": { "fid": 250, "id": 817, "grid_status": "no point", "NUMPOINTS": 0.0, "GRID_ID": "817" }, "geometry": { "type": "MultiPolygon", "coordinates": [ [ [ [ -47.509, -20.5823272 ], [ -47.309, -20.5823272 ], [ -47.309, -20.7823272 ], [ -47.509, -20.7823272 ], [ -47.509, -20.5823272 ] ] ] ] } },
{ "type": "Feature", "properties": { "fid": 251, "id": 818, "grid_status": "no point", "NUMPOINTS": 0.0, "GRID_ID": "818" }, "geometry": { "type": "MultiPolygon", "coordinates": [ [ [ [ -47.509, -20.7823272 ], [ -47.309, -20.7823272 ], [ -47.309, -20.9823272 ], [ -47.509, -20.9823272 ], [ -47.509, -20.7823272 ] ] ] ] } },
{ "type": "Feature", "properties": { "fid": 252, "id": 819, "grid_status": "no point", "NUMPOINTS": 0.0, "GRID_ID": "819" }, "geometry": { "type": "MultiPolygon", "coordinates": [ [ [ [ -47.509, -20.9823272 ], [ -47.309, -20.9823272 ], [ -47.309, -21.1823272 ], [ -47.509, -21.1823272 ], [ -47.509, -20.9823272 ] ] ] ] } },
{ "type": "Feature", "properties": { "fid": 253, "id": 820, "grid_status": "no point", "NUMPOINTS": 0.0, "GRID_ID": "820" }, "geometry": { "type": "MultiPolygon", "coordinates": [ [ [ [ -47.509, -21.1823272 ], [ -47.309, -21.1823272 ], [ -47.309, -21.3823272 ], [ -47.509, -21.3823272 ], [ -47.509, -21.1823272 ] ] ] ] } },
{ "type": "Feature", "properties": { "fid": 254, "id": 821, "grid_status": "no point", "NUMPOINTS": 0.0, "GRID_ID": "821" }, "geometry": { "type": "MultiPolygon", "coordinates": [ [ [ [ -47.509, -21.3823272 ], [ -47.309, -21.3823272 ], [ -47.309, -21.5823272 ], [ -47.509, -21.5823272 ], [ -47.509, -21.3823272 ] ] ] ] } },
{ "type": "Feature", "properties": { "fid": 255, "id": 822, "grid_status": "no point", "NUMPOINTS": 0.0, "GRID_ID": "822" }, "geometry": { "type": "MultiPolygon", "coordinates": [ [ [ [ -47.509, -21.5823272 ], [ -47.309, -21.5823272 ], [ -47.309, -21.7823272 ], [ -47.509, -21.7823272 ], [ -47.509, -21.5823272 ] ] ] ] } },
{ "type": "Feature", "properties": { "fid": 256, "id": 727, "grid_status": "no point", "NUMPOINTS": 0.0, "GRID_ID": "727" }, "geometry": { "type": "MultiPolygon", "coordinates": [ [ [ [ -48.109, -19.9823272 ], [ -47.909, -19.9823272 ], [ -47.909, -20.1823272 ], [ -48.109, -20.1823272 ], [ -48.109, -19.9823272 ] ] ] ] } },
{ "type": "Feature", "properties": { "fid": 257, "id": 728, "grid_status": "no point", "NUMPOINTS": 0.0, "GRID_ID": "728" }, "geometry": { "type": "MultiPolygon", "coordinates": [ [ [ [ -48.109, -20.1823272 ], [ -47.909, -20.1823272 ], [ -47.909, -20.3823272 ], [ -48.109, -20.3823272 ], [ -48.109, -20.1823272 ] ] ] ] } },
{ "type": "Feature", "properties": { "fid": 258, "id": 729, "grid_status": "no point", "NUMPOINTS": 0.0, "GRID_ID": "729" }, "geometry": { "type": "MultiPolygon", "coordinates": [ [ [ [ -48.109, -20.3823272 ], [ -47.909, -20.3823272 ], [ -47.909, -20.5823272 ], [ -48.109, -20.5823272 ], [ -48.109, -20.3823272 ] ] ] ] } },
{ "type": "Feature", "properties": { "fid": 259, "id": 730, "grid_status": "no point", "NUMPOINTS": 0.0, "GRID_ID": "730" }, "geometry": { "type": "MultiPolygon", "coordinates": [ [ [ [ -48.109, -20.5823272 ], [ -47.909, -20.5823272 ], [ -47.909, -20.7823272 ], [ -48.109, -20.7823272 ], [ -48.109, -20.5823272 ] ] ] ] } },
{ "type": "Feature", "properties": { "fid": 260, "id": 731, "grid_status": "no point", "NUMPOINTS": 0.0, "GRID_ID": "731" }, "geometry": { "type": "MultiPolygon", "coordinates": [ [ [ [ -48.109, -20.7823272 ], [ -47.909, -20.7823272 ], [ -47.909, -20.9823272 ], [ -48.109, -20.9823272 ], [ -48.109, -20.7823272 ] ] ] ] } },
{ "type": "Feature", "properties": { "fid": 261, "id": 732, "grid_status": "no point", "NUMPOINTS": 0.0, "GRID_ID": "732" }, "geometry": { "type": "MultiPolygon", "coordinates": [ [ [ [ -48.109, -20.9823272 ], [ -47.909, -20.9823272 ], [ -47.909, -21.1823272 ], [ -48.109, -21.1823272 ], [ -48.109, -20.9823272 ] ] ] ] } },
{ "type": "Feature", "properties": { "fid": 262, "id": 733, "grid_status": "not finished yet", "NUMPOINTS": 2.0, "GRID_ID": "733" }, "geometry": { "type": "MultiPolygon", "coordinates": [ [ [ [ -48.109, -21.1823272 ], [ -47.909, -21.1823272 ], [ -47.909, -21.3823272 ], [ -48.109, -21.3823272 ], [ -48.109, -21.1823272 ] ] ] ] } },
{ "type": "Feature", "properties": { "fid": 263, "id": 734, "grid_status": "no point", "NUMPOINTS": 0.0, "GRID_ID": "734" }, "geometry": { "type": "MultiPolygon", "coordinates": [ [ [ [ -48.109, -21.3823272 ], [ -47.909, -21.3823272 ], [ -47.909, -21.5823272 ], [ -48.109, -21.5823272 ], [ -48.109, -21.3823272 ] ] ] ] } },
{ "type": "Feature", "properties": { "fid": 264, "id": 735, "grid_status": "no point", "NUMPOINTS": 0.0, "GRID_ID": "735" }, "geometry": { "type": "MultiPolygon", "coordinates": [ [ [ [ -48.109, -21.5823272 ], [ -47.909, -21.5823272 ], [ -47.909, -21.7823272 ], [ -48.109, -21.7823272 ], [ -48.109, -21.5823272 ] ] ] ] } },
{ "type": "Feature", "properties": { "fid": 265, "id": 736, "grid_status": "no point", "NUMPOINTS": 0.0, "GRID_ID": "736" }, "geometry": { "type": "MultiPolygon", "coordinates": [ [ [ [ -48.109, -21.7823272 ], [ -47.909, -21.7823272 ], [ -47.909, -21.9823272 ], [ -48.109, -21.9823272 ], [ -48.109, -21.7823272 ] ] ] ] } },
{ "type": "Feature", "properties": { "fid": 266, "id": 737, "grid_status": "no point", "NUMPOINTS": 0.0, "GRID_ID": "737" }, "geometry": { "type": "MultiPolygon", "coordinates": [ [ [ [ -48.109, -21.9823272 ], [ -47.909, -21.9823272 ], [ -47.909, -22.1823272 ], [ -48.109, -22.1823272 ], [ -48.109, -21.9823272 ] ] ] ] } },
{ "type": "Feature", "properties": { "fid": 267, "id": 738, "grid_status": "no point", "NUMPOINTS": 0.0, "GRID_ID": "738" }, "geometry": { "type": "MultiPolygon", "coordinates": [ [ [ [ -48.109, -22.1823272 ], [ -47.909, -22.1823272 ], [ -47.909, -22.3823272 ], [ -48.109, -22.3823272 ], [ -48.109, -22.1823272 ] ] ] ] } },
{ "type": "Feature", "properties": { "fid": 268, "id": 739, "grid_status": "no point", "NUMPOINTS": 0.0, "GRID_ID": "739" }, "geometry": { "type": "MultiPolygon", "coordinates": [ [ [ [ -48.109, -22.3823272 ], [ -47.909, -22.3823272 ], [ -47.909, -22.5823272 ], [ -48.109, -22.5823272 ], [ -48.109, -22.3823272 ] ] ] ] } },
{ "type": "Feature", "properties": { "fid": 269, "id": 740, "grid_status": "no point", "NUMPOINTS": 0.0, "GRID_ID": "740" }, "geometry": { "type": "MultiPolygon", "coordinates": [ [ [ [ -48.109, -22.5823272 ], [ -47.909, -22.5823272 ], [ -47.909, -22.7823272 ], [ -48.109, -22.7823272 ], [ -48.109, -22.5823272 ] ] ] ] } },
{ "type": "Feature", "properties": { "fid": 270, "id": 741, "grid_status": "no point", "NUMPOINTS": 0.0, "GRID_ID": "741" }, "geometry": { "type": "MultiPolygon", "coordinates": [ [ [ [ -48.109, -22.7823272 ], [ -47.909, -22.7823272 ], [ -47.909, -22.9823272 ], [ -48.109, -22.9823272 ], [ -48.109, -22.7823272 ] ] ] ] } },
{ "type": "Feature", "properties": { "fid": 271, "id": 742, "grid_status": "no point", "NUMPOINTS": 0.0, "GRID_ID": "742" }, "geometry": { "type": "MultiPolygon", "coordinates": [ [ [ [ -48.109, -22.9823272 ], [ -47.909, -22.9823272 ], [ -47.909, -23.1823272 ], [ -48.109, -23.1823272 ], [ -48.109, -22.9823272 ] ] ] ] } },
{ "type": "Feature", "properties": { "fid": 272, "id": 711, "grid_status": "no point", "NUMPOINTS": 0.0, "GRID_ID": "711" }, "geometry": { "type": "MultiPolygon", "coordinates": [ [ [ [ -48.309, -22.5823272 ], [ -48.109, -22.5823272 ], [ -48.109, -22.7823272 ], [ -48.309, -22.7823272 ], [ -48.309, -22.5823272 ] ] ] ] } },
{ "type": "Feature", "properties": { "fid": 273, "id": 712, "grid_status": "no point", "NUMPOINTS": 0.0, "GRID_ID": "712" }, "geometry": { "type": "MultiPolygon", "coordinates": [ [ [ [ -48.309, -22.7823272 ], [ -48.109, -22.7823272 ], [ -48.109, -22.9823272 ], [ -48.309, -22.9823272 ], [ -48.309, -22.7823272 ] ] ] ] } },
{ "type": "Feature", "properties": { "fid": 274, "id": 713, "grid_status": "no point", "NUMPOINTS": 0.0, "GRID_ID": "713" }, "geometry": { "type": "MultiPolygon", "coordinates": [ [ [ [ -48.309, -22.9823272 ], [ -48.109, -22.9823272 ], [ -48.109, -23.1823272 ], [ -48.309, -23.1823272 ], [ -48.309, -22.9823272 ] ] ] ] } },
{ "type": "Feature", "properties": { "fid": 275, "id": 714, "grid_status": "not finished yet", "NUMPOINTS": 1.0, "GRID_ID": "714" }, "geometry": { "type": "MultiPolygon", "coordinates": [ [ [ [ -48.309, -23.1823272 ], [ -48.109, -23.1823272 ], [ -48.109, -23.3823272 ], [ -48.309, -23.3823272 ], [ -48.309, -23.1823272 ] ] ] ] } },
{ "type": "Feature", "properties": { "fid": 276, "id": 715, "grid_status": "no point", "NUMPOINTS": 0.0, "GRID_ID": "715" }, "geometry": { "type": "MultiPolygon", "coordinates": [ [ [ [ -48.309, -23.3823272 ], [ -48.109, -23.3823272 ], [ -48.109, -23.5823272 ], [ -48.309, -23.5823272 ], [ -48.309, -23.3823272 ] ] ] ] } },
{ "type": "Feature", "properties": { "fid": 277, "id": 716, "grid_status": "no point", "NUMPOINTS": 0.0, "GRID_ID": "716" }, "geometry": { "type": "MultiPolygon", "coordinates": [ [ [ [ -48.309, -23.5823272 ], [ -48.109, -23.5823272 ], [ -48.109, -23.7823272 ], [ -48.309, -23.7823272 ], [ -48.309, -23.5823272 ] ] ] ] } },
{ "type": "Feature", "properties": { "fid": 278, "id": 717, "grid_status": "no point", "NUMPOINTS": 0.0, "GRID_ID": "717" }, "geometry": { "type": "MultiPolygon", "coordinates": [ [ [ [ -48.309, -23.7823272 ], [ -48.109, -23.7823272 ], [ -48.109, -23.9823272 ], [ -48.309, -23.9823272 ], [ -48.309, -23.7823272 ] ] ] ] } },
{ "type": "Feature", "properties": { "fid": 279, "id": 718, "grid_status": "no point", "NUMPOINTS": 0.0, "GRID_ID": "718" }, "geometry": { "type": "MultiPolygon", "coordinates": [ [ [ [ -48.309, -23.9823272 ], [ -48.109, -23.9823272 ], [ -48.109, -24.1823272 ], [ -48.309, -24.1823272 ], [ -48.309, -23.9823272 ] ] ] ] } },
{ "type": "Feature", "properties": { "fid": 280, "id": 719, "grid_status": "no point", "NUMPOINTS": 0.0, "GRID_ID": "719" }, "geometry": { "type": "MultiPolygon", "coordinates": [ [ [ [ -48.309, -24.1823272 ], [ -48.109, -24.1823272 ], [ -48.109, -24.3823272 ], [ -48.309, -24.3823272 ], [ -48.309, -24.1823272 ] ] ] ] } },
{ "type": "Feature", "properties": { "fid": 281, "id": 720, "grid_status": "no point", "NUMPOINTS": 0.0, "GRID_ID": "720" }, "geometry": { "type": "MultiPolygon", "coordinates": [ [ [ [ -48.309, -24.3823272 ], [ -48.109, -24.3823272 ], [ -48.109, -24.5823272 ], [ -48.309, -24.5823272 ], [ -48.309, -24.3823272 ] ] ] ] } },
{ "type": "Feature", "properties": { "fid": 282, "id": 721, "grid_status": "no point", "NUMPOINTS": 0.0, "GRID_ID": "721" }, "geometry": { "type": "MultiPolygon", "coordinates": [ [ [ [ -48.309, -24.5823272 ], [ -48.109, -24.5823272 ], [ -48.109, -24.7823272 ], [ -48.309, -24.7823272 ], [ -48.309, -24.5823272 ] ] ] ] } },
{ "type": "Feature", "properties": { "fid": 283, "id": 722, "grid_status": "no point", "NUMPOINTS": 0.0, "GRID_ID": "722" }, "geometry": { "type": "MultiPolygon", "coordinates": [ [ [ [ -48.309, -24.7823272 ], [ -48.109, -24.7823272 ], [ -48.109, -24.9823272 ], [ -48.309, -24.9823272 ], [ -48.309, -24.7823272 ] ] ] ] } },
{ "type": "Feature", "properties": { "fid": 284, "id": 723, "grid_status": "no point", "NUMPOINTS": 0.0, "GRID_ID": "723" }, "geometry": { "type": "MultiPolygon", "coordinates": [ [ [ [ -48.309, -24.9823272 ], [ -48.109, -24.9823272 ], [ -48.109, -25.1823272 ], [ -48.309, -25.1823272 ], [ -48.309, -24.9823272 ] ] ] ] } },
{ "type": "Feature", "properties": { "fid": 285, "id": 724, "grid_status": "no point", "NUMPOINTS": 0.0, "GRID_ID": "724" }, "geometry": { "type": "MultiPolygon", "coordinates": [ [ [ [ -48.309, -25.1823272 ], [ -48.109, -25.1823272 ], [ -48.109, -25.3823272 ], [ -48.309, -25.3823272 ], [ -48.309, -25.1823272 ] ] ] ] } },
{ "type": "Feature", "properties": { "fid": 286, "id": 759, "grid_status": "not finished yet", "NUMPOINTS": 1.0, "GRID_ID": "759" }, "geometry": { "type": "MultiPolygon", "coordinates": [ [ [ [ -47.909, -20.5823272 ], [ -47.709, -20.5823272 ], [ -47.709, -20.7823272 ], [ -47.909, -20.7823272 ], [ -47.909, -20.5823272 ] ] ] ] } },
{ "type": "Feature", "properties": { "fid": 287, "id": 760, "grid_status": "no point", "NUMPOINTS": 0.0, "GRID_ID": "760" }, "geometry": { "type": "MultiPolygon", "coordinates": [ [ [ [ -47.909, -20.7823272 ], [ -47.709, -20.7823272 ], [ -47.709, -20.9823272 ], [ -47.909, -20.9823272 ], [ -47.909, -20.7823272 ] ] ] ] } },
{ "type": "Feature", "properties": { "fid": 288, "id": 761, "grid_status": "not finished yet", "NUMPOINTS": 2.0, "GRID_ID": "761-1-1" }, "geometry": { "type": "Polygon", "coordinates": [ [ [ -47.909, -21.1823272 ], [ -47.859, -21.1823272 ], [ -47.859, -21.1323272 ], [ -47.909, -21.1323272 ], [ -47.909, -21.1823272 ] ] ] } },
{ "type": "Feature", "properties": { "fid": 289, "id": 761, "grid_status": "not finished yet", "NUMPOINTS": 9.0, "GRID_ID": "761-1-1" }, "geometry": { "type": "Polygon", "coordinates": [ [ [ -47.859, -21.1823272 ], [ -47.809, -21.1823272 ], [ -47.809, -21.1323272 ], [ -47.859, -21.1323272 ], [ -47.859, -21.1823272 ] ] ] } },
{ "type": "Feature", "properties": { "fid": 290, "id": 761, "grid_status": "no point", "NUMPOINTS": 0.0, "GRID_ID": "761-1-1" }, "geometry": { "type": "Polygon", "coordinates": [ [ [ -47.909, -21.1323272 ], [ -47.859, -21.1323272 ], [ -47.859, -21.0823272 ], [ -47.909, -21.0823272 ], [ -47.909, -21.1323272 ] ] ] } },
{ "type": "Feature", "properties": { "fid": 291, "id": 761, "grid_status": "no point", "NUMPOINTS": 0.0, "GRID_ID": "761-1-1" }, "geometry": { "type": "Polygon", "coordinates": [ [ [ -47.859, -21.1323272 ], [ -47.809, -21.1323272 ], [ -47.809, -21.0823272 ], [ -47.859, -21.0823272 ], [ -47.859, -21.1323272 ] ] ] } },
{ "type": "Feature", "properties": { "fid": 292, "id": 761, "grid_status": "not finished yet", "NUMPOINTS": 6.0, "GRID_ID": "761-1-1" }, "geometry": { "type": "Polygon", "coordinates": [ [ [ -47.809, -21.1823272 ], [ -47.709, -21.1823272 ], [ -47.709, -21.0823272 ], [ -47.809, -21.0823272 ], [ -47.809, -21.1823272 ] ] ] } },
{ "type": "Feature", "properties": { "fid": 293, "id": 761, "grid_status": "no point", "NUMPOINTS": 0.0, "GRID_ID": "761-1-1" }, "geometry": { "type": "Polygon", "coordinates": [ [ [ -47.909, -21.0823272 ], [ -47.809, -21.0823272 ], [ -47.809, -20.9823272 ], [ -47.909, -20.9823272 ], [ -47.909, -21.0823272 ] ] ] } },
{ "type": "Feature", "properties": { "fid": 294, "id": 761, "grid_status": "no point", "NUMPOINTS": 0.0, "GRID_ID": "761-1-1" }, "geometry": { "type": "Polygon", "coordinates": [ [ [ -47.809, -21.0823272 ], [ -47.709, -21.0823272 ], [ -47.709, -20.9823272 ], [ -47.809, -20.9823272 ], [ -47.809, -21.0823272 ] ] ] } },
{ "type": "Feature", "properties": { "fid": 295, "id": 762, "grid_status": "not finished yet", "NUMPOINTS": 2.0, "GRID_ID": "762" }, "geometry": { "type": "MultiPolygon", "coordinates": [ [ [ [ -47.909, -21.1823272 ], [ -47.709, -21.1823272 ], [ -47.709, -21.3823272 ], [ -47.909, -21.3823272 ], [ -47.909, -21.1823272 ] ] ] ] } },
{ "type": "Feature", "properties": { "fid": 296, "id": 763, "grid_status": "no point", "NUMPOINTS": 0.0, "GRID_ID": "763" }, "geometry": { "type": "MultiPolygon", "coordinates": [ [ [ [ -47.909, -21.3823272 ], [ -47.709, -21.3823272 ], [ -47.709, -21.5823272 ], [ -47.909, -21.5823272 ], [ -47.909, -21.3823272 ] ] ] ] } },
{ "type": "Feature", "properties": { "fid": 297, "id": 764, "grid_status": "no point", "NUMPOINTS": 0.0, "GRID_ID": "764" }, "geometry": { "type": "MultiPolygon", "coordinates": [ [ [ [ -47.909, -21.5823272 ], [ -47.709, -21.5823272 ], [ -47.709, -21.7823272 ], [ -47.909, -21.7823272 ], [ -47.909, -21.5823272 ] ] ] ] } },
{ "type": "Feature", "properties": { "fid": 298, "id": 765, "grid_status": "no point", "NUMPOINTS": 0.0, "GRID_ID": "765" }, "geometry": { "type": "MultiPolygon", "coordinates": [ [ [ [ -47.909, -21.7823272 ], [ -47.709, -21.7823272 ], [ -47.709, -21.9823272 ], [ -47.909, -21.9823272 ], [ -47.909, -21.7823272 ] ] ] ] } },
{ "type": "Feature", "properties": { "fid": 299, "id": 766, "grid_status": "not finished yet", "NUMPOINTS": 4.0, "GRID_ID": "766" }, "geometry": { "type": "MultiPolygon", "coordinates": [ [ [ [ -47.909, -21.9823272 ], [ -47.709, -21.9823272 ], [ -47.709, -22.1823272 ], [ -47.909, -22.1823272 ], [ -47.909, -21.9823272 ] ] ] ] } },
{ "type": "Feature", "properties": { "fid": 300, "id": 767, "grid_status": "no point", "NUMPOINTS": 0.0, "GRID_ID": "767" }, "geometry": { "type": "MultiPolygon", "coordinates": [ [ [ [ -47.909, -22.1823272 ], [ -47.709, -22.1823272 ], [ -47.709, -22.3823272 ], [ -47.909, -22.3823272 ], [ -47.909, -22.1823272 ] ] ] ] } },
{ "type": "Feature", "properties": { "fid": 301, "id": 768, "grid_status": "no point", "NUMPOINTS": 0.0, "GRID_ID": "768" }, "geometry": { "type": "MultiPolygon", "coordinates": [ [ [ [ -47.909, -22.3823272 ], [ -47.709, -22.3823272 ], [ -47.709, -22.5823272 ], [ -47.909, -22.5823272 ], [ -47.909, -22.3823272 ] ] ] ] } },
{ "type": "Feature", "properties": { "fid": 302, "id": 769, "grid_status": "not finished yet", "NUMPOINTS": 3.0, "GRID_ID": "769" }, "geometry": { "type": "MultiPolygon", "coordinates": [ [ [ [ -47.909, -22.5823272 ], [ -47.709, -22.5823272 ], [ -47.709, -22.7823272 ], [ -47.909, -22.7823272 ], [ -47.909, -22.5823272 ] ] ] ] } },
{ "type": "Feature", "properties": { "fid": 303, "id": 770, "grid_status": "no point", "NUMPOINTS": 0.0, "GRID_ID": "770" }, "geometry": { "type": "MultiPolygon", "coordinates": [ [ [ [ -47.909, -22.7823272 ], [ -47.709, -22.7823272 ], [ -47.709, -22.9823272 ], [ -47.909, -22.9823272 ], [ -47.909, -22.7823272 ] ] ] ] } },
{ "type": "Feature", "properties": { "fid": 304, "id": 771, "grid_status": "no point", "NUMPOINTS": 0.0, "GRID_ID": "771" }, "geometry": { "type": "MultiPolygon", "coordinates": [ [ [ [ -47.909, -22.9823272 ], [ -47.709, -22.9823272 ], [ -47.709, -23.1823272 ], [ -47.909, -23.1823272 ], [ -47.909, -22.9823272 ] ] ] ] } },
{ "type": "Feature", "properties": { "fid": 305, "id": 772, "grid_status": "no point", "NUMPOINTS": 0.0, "GRID_ID": "772" }, "geometry": { "type": "MultiPolygon", "coordinates": [ [ [ [ -47.909, -23.1823272 ], [ -47.709, -23.1823272 ], [ -47.709, -23.3823272 ], [ -47.909, -23.3823272 ], [ -47.909, -23.1823272 ] ] ] ] } },
{ "type": "Feature", "properties": { "fid": 306, "id": 773, "grid_status": "no point", "NUMPOINTS": 0.0, "GRID_ID": "773" }, "geometry": { "type": "MultiPolygon", "coordinates": [ [ [ [ -47.909, -23.3823272 ], [ -47.709, -23.3823272 ], [ -47.709, -23.5823272 ], [ -47.909, -23.5823272 ], [ -47.909, -23.3823272 ] ] ] ] } },
{ "type": "Feature", "properties": { "fid": 307, "id": 774, "grid_status": "no point", "NUMPOINTS": 0.0, "GRID_ID": "774" }, "geometry": { "type": "MultiPolygon", "coordinates": [ [ [ [ -47.909, -23.5823272 ], [ -47.709, -23.5823272 ], [ -47.709, -23.7823272 ], [ -47.909, -23.7823272 ], [ -47.909, -23.5823272 ] ] ] ] } },
{ "type": "Feature", "properties": { "fid": 308, "id": 743, "grid_status": "no point", "NUMPOINTS": 0.0, "GRID_ID": "743" }, "geometry": { "type": "MultiPolygon", "coordinates": [ [ [ [ -48.109, -23.1823272 ], [ -47.909, -23.1823272 ], [ -47.909, -23.3823272 ], [ -48.109, -23.3823272 ], [ -48.109, -23.1823272 ] ] ] ] } },
{ "type": "Feature", "properties": { "fid": 309, "id": 744, "grid_status": "no point", "NUMPOINTS": 0.0, "GRID_ID": "744" }, "geometry": { "type": "MultiPolygon", "coordinates": [ [ [ [ -48.109, -23.3823272 ], [ -47.909, -23.3823272 ], [ -47.909, -23.5823272 ], [ -48.109, -23.5823272 ], [ -48.109, -23.3823272 ] ] ] ] } },
{ "type": "Feature", "properties": { "fid": 310, "id": 745, "grid_status": "not finished yet", "NUMPOINTS": 2.0, "GRID_ID": "745" }, "geometry": { "type": "MultiPolygon", "coordinates": [ [ [ [ -48.109, -23.5823272 ], [ -47.909, -23.5823272 ], [ -47.909, -23.7823272 ], [ -48.109, -23.7823272 ], [ -48.109, -23.5823272 ] ] ] ] } },
{ "type": "Feature", "properties": { "fid": 311, "id": 746, "grid_status": "no point", "NUMPOINTS": 0.0, "GRID_ID": "746" }, "geometry": { "type": "MultiPolygon", "coordinates": [ [ [ [ -48.109, -23.7823272 ], [ -47.909, -23.7823272 ], [ -47.909, -23.9823272 ], [ -48.109, -23.9823272 ], [ -48.109, -23.7823272 ] ] ] ] } },
{ "type": "Feature", "properties": { "fid": 312, "id": 747, "grid_status": "no point", "NUMPOINTS": 0.0, "GRID_ID": "747" }, "geometry": { "type": "MultiPolygon", "coordinates": [ [ [ [ -48.109, -23.9823272 ], [ -47.909, -23.9823272 ], [ -47.909, -24.1823272 ], [ -48.109, -24.1823272 ], [ -48.109, -23.9823272 ] ] ] ] } },
{ "type": "Feature", "properties": { "fid": 313, "id": 748, "grid_status": "no point", "NUMPOINTS": 0.0, "GRID_ID": "748" }, "geometry": { "type": "MultiPolygon", "coordinates": [ [ [ [ -48.109, -24.1823272 ], [ -47.909, -24.1823272 ], [ -47.909, -24.3823272 ], [ -48.109, -24.3823272 ], [ -48.109, -24.1823272 ] ] ] ] } },
{ "type": "Feature", "properties": { "fid": 314, "id": 749, "grid_status": "no point", "NUMPOINTS": 0.0, "GRID_ID": "749" }, "geometry": { "type": "MultiPolygon", "coordinates": [ [ [ [ -48.109, -24.3823272 ], [ -47.909, -24.3823272 ], [ -47.909, -24.5823272 ], [ -48.109, -24.5823272 ], [ -48.109, -24.3823272 ] ] ] ] } },
{ "type": "Feature", "properties": { "fid": 315, "id": 750, "grid_status": "no point", "NUMPOINTS": 0.0, "GRID_ID": "750" }, "geometry": { "type": "MultiPolygon", "coordinates": [ [ [ [ -48.109, -24.5823272 ], [ -47.909, -24.5823272 ], [ -47.909, -24.7823272 ], [ -48.109, -24.7823272 ], [ -48.109, -24.5823272 ] ] ] ] } },
{ "type": "Feature", "properties": { "fid": 316, "id": 751, "grid_status": "no point", "NUMPOINTS": 0.0, "GRID_ID": "751" }, "geometry": { "type": "MultiPolygon", "coordinates": [ [ [ [ -48.109, -24.7823272 ], [ -47.909, -24.7823272 ], [ -47.909, -24.9823272 ], [ -48.109, -24.9823272 ], [ -48.109, -24.7823272 ] ] ] ] } },
{ "type": "Feature", "properties": { "fid": 317, "id": 752, "grid_status": "no point", "NUMPOINTS": 0.0, "GRID_ID": "752" }, "geometry": { "type": "MultiPolygon", "coordinates": [ [ [ [ -48.109, -24.9823272 ], [ -47.909, -24.9823272 ], [ -47.909, -25.1823272 ], [ -48.109, -25.1823272 ], [ -48.109, -24.9823272 ] ] ] ] } },
{ "type": "Feature", "properties": { "fid": 318, "id": 753, "grid_status": "no point", "NUMPOINTS": 0.0, "GRID_ID": "753" }, "geometry": { "type": "MultiPolygon", "coordinates": [ [ [ [ -48.109, -25.1823272 ], [ -47.909, -25.1823272 ], [ -47.909, -25.3823272 ], [ -48.109, -25.3823272 ], [ -48.109, -25.1823272 ] ] ] ] } },
{ "type": "Feature", "properties": { "fid": 319, "id": 754, "grid_status": "no point", "NUMPOINTS": 0.0, "GRID_ID": "754" }, "geometry": { "type": "MultiPolygon", "coordinates": [ [ [ [ -48.109, -25.3823272 ], [ -47.909, -25.3823272 ], [ -47.909, -25.5823272 ], [ -48.109, -25.5823272 ], [ -48.109, -25.3823272 ] ] ] ] } },
{ "type": "Feature", "properties": { "fid": 320, "id": 755, "grid_status": "no point", "NUMPOINTS": 0.0, "GRID_ID": "755" }, "geometry": { "type": "MultiPolygon", "coordinates": [ [ [ [ -47.909, -19.7823272 ], [ -47.709, -19.7823272 ], [ -47.709, -19.9823272 ], [ -47.909, -19.9823272 ], [ -47.909, -19.7823272 ] ] ] ] } },
{ "type": "Feature", "properties": { "fid": 321, "id": 756, "grid_status": "no point", "NUMPOINTS": 0.0, "GRID_ID": "756" }, "geometry": { "type": "MultiPolygon", "coordinates": [ [ [ [ -47.909, -19.9823272 ], [ -47.709, -19.9823272 ], [ -47.709, -20.1823272 ], [ -47.909, -20.1823272 ], [ -47.909, -19.9823272 ] ] ] ] } },
{ "type": "Feature", "properties": { "fid": 322, "id": 757, "grid_status": "no point", "NUMPOINTS": 0.0, "GRID_ID": "757" }, "geometry": { "type": "MultiPolygon", "coordinates": [ [ [ [ -47.909, -20.1823272 ], [ -47.709, -20.1823272 ], [ -47.709, -20.3823272 ], [ -47.909, -20.3823272 ], [ -47.909, -20.1823272 ] ] ] ] } },
{ "type": "Feature", "properties": { "fid": 323, "id": 758, "grid_status": "no point", "NUMPOINTS": 0.0, "GRID_ID": "758" }, "geometry": { "type": "MultiPolygon", "coordinates": [ [ [ [ -47.909, -20.3823272 ], [ -47.709, -20.3823272 ], [ -47.709, -20.5823272 ], [ -47.909, -20.5823272 ], [ -47.909, -20.3823272 ] ] ] ] } },
{ "type": "Feature", "properties": { "fid": 324, "id": 407, "grid_status": "no point", "NUMPOINTS": 0.0, "GRID_ID": "407" }, "geometry": { "type": "MultiPolygon", "coordinates": [ [ [ [ -50.309, -19.7823272 ], [ -50.109, -19.7823272 ], [ -50.109, -19.9823272 ], [ -50.309, -19.9823272 ], [ -50.309, -19.7823272 ] ] ] ] } },
{ "type": "Feature", "properties": { "fid": 325, "id": 408, "grid_status": "no point", "NUMPOINTS": 0.0, "GRID_ID": "408" }, "geometry": { "type": "MultiPolygon", "coordinates": [ [ [ [ -50.309, -19.9823272 ], [ -50.109, -19.9823272 ], [ -50.109, -20.1823272 ], [ -50.309, -20.1823272 ], [ -50.309, -19.9823272 ] ] ] ] } },
{ "type": "Feature", "properties": { "fid": 326, "id": 409, "grid_status": "no point", "NUMPOINTS": 0.0, "GRID_ID": "409" }, "geometry": { "type": "MultiPolygon", "coordinates": [ [ [ [ -50.309, -20.1823272 ], [ -50.109, -20.1823272 ], [ -50.109, -20.3823272 ], [ -50.309, -20.3823272 ], [ -50.309, -20.1823272 ] ] ] ] } },
{ "type": "Feature", "properties": { "fid": 327, "id": 410, "grid_status": "no point", "NUMPOINTS": 0.0, "GRID_ID": "410" }, "geometry": { "type": "MultiPolygon", "coordinates": [ [ [ [ -50.309, -20.3823272 ], [ -50.109, -20.3823272 ], [ -50.109, -20.5823272 ], [ -50.309, -20.5823272 ], [ -50.309, -20.3823272 ] ] ] ] } },
{ "type": "Feature", "properties": { "fid": 328, "id": 411, "grid_status": "no point", "NUMPOINTS": 0.0, "GRID_ID": "411" }, "geometry": { "type": "MultiPolygon", "coordinates": [ [ [ [ -50.309, -20.5823272 ], [ -50.109, -20.5823272 ], [ -50.109, -20.7823272 ], [ -50.309, -20.7823272 ], [ -50.309, -20.5823272 ] ] ] ] } },
{ "type": "Feature", "properties": { "fid": 329, "id": 412, "grid_status": "no point", "NUMPOINTS": 0.0, "GRID_ID": "412" }, "geometry": { "type": "MultiPolygon", "coordinates": [ [ [ [ -50.309, -20.7823272 ], [ -50.109, -20.7823272 ], [ -50.109, -20.9823272 ], [ -50.309, -20.9823272 ], [ -50.309, -20.7823272 ] ] ] ] } },
{ "type": "Feature", "properties": { "fid": 330, "id": 413, "grid_status": "no point", "NUMPOINTS": 0.0, "GRID_ID": "413" }, "geometry": { "type": "MultiPolygon", "coordinates": [ [ [ [ -50.309, -20.9823272 ], [ -50.109, -20.9823272 ], [ -50.109, -21.1823272 ], [ -50.309, -21.1823272 ], [ -50.309, -20.9823272 ] ] ] ] } },
{ "type": "Feature", "properties": { "fid": 331, "id": 414, "grid_status": "no point", "NUMPOINTS": 0.0, "GRID_ID": "414" }, "geometry": { "type": "MultiPolygon", "coordinates": [ [ [ [ -50.309, -21.1823272 ], [ -50.109, -21.1823272 ], [ -50.109, -21.3823272 ], [ -50.309, -21.3823272 ], [ -50.309, -21.1823272 ] ] ] ] } },
{ "type": "Feature", "properties": { "fid": 332, "id": 415, "grid_status": "no point", "NUMPOINTS": 0.0, "GRID_ID": "415" }, "geometry": { "type": "MultiPolygon", "coordinates": [ [ [ [ -50.309, -21.3823272 ], [ -50.109, -21.3823272 ], [ -50.109, -21.5823272 ], [ -50.309, -21.5823272 ], [ -50.309, -21.3823272 ] ] ] ] } },
{ "type": "Feature", "properties": { "fid": 333, "id": 416, "grid_status": "no point", "NUMPOINTS": 0.0, "GRID_ID": "416" }, "geometry": { "type": "MultiPolygon", "coordinates": [ [ [ [ -50.309, -21.5823272 ], [ -50.109, -21.5823272 ], [ -50.109, -21.7823272 ], [ -50.309, -21.7823272 ], [ -50.309, -21.5823272 ] ] ] ] } },
{ "type": "Feature", "properties": { "fid": 334, "id": 417, "grid_status": "no point", "NUMPOINTS": 0.0, "GRID_ID": "417" }, "geometry": { "type": "MultiPolygon", "coordinates": [ [ [ [ -50.309, -21.7823272 ], [ -50.109, -21.7823272 ], [ -50.109, -21.9823272 ], [ -50.309, -21.9823272 ], [ -50.309, -21.7823272 ] ] ] ] } },
{ "type": "Feature", "properties": { "fid": 335, "id": 418, "grid_status": "no point", "NUMPOINTS": 0.0, "GRID_ID": "418" }, "geometry": { "type": "MultiPolygon", "coordinates": [ [ [ [ -50.309, -21.9823272 ], [ -50.109, -21.9823272 ], [ -50.109, -22.1823272 ], [ -50.309, -22.1823272 ], [ -50.309, -21.9823272 ] ] ] ] } },
{ "type": "Feature", "properties": { "fid": 336, "id": 419, "grid_status": "no point", "NUMPOINTS": 0.0, "GRID_ID": "419" }, "geometry": { "type": "MultiPolygon", "coordinates": [ [ [ [ -50.309, -22.1823272 ], [ -50.109, -22.1823272 ], [ -50.109, -22.3823272 ], [ -50.309, -22.3823272 ], [ -50.309, -22.1823272 ] ] ] ] } },
{ "type": "Feature", "properties": { "fid": 337, "id": 420, "grid_status": "no point", "NUMPOINTS": 0.0, "GRID_ID": "420" }, "geometry": { "type": "MultiPolygon", "coordinates": [ [ [ [ -50.309, -22.3823272 ], [ -50.109, -22.3823272 ], [ -50.109, -22.5823272 ], [ -50.309, -22.5823272 ], [ -50.309, -22.3823272 ] ] ] ] } },
{ "type": "Feature", "properties": { "fid": 338, "id": 421, "grid_status": "no point", "NUMPOINTS": 0.0, "GRID_ID": "421" }, "geometry": { "type": "MultiPolygon", "coordinates": [ [ [ [ -50.309, -22.5823272 ], [ -50.109, -22.5823272 ], [ -50.109, -22.7823272 ], [ -50.309, -22.7823272 ], [ -50.309, -22.5823272 ] ] ] ] } },
{ "type": "Feature", "properties": { "fid": 339, "id": 422, "grid_status": "no point", "NUMPOINTS": 0.0, "GRID_ID": "422" }, "geometry": { "type": "MultiPolygon", "coordinates": [ [ [ [ -50.309, -22.7823272 ], [ -50.109, -22.7823272 ], [ -50.109, -22.9823272 ], [ -50.309, -22.9823272 ], [ -50.309, -22.7823272 ] ] ] ] } },
{ "type": "Feature", "properties": { "fid": 340, "id": 391, "grid_status": "no point", "NUMPOINTS": 0.0, "GRID_ID": "391" }, "geometry": { "type": "MultiPolygon", "coordinates": [ [ [ [ -50.509, -22.3823272 ], [ -50.309, -22.3823272 ], [ -50.309, -22.5823272 ], [ -50.509, -22.5823272 ], [ -50.509, -22.3823272 ] ] ] ] } },
{ "type": "Feature", "properties": { "fid": 341, "id": 392, "grid_status": "not finished yet", "NUMPOINTS": 1.0, "GRID_ID": "392" }, "geometry": { "type": "MultiPolygon", "coordinates": [ [ [ [ -50.509, -22.5823272 ], [ -50.309, -22.5823272 ], [ -50.309, -22.7823272 ], [ -50.509, -22.7823272 ], [ -50.509, -22.5823272 ] ] ] ] } },
{ "type": "Feature", "properties": { "fid": 342, "id": 393, "grid_status": "not finished yet", "NUMPOINTS": 1.0, "GRID_ID": "393" }, "geometry": { "type": "MultiPolygon", "coordinates": [ [ [ [ -50.509, -22.7823272 ], [ -50.309, -22.7823272 ], [ -50.309, -22.9823272 ], [ -50.509, -22.9823272 ], [ -50.509, -22.7823272 ] ] ] ] } },
{ "type": "Feature", "properties": { "fid": 343, "id": 439, "grid_status": "not finished yet", "NUMPOINTS": 1.0, "GRID_ID": "439" }, "geometry": { "type": "MultiPolygon", "coordinates": [ [ [ [ -50.109, -20.3823272 ], [ -49.909, -20.3823272 ], [ -49.909, -20.5823272 ], [ -50.109, -20.5823272 ], [ -50.109, -20.3823272 ] ] ] ] } },
{ "type": "Feature", "properties": { "fid": 344, "id": 440, "grid_status": "no point", "NUMPOINTS": 0.0, "GRID_ID": "440" }, "geometry": { "type": "MultiPolygon", "coordinates": [ [ [ [ -50.109, -20.5823272 ], [ -49.909, -20.5823272 ], [ -49.909, -20.7823272 ], [ -50.109, -20.7823272 ], [ -50.109, -20.5823272 ] ] ] ] } },
{ "type": "Feature", "properties": { "fid": 345, "id": 441, "grid_status": "no point", "NUMPOINTS": 0.0, "GRID_ID": "441" }, "geometry": { "type": "MultiPolygon", "coordinates": [ [ [ [ -50.109, -20.7823272 ], [ -49.909, -20.7823272 ], [ -49.909, -20.9823272 ], [ -50.109, -20.9823272 ], [ -50.109, -20.7823272 ] ] ] ] } },
{ "type": "Feature", "properties": { "fid": 346, "id": 442, "grid_status": "no point", "NUMPOINTS": 0.0, "GRID_ID": "442" }, "geometry": { "type": "MultiPolygon", "coordinates": [ [ [ [ -50.109, -20.9823272 ], [ -49.909, -20.9823272 ], [ -49.909, -21.1823272 ], [ -50.109, -21.1823272 ], [ -50.109, -20.9823272 ] ] ] ] } },
{ "type": "Feature", "properties": { "fid": 347, "id": 443, "grid_status": "no point", "NUMPOINTS": 0.0, "GRID_ID": "443" }, "geometry": { "type": "MultiPolygon", "coordinates": [ [ [ [ -50.109, -21.1823272 ], [ -49.909, -21.1823272 ], [ -49.909, -21.3823272 ], [ -50.109, -21.3823272 ], [ -50.109, -21.1823272 ] ] ] ] } },
{ "type": "Feature", "properties": { "fid": 348, "id": 444, "grid_status": "no point", "NUMPOINTS": 0.0, "GRID_ID": "444" }, "geometry": { "type": "MultiPolygon", "coordinates": [ [ [ [ -50.109, -21.3823272 ], [ -49.909, -21.3823272 ], [ -49.909, -21.5823272 ], [ -50.109, -21.5823272 ], [ -50.109, -21.3823272 ] ] ] ] } },
{ "type": "Feature", "properties": { "fid": 349, "id": 445, "grid_status": "no point", "NUMPOINTS": 0.0, "GRID_ID": "445" }, "geometry": { "type": "MultiPolygon", "coordinates": [ [ [ [ -50.109, -21.5823272 ], [ -49.909, -21.5823272 ], [ -49.909, -21.7823272 ], [ -50.109, -21.7823272 ], [ -50.109, -21.5823272 ] ] ] ] } },
{ "type": "Feature", "properties": { "fid": 350, "id": 446, "grid_status": "not finished yet", "NUMPOINTS": 1.0, "GRID_ID": "446" }, "geometry": { "type": "MultiPolygon", "coordinates": [ [ [ [ -50.109, -21.7823272 ], [ -49.909, -21.7823272 ], [ -49.909, -21.9823272 ], [ -50.109, -21.9823272 ], [ -50.109, -21.7823272 ] ] ] ] } },
{ "type": "Feature", "properties": { "fid": 351, "id": 447, "grid_status": "no point", "NUMPOINTS": 0.0, "GRID_ID": "447" }, "geometry": { "type": "MultiPolygon", "coordinates": [ [ [ [ -50.109, -21.9823272 ], [ -49.909, -21.9823272 ], [ -49.909, -22.1823272 ], [ -50.109, -22.1823272 ], [ -50.109, -21.9823272 ] ] ] ] } },
{ "type": "Feature", "properties": { "fid": 352, "id": 448, "grid_status": "not finished yet", "NUMPOINTS": 1.0, "GRID_ID": "448" }, "geometry": { "type": "MultiPolygon", "coordinates": [ [ [ [ -50.109, -22.1823272 ], [ -49.909, -22.1823272 ], [ -49.909, -22.3823272 ], [ -50.109, -22.3823272 ], [ -50.109, -22.1823272 ] ] ] ] } },
{ "type": "Feature", "properties": { "fid": 353, "id": 449, "grid_status": "no point", "NUMPOINTS": 0.0, "GRID_ID": "449" }, "geometry": { "type": "MultiPolygon", "coordinates": [ [ [ [ -50.109, -22.3823272 ], [ -49.909, -22.3823272 ], [ -49.909, -22.5823272 ], [ -50.109, -22.5823272 ], [ -50.109, -22.3823272 ] ] ] ] } },
{ "type": "Feature", "properties": { "fid": 354, "id": 450, "grid_status": "no point", "NUMPOINTS": 0.0, "GRID_ID": "450" }, "geometry": { "type": "MultiPolygon", "coordinates": [ [ [ [ -50.109, -22.5823272 ], [ -49.909, -22.5823272 ], [ -49.909, -22.7823272 ], [ -50.109, -22.7823272 ], [ -50.109, -22.5823272 ] ] ] ] } },
{ "type": "Feature", "properties": { "fid": 355, "id": 451, "grid_status": "no point", "NUMPOINTS": 0.0, "GRID_ID": "451" }, "geometry": { "type": "MultiPolygon", "coordinates": [ [ [ [ -50.109, -22.7823272 ], [ -49.909, -22.7823272 ], [ -49.909, -22.9823272 ], [ -50.109, -22.9823272 ], [ -50.109, -22.7823272 ] ] ] ] } },
{ "type": "Feature", "properties": { "fid": 356, "id": 452, "grid_status": "no point", "NUMPOINTS": 0.0, "GRID_ID": "452" }, "geometry": { "type": "MultiPolygon", "coordinates": [ [ [ [ -50.109, -22.9823272 ], [ -49.909, -22.9823272 ], [ -49.909, -23.1823272 ], [ -50.109, -23.1823272 ], [ -50.109, -22.9823272 ] ] ] ] } },
{ "type": "Feature", "properties": { "fid": 357, "id": 436, "grid_status": "no point", "NUMPOINTS": 0.0, "GRID_ID": "436" }, "geometry": { "type": "MultiPolygon", "coordinates": [ [ [ [ -50.109, -19.7823272 ], [ -49.909, -19.7823272 ], [ -49.909, -19.9823272 ], [ -50.109, -19.9823272 ], [ -50.109, -19.7823272 ] ] ] ] } },
{ "type": "Feature", "properties": { "fid": 358, "id": 437, "grid_status": "no point", "NUMPOINTS": 0.0, "GRID_ID": "437" }, "geometry": { "type": "MultiPolygon", "coordinates": [ [ [ [ -50.109, -19.9823272 ], [ -49.909, -19.9823272 ], [ -49.909, -20.1823272 ], [ -50.109, -20.1823272 ], [ -50.109, -19.9823272 ] ] ] ] } },
{ "type": "Feature", "properties": { "fid": 359, "id": 438, "grid_status": "no point", "NUMPOINTS": 0.0, "GRID_ID": "438" }, "geometry": { "type": "MultiPolygon", "coordinates": [ [ [ [ -50.109, -20.1823272 ], [ -49.909, -20.1823272 ], [ -49.909, -20.3823272 ], [ -50.109, -20.3823272 ], [ -50.109, -20.1823272 ] ] ] ] } },
{ "type": "Feature", "properties": { "fid": 360, "id": 349, "grid_status": "no point", "NUMPOINTS": 0.0, "GRID_ID": "349" }, "geometry": { "type": "MultiPolygon", "coordinates": [ [ [ [ -50.709, -19.7823272 ], [ -50.509, -19.7823272 ], [ -50.509, -19.9823272 ], [ -50.709, -19.9823272 ], [ -50.709, -19.7823272 ] ] ] ] } },
{ "type": "Feature", "properties": { "fid": 361, "id": 350, "grid_status": "no point", "NUMPOINTS": 0.0, "GRID_ID": "350" }, "geometry": { "type": "MultiPolygon", "coordinates": [ [ [ [ -50.709, -19.9823272 ], [ -50.509, -19.9823272 ], [ -50.509, -20.1823272 ], [ -50.709, -20.1823272 ], [ -50.709, -19.9823272 ] ] ] ] } },
{ "type": "Feature", "properties": { "fid": 362, "id": 351, "grid_status": "no point", "NUMPOINTS": 0.0, "GRID_ID": "351" }, "geometry": { "type": "MultiPolygon", "coordinates": [ [ [ [ -50.709, -20.1823272 ], [ -50.509, -20.1823272 ], [ -50.509, -20.3823272 ], [ -50.709, -20.3823272 ], [ -50.709, -20.1823272 ] ] ] ] } },
{ "type": "Feature", "properties": { "fid": 363, "id": 352, "grid_status": "no point", "NUMPOINTS": 0.0, "GRID_ID": "352" }, "geometry": { "type": "MultiPolygon", "coordinates": [ [ [ [ -50.709, -20.3823272 ], [ -50.509, -20.3823272 ], [ -50.509, -20.5823272 ], [ -50.709, -20.5823272 ], [ -50.709, -20.3823272 ] ] ] ] } },
{ "type": "Feature", "properties": { "fid": 364, "id": 353, "grid_status": "no point", "NUMPOINTS": 0.0, "GRID_ID": "353" }, "geometry": { "type": "MultiPolygon", "coordinates": [ [ [ [ -50.709, -20.5823272 ], [ -50.509, -20.5823272 ], [ -50.509, -20.7823272 ], [ -50.709, -20.7823272 ], [ -50.709, -20.5823272 ] ] ] ] } },
{ "type": "Feature", "properties": { "fid": 365, "id": 354, "grid_status": "no point", "NUMPOINTS": 0.0, "GRID_ID": "354" }, "geometry": { "type": "MultiPolygon", "coordinates": [ [ [ [ -50.709, -20.7823272 ], [ -50.509, -20.7823272 ], [ -50.509, -20.9823272 ], [ -50.709, -20.9823272 ], [ -50.709, -20.7823272 ] ] ] ] } },
{ "type": "Feature", "properties": { "fid": 366, "id": 355, "grid_status": "no point", "NUMPOINTS": 0.0, "GRID_ID": "355" }, "geometry": { "type": "MultiPolygon", "coordinates": [ [ [ [ -50.709, -20.9823272 ], [ -50.509, -20.9823272 ], [ -50.509, -21.1823272 ], [ -50.709, -21.1823272 ], [ -50.709, -20.9823272 ] ] ] ] } },
{ "type": "Feature", "properties": { "fid": 367, "id": 356, "grid_status": "no point", "NUMPOINTS": 0.0, "GRID_ID": "356" }, "geometry": { "type": "MultiPolygon", "coordinates": [ [ [ [ -50.709, -21.1823272 ], [ -50.509, -21.1823272 ], [ -50.509, -21.3823272 ], [ -50.709, -21.3823272 ], [ -50.709, -21.1823272 ] ] ] ] } },
{ "type": "Feature", "properties": { "fid": 368, "id": 357, "grid_status": "no point", "NUMPOINTS": 0.0, "GRID_ID": "357" }, "geometry": { "type": "MultiPolygon", "coordinates": [ [ [ [ -50.709, -21.3823272 ], [ -50.509, -21.3823272 ], [ -50.509, -21.5823272 ], [ -50.709, -21.5823272 ], [ -50.709, -21.3823272 ] ] ] ] } },
{ "type": "Feature", "properties": { "fid": 369, "id": 358, "grid_status": "no point", "NUMPOINTS": 0.0, "GRID_ID": "358" }, "geometry": { "type": "MultiPolygon", "coordinates": [ [ [ [ -50.709, -21.5823272 ], [ -50.509, -21.5823272 ], [ -50.509, -21.7823272 ], [ -50.709, -21.7823272 ], [ -50.709, -21.5823272 ] ] ] ] } },
{ "type": "Feature", "properties": { "fid": 370, "id": 327, "grid_status": "no point", "NUMPOINTS": 0.0, "GRID_ID": "327" }, "geometry": { "type": "MultiPolygon", "coordinates": [ [ [ [ -50.909, -21.1823272 ], [ -50.709, -21.1823272 ], [ -50.709, -21.3823272 ], [ -50.909, -21.3823272 ], [ -50.909, -21.1823272 ] ] ] ] } },
{ "type": "Feature", "properties": { "fid": 371, "id": 328, "grid_status": "no point", "NUMPOINTS": 0.0, "GRID_ID": "328" }, "geometry": { "type": "MultiPolygon", "coordinates": [ [ [ [ -50.909, -21.3823272 ], [ -50.709, -21.3823272 ], [ -50.709, -21.5823272 ], [ -50.909, -21.5823272 ], [ -50.909, -21.3823272 ] ] ] ] } },
{ "type": "Feature", "properties": { "fid": 372, "id": 329, "grid_status": "no point", "NUMPOINTS": 0.0, "GRID_ID": "329" }, "geometry": { "type": "MultiPolygon", "coordinates": [ [ [ [ -50.909, -21.5823272 ], [ -50.709, -21.5823272 ], [ -50.709, -21.7823272 ], [ -50.909, -21.7823272 ], [ -50.909, -21.5823272 ] ] ] ] } },
{ "type": "Feature", "properties": { "fid": 373, "id": 330, "grid_status": "no point", "NUMPOINTS": 0.0, "GRID_ID": "330" }, "geometry": { "type": "MultiPolygon", "coordinates": [ [ [ [ -50.909, -21.7823272 ], [ -50.709, -21.7823272 ], [ -50.709, -21.9823272 ], [ -50.909, -21.9823272 ], [ -50.909, -21.7823272 ] ] ] ] } },
{ "type": "Feature", "properties": { "fid": 374, "id": 331, "grid_status": "no point", "NUMPOINTS": 0.0, "GRID_ID": "331" }, "geometry": { "type": "MultiPolygon", "coordinates": [ [ [ [ -50.909, -21.9823272 ], [ -50.709, -21.9823272 ], [ -50.709, -22.1823272 ], [ -50.909, -22.1823272 ], [ -50.909, -21.9823272 ] ] ] ] } },
{ "type": "Feature", "properties": { "fid": 375, "id": 332, "grid_status": "no point", "NUMPOINTS": 0.0, "GRID_ID": "332" }, "geometry": { "type": "MultiPolygon", "coordinates": [ [ [ [ -50.909, -22.1823272 ], [ -50.709, -22.1823272 ], [ -50.709, -22.3823272 ], [ -50.909, -22.3823272 ], [ -50.909, -22.1823272 ] ] ] ] } },
{ "type": "Feature", "properties": { "fid": 376, "id": 333, "grid_status": "no point", "NUMPOINTS": 0.0, "GRID_ID": "333" }, "geometry": { "type": "MultiPolygon", "coordinates": [ [ [ [ -50.909, -22.3823272 ], [ -50.709, -22.3823272 ], [ -50.709, -22.5823272 ], [ -50.909, -22.5823272 ], [ -50.909, -22.3823272 ] ] ] ] } },
{ "type": "Feature", "properties": { "fid": 377, "id": 334, "grid_status": "no point", "NUMPOINTS": 0.0, "GRID_ID": "334" }, "geometry": { "type": "MultiPolygon", "coordinates": [ [ [ [ -50.909, -22.5823272 ], [ -50.709, -22.5823272 ], [ -50.709, -22.7823272 ], [ -50.909, -22.7823272 ], [ -50.909, -22.5823272 ] ] ] ] } },
{ "type": "Feature", "properties": { "fid": 378, "id": 335, "grid_status": "no point", "NUMPOINTS": 0.0, "GRID_ID": "335" }, "geometry": { "type": "MultiPolygon", "coordinates": [ [ [ [ -50.909, -22.7823272 ], [ -50.709, -22.7823272 ], [ -50.709, -22.9823272 ], [ -50.909, -22.9823272 ], [ -50.909, -22.7823272 ] ] ] ] } },
{ "type": "Feature", "properties": { "fid": 379, "id": 378, "grid_status": "no point", "NUMPOINTS": 0.0, "GRID_ID": "378" }, "geometry": { "type": "MultiPolygon", "coordinates": [ [ [ [ -50.509, -19.7823272 ], [ -50.309, -19.7823272 ], [ -50.309, -19.9823272 ], [ -50.509, -19.9823272 ], [ -50.509, -19.7823272 ] ] ] ] } },
{ "type": "Feature", "properties": { "fid": 380, "id": 379, "grid_status": "no point", "NUMPOINTS": 0.0, "GRID_ID": "379" }, "geometry": { "type": "MultiPolygon", "coordinates": [ [ [ [ -50.509, -19.9823272 ], [ -50.309, -19.9823272 ], [ -50.309, -20.1823272 ], [ -50.509, -20.1823272 ], [ -50.509, -19.9823272 ] ] ] ] } },
{ "type": "Feature", "properties": { "fid": 381, "id": 380, "grid_status": "no point", "NUMPOINTS": 0.0, "GRID_ID": "380" }, "geometry": { "type": "MultiPolygon", "coordinates": [ [ [ [ -50.509, -20.1823272 ], [ -50.309, -20.1823272 ], [ -50.309, -20.3823272 ], [ -50.509, -20.3823272 ], [ -50.509, -20.1823272 ] ] ] ] } },
{ "type": "Feature", "properties": { "fid": 382, "id": 381, "grid_status": "no point", "NUMPOINTS": 0.0, "GRID_ID": "381" }, "geometry": { "type": "MultiPolygon", "coordinates": [ [ [ [ -50.509, -20.3823272 ], [ -50.309, -20.3823272 ], [ -50.309, -20.5823272 ], [ -50.509, -20.5823272 ], [ -50.509, -20.3823272 ] ] ] ] } },
{ "type": "Feature", "properties": { "fid": 383, "id": 382, "grid_status": "no point", "NUMPOINTS": 0.0, "GRID_ID": "382" }, "geometry": { "type": "MultiPolygon", "coordinates": [ [ [ [ -50.509, -20.5823272 ], [ -50.309, -20.5823272 ], [ -50.309, -20.7823272 ], [ -50.509, -20.7823272 ], [ -50.509, -20.5823272 ] ] ] ] } },
{ "type": "Feature", "properties": { "fid": 384, "id": 383, "grid_status": "no point", "NUMPOINTS": 0.0, "GRID_ID": "383" }, "geometry": { "type": "MultiPolygon", "coordinates": [ [ [ [ -50.509, -20.7823272 ], [ -50.309, -20.7823272 ], [ -50.309, -20.9823272 ], [ -50.509, -20.9823272 ], [ -50.509, -20.7823272 ] ] ] ] } },
{ "type": "Feature", "properties": { "fid": 385, "id": 384, "grid_status": "no point", "NUMPOINTS": 0.0, "GRID_ID": "384" }, "geometry": { "type": "MultiPolygon", "coordinates": [ [ [ [ -50.509, -20.9823272 ], [ -50.309, -20.9823272 ], [ -50.309, -21.1823272 ], [ -50.509, -21.1823272 ], [ -50.509, -20.9823272 ] ] ] ] } },
{ "type": "Feature", "properties": { "fid": 386, "id": 385, "grid_status": "not finished yet", "NUMPOINTS": 1.0, "GRID_ID": "385" }, "geometry": { "type": "MultiPolygon", "coordinates": [ [ [ [ -50.509, -21.1823272 ], [ -50.309, -21.1823272 ], [ -50.309, -21.3823272 ], [ -50.509, -21.3823272 ], [ -50.509, -21.1823272 ] ] ] ] } },
{ "type": "Feature", "properties": { "fid": 387, "id": 386, "grid_status": "no point", "NUMPOINTS": 0.0, "GRID_ID": "386" }, "geometry": { "type": "MultiPolygon", "coordinates": [ [ [ [ -50.509, -21.3823272 ], [ -50.309, -21.3823272 ], [ -50.309, -21.5823272 ], [ -50.509, -21.5823272 ], [ -50.509, -21.3823272 ] ] ] ] } },
{ "type": "Feature", "properties": { "fid": 388, "id": 387, "grid_status": "no point", "NUMPOINTS": 0.0, "GRID_ID": "387" }, "geometry": { "type": "MultiPolygon", "coordinates": [ [ [ [ -50.509, -21.5823272 ], [ -50.309, -21.5823272 ], [ -50.309, -21.7823272 ], [ -50.509, -21.7823272 ], [ -50.509, -21.5823272 ] ] ] ] } },
{ "type": "Feature", "properties": { "fid": 389, "id": 388, "grid_status": "no point", "NUMPOINTS": 0.0, "GRID_ID": "388" }, "geometry": { "type": "MultiPolygon", "coordinates": [ [ [ [ -50.509, -21.7823272 ], [ -50.309, -21.7823272 ], [ -50.309, -21.9823272 ], [ -50.509, -21.9823272 ], [ -50.509, -21.7823272 ] ] ] ] } },
{ "type": "Feature", "properties": { "fid": 390, "id": 389, "grid_status": "no point", "NUMPOINTS": 0.0, "GRID_ID": "389" }, "geometry": { "type": "MultiPolygon", "coordinates": [ [ [ [ -50.509, -21.9823272 ], [ -50.309, -21.9823272 ], [ -50.309, -22.1823272 ], [ -50.509, -22.1823272 ], [ -50.509, -21.9823272 ] ] ] ] } },
{ "type": "Feature", "properties": { "fid": 391, "id": 390, "grid_status": "no point", "NUMPOINTS": 0.0, "GRID_ID": "390" }, "geometry": { "type": "MultiPolygon", "coordinates": [ [ [ [ -50.509, -22.1823272 ], [ -50.309, -22.1823272 ], [ -50.309, -22.3823272 ], [ -50.509, -22.3823272 ], [ -50.509, -22.1823272 ] ] ] ] } },
{ "type": "Feature", "properties": { "fid": 392, "id": 359, "grid_status": "no point", "NUMPOINTS": 0.0, "GRID_ID": "359" }, "geometry": { "type": "MultiPolygon", "coordinates": [ [ [ [ -50.709, -21.7823272 ], [ -50.509, -21.7823272 ], [ -50.509, -21.9823272 ], [ -50.709, -21.9823272 ], [ -50.709, -21.7823272 ] ] ] ] } },
{ "type": "Feature", "properties": { "fid": 393, "id": 360, "grid_status": "no point", "NUMPOINTS": 0.0, "GRID_ID": "360" }, "geometry": { "type": "MultiPolygon", "coordinates": [ [ [ [ -50.709, -21.9823272 ], [ -50.509, -21.9823272 ], [ -50.509, -22.1823272 ], [ -50.709, -22.1823272 ], [ -50.709, -21.9823272 ] ] ] ] } },
{ "type": "Feature", "properties": { "fid": 394, "id": 361, "grid_status": "no point", "NUMPOINTS": 0.0, "GRID_ID": "361" }, "geometry": { "type": "MultiPolygon", "coordinates": [ [ [ [ -50.709, -22.1823272 ], [ -50.509, -22.1823272 ], [ -50.509, -22.3823272 ], [ -50.709, -22.3823272 ], [ -50.709, -22.1823272 ] ] ] ] } },
{ "type": "Feature", "properties": { "fid": 395, "id": 362, "grid_status": "no point", "NUMPOINTS": 0.0, "GRID_ID": "362" }, "geometry": { "type": "MultiPolygon", "coordinates": [ [ [ [ -50.709, -22.3823272 ], [ -50.509, -22.3823272 ], [ -50.509, -22.5823272 ], [ -50.709, -22.5823272 ], [ -50.709, -22.3823272 ] ] ] ] } },
{ "type": "Feature", "properties": { "fid": 396, "id": 363, "grid_status": "no point", "NUMPOINTS": 0.0, "GRID_ID": "363" }, "geometry": { "type": "MultiPolygon", "coordinates": [ [ [ [ -50.709, -22.5823272 ], [ -50.509, -22.5823272 ], [ -50.509, -22.7823272 ], [ -50.709, -22.7823272 ], [ -50.709, -22.5823272 ] ] ] ] } },
{ "type": "Feature", "properties": { "fid": 397, "id": 364, "grid_status": "no point", "NUMPOINTS": 0.0, "GRID_ID": "364" }, "geometry": { "type": "MultiPolygon", "coordinates": [ [ [ [ -50.709, -22.7823272 ], [ -50.509, -22.7823272 ], [ -50.509, -22.9823272 ], [ -50.709, -22.9823272 ], [ -50.709, -22.7823272 ] ] ] ] } },
{ "type": "Feature", "properties": { "fid": 398, "id": 535, "grid_status": "no point", "NUMPOINTS": 0.0, "GRID_ID": "535" }, "geometry": { "type": "MultiPolygon", "coordinates": [ [ [ [ -49.509, -22.1823272 ], [ -49.309, -22.1823272 ], [ -49.309, -22.3823272 ], [ -49.509, -22.3823272 ], [ -49.509, -22.1823272 ] ] ] ] } },
{ "type": "Feature", "properties": { "fid": 399, "id": 536, "grid_status": "no point", "NUMPOINTS": 0.0, "GRID_ID": "536" }, "geometry": { "type": "MultiPolygon", "coordinates": [ [ [ [ -49.509, -22.3823272 ], [ -49.309, -22.3823272 ], [ -49.309, -22.5823272 ], [ -49.509, -22.5823272 ], [ -49.509, -22.3823272 ] ] ] ] } },
{ "type": "Feature", "properties": { "fid": 400, "id": 537, "grid_status": "no point", "NUMPOINTS": 0.0, "GRID_ID": "537" }, "geometry": { "type": "MultiPolygon", "coordinates": [ [ [ [ -49.509, -22.5823272 ], [ -49.309, -22.5823272 ], [ -49.309, -22.7823272 ], [ -49.509, -22.7823272 ], [ -49.509, -22.5823272 ] ] ] ] } },
{ "type": "Feature", "properties": { "fid": 401, "id": 538, "grid_status": "no point", "NUMPOINTS": 0.0, "GRID_ID": "538" }, "geometry": { "type": "MultiPolygon", "coordinates": [ [ [ [ -49.509, -22.7823272 ], [ -49.309, -22.7823272 ], [ -49.309, -22.9823272 ], [ -49.509, -22.9823272 ], [ -49.509, -22.7823272 ] ] ] ] } },
{ "type": "Feature", "properties": { "fid": 402, "id": 539, "grid_status": "not finished yet", "NUMPOINTS": 2.0, "GRID_ID": "539" }, "geometry": { "type": "MultiPolygon", "coordinates": [ [ [ [ -49.509, -22.9823272 ], [ -49.309, -22.9823272 ], [ -49.309, -23.1823272 ], [ -49.509, -23.1823272 ], [ -49.509, -22.9823272 ] ] ] ] } },
{ "type": "Feature", "properties": { "fid": 403, "id": 540, "grid_status": "no point", "NUMPOINTS": 0.0, "GRID_ID": "540" }, "geometry": { "type": "MultiPolygon", "coordinates": [ [ [ [ -49.509, -23.1823272 ], [ -49.309, -23.1823272 ], [ -49.309, -23.3823272 ], [ -49.509, -23.3823272 ], [ -49.509, -23.1823272 ] ] ] ] } },
{ "type": "Feature", "properties": { "fid": 404, "id": 541, "grid_status": "no point", "NUMPOINTS": 0.0, "GRID_ID": "541" }, "geometry": { "type": "MultiPolygon", "coordinates": [ [ [ [ -49.509, -23.3823272 ], [ -49.309, -23.3823272 ], [ -49.309, -23.5823272 ], [ -49.509, -23.5823272 ], [ -49.509, -23.3823272 ] ] ] ] } },
{ "type": "Feature", "properties": { "fid": 405, "id": 542, "grid_status": "not finished yet", "NUMPOINTS": 1.0, "GRID_ID": "542" }, "geometry": { "type": "MultiPolygon", "coordinates": [ [ [ [ -49.509, -23.5823272 ], [ -49.309, -23.5823272 ], [ -49.309, -23.7823272 ], [ -49.509, -23.7823272 ], [ -49.509, -23.5823272 ] ] ] ] } },
{ "type": "Feature", "properties": { "fid": 406, "id": 543, "grid_status": "no point", "NUMPOINTS": 0.0, "GRID_ID": "543" }, "geometry": { "type": "MultiPolygon", "coordinates": [ [ [ [ -49.509, -23.7823272 ], [ -49.309, -23.7823272 ], [ -49.309, -23.9823272 ], [ -49.509, -23.9823272 ], [ -49.509, -23.7823272 ] ] ] ] } },
{ "type": "Feature", "properties": { "fid": 407, "id": 544, "grid_status": "no point", "NUMPOINTS": 0.0, "GRID_ID": "544" }, "geometry": { "type": "MultiPolygon", "coordinates": [ [ [ [ -49.509, -23.9823272 ], [ -49.309, -23.9823272 ], [ -49.309, -24.1823272 ], [ -49.509, -24.1823272 ], [ -49.509, -23.9823272 ] ] ] ] } },
{ "type": "Feature", "properties": { "fid": 408, "id": 545, "grid_status": "no point", "NUMPOINTS": 0.0, "GRID_ID": "545" }, "geometry": { "type": "MultiPolygon", "coordinates": [ [ [ [ -49.509, -24.1823272 ], [ -49.309, -24.1823272 ], [ -49.309, -24.3823272 ], [ -49.509, -24.3823272 ], [ -49.509, -24.1823272 ] ] ] ] } },
{ "type": "Feature", "properties": { "fid": 409, "id": 546, "grid_status": "no point", "NUMPOINTS": 0.0, "GRID_ID": "546" }, "geometry": { "type": "MultiPolygon", "coordinates": [ [ [ [ -49.509, -24.3823272 ], [ -49.309, -24.3823272 ], [ -49.309, -24.5823272 ], [ -49.509, -24.5823272 ], [ -49.509, -24.3823272 ] ] ] ] } },
{ "type": "Feature", "properties": { "fid": 410, "id": 547, "grid_status": "no point", "NUMPOINTS": 0.0, "GRID_ID": "547" }, "geometry": { "type": "MultiPolygon", "coordinates": [ [ [ [ -49.509, -24.5823272 ], [ -49.309, -24.5823272 ], [ -49.309, -24.7823272 ], [ -49.509, -24.7823272 ], [ -49.509, -24.5823272 ] ] ] ] } },
{ "type": "Feature", "properties": { "fid": 411, "id": 523, "grid_status": "no point", "NUMPOINTS": 0.0, "GRID_ID": "523" }, "geometry": { "type": "MultiPolygon", "coordinates": [ [ [ [ -49.509, -19.7823272 ], [ -49.309, -19.7823272 ], [ -49.309, -19.9823272 ], [ -49.509, -19.9823272 ], [ -49.509, -19.7823272 ] ] ] ] } },
{ "type": "Feature", "properties": { "fid": 412, "id": 524, "grid_status": "no point", "NUMPOINTS": 0.0, "GRID_ID": "524" }, "geometry": { "type": "MultiPolygon", "coordinates": [ [ [ [ -49.509, -19.9823272 ], [ -49.309, -19.9823272 ], [ -49.309, -20.1823272 ], [ -49.509, -20.1823272 ], [ -49.509, -19.9823272 ] ] ] ] } },
{ "type": "Feature", "properties": { "fid": 413, "id": 525, "grid_status": "not finished yet", "NUMPOINTS": 1.0, "GRID_ID": "525" }, "geometry": { "type": "MultiPolygon", "coordinates": [ [ [ [ -49.509, -20.1823272 ], [ -49.309, -20.1823272 ], [ -49.309, -20.3823272 ], [ -49.509, -20.3823272 ], [ -49.509, -20.1823272 ] ] ] ] } },
{ "type": "Feature", "properties": { "fid": 414, "id": 526, "grid_status": "no point", "NUMPOINTS": 0.0, "GRID_ID": "526" }, "geometry": { "type": "MultiPolygon", "coordinates": [ [ [ [ -49.509, -20.3823272 ], [ -49.309, -20.3823272 ], [ -49.309, -20.5823272 ], [ -49.509, -20.5823272 ], [ -49.509, -20.3823272 ] ] ] ] } },
{ "type": "Feature", "properties": { "fid": 415, "id": 527, "grid_status": "no point", "NUMPOINTS": 0.0, "GRID_ID": "527" }, "geometry": { "type": "MultiPolygon", "coordinates": [ [ [ [ -49.509, -20.5823272 ], [ -49.309, -20.5823272 ], [ -49.309, -20.7823272 ], [ -49.509, -20.7823272 ], [ -49.509, -20.5823272 ] ] ] ] } },
{ "type": "Feature", "properties": { "fid": 416, "id": 528, "grid_status": "not finished yet", "NUMPOINTS": 5.0, "GRID_ID": "528" }, "geometry": { "type": "MultiPolygon", "coordinates": [ [ [ [ -49.509, -20.7823272 ], [ -49.309, -20.7823272 ], [ -49.309, -20.9823272 ], [ -49.509, -20.9823272 ], [ -49.509, -20.7823272 ] ] ] ] } },
{ "type": "Feature", "properties": { "fid": 417, "id": 529, "grid_status": "no point", "NUMPOINTS": 0.0, "GRID_ID": "529" }, "geometry": { "type": "MultiPolygon", "coordinates": [ [ [ [ -49.509, -20.9823272 ], [ -49.309, -20.9823272 ], [ -49.309, -21.1823272 ], [ -49.509, -21.1823272 ], [ -49.509, -20.9823272 ] ] ] ] } },
{ "type": "Feature", "properties": { "fid": 418, "id": 530, "grid_status": "no point", "NUMPOINTS": 0.0, "GRID_ID": "530" }, "geometry": { "type": "MultiPolygon", "coordinates": [ [ [ [ -49.509, -21.1823272 ], [ -49.309, -21.1823272 ], [ -49.309, -21.3823272 ], [ -49.509, -21.3823272 ], [ -49.509, -21.1823272 ] ] ] ] } },
{ "type": "Feature", "properties": { "fid": 419, "id": 531, "grid_status": "no point", "NUMPOINTS": 0.0, "GRID_ID": "531" }, "geometry": { "type": "MultiPolygon", "coordinates": [ [ [ [ -49.509, -21.3823272 ], [ -49.309, -21.3823272 ], [ -49.309, -21.5823272 ], [ -49.509, -21.5823272 ], [ -49.509, -21.3823272 ] ] ] ] } },
{ "type": "Feature", "properties": { "fid": 420, "id": 532, "grid_status": "no point", "NUMPOINTS": 0.0, "GRID_ID": "532" }, "geometry": { "type": "MultiPolygon", "coordinates": [ [ [ [ -49.509, -21.5823272 ], [ -49.309, -21.5823272 ], [ -49.309, -21.7823272 ], [ -49.509, -21.7823272 ], [ -49.509, -21.5823272 ] ] ] ] } },
{ "type": "Feature", "properties": { "fid": 421, "id": 533, "grid_status": "no point", "NUMPOINTS": 0.0, "GRID_ID": "533" }, "geometry": { "type": "MultiPolygon", "coordinates": [ [ [ [ -49.509, -21.7823272 ], [ -49.309, -21.7823272 ], [ -49.309, -21.9823272 ], [ -49.509, -21.9823272 ], [ -49.509, -21.7823272 ] ] ] ] } },
{ "type": "Feature", "properties": { "fid": 422, "id": 534, "grid_status": "no point", "NUMPOINTS": 0.0, "GRID_ID": "534" }, "geometry": { "type": "MultiPolygon", "coordinates": [ [ [ [ -49.509, -21.9823272 ], [ -49.309, -21.9823272 ], [ -49.309, -22.1823272 ], [ -49.509, -22.1823272 ], [ -49.509, -21.9823272 ] ] ] ] } },
{ "type": "Feature", "properties": { "fid": 423, "id": 567, "grid_status": "no point", "NUMPOINTS": 0.0, "GRID_ID": "567" }, "geometry": { "type": "MultiPolygon", "coordinates": [ [ [ [ -49.309, -22.7823272 ], [ -49.109, -22.7823272 ], [ -49.109, -22.9823272 ], [ -49.309, -22.9823272 ], [ -49.309, -22.7823272 ] ] ] ] } },
{ "type": "Feature", "properties": { "fid": 424, "id": 568, "grid_status": "no point", "NUMPOINTS": 0.0, "GRID_ID": "568" }, "geometry": { "type": "MultiPolygon", "coordinates": [ [ [ [ -49.309, -22.9823272 ], [ -49.109, -22.9823272 ], [ -49.109, -23.1823272 ], [ -49.309, -23.1823272 ], [ -49.309, -22.9823272 ] ] ] ] } },
{ "type": "Feature", "properties": { "fid": 425, "id": 569, "grid_status": "no point", "NUMPOINTS": 0.0, "GRID_ID": "569" }, "geometry": { "type": "MultiPolygon", "coordinates": [ [ [ [ -49.309, -23.1823272 ], [ -49.109, -23.1823272 ], [ -49.109, -23.3823272 ], [ -49.309, -23.3823272 ], [ -49.309, -23.1823272 ] ] ] ] } },
{ "type": "Feature", "properties": { "fid": 426, "id": 570, "grid_status": "no point", "NUMPOINTS": 0.0, "GRID_ID": "570" }, "geometry": { "type": "MultiPolygon", "coordinates": [ [ [ [ -49.309, -23.3823272 ], [ -49.109, -23.3823272 ], [ -49.109, -23.5823272 ], [ -49.309, -23.5823272 ], [ -49.309, -23.3823272 ] ] ] ] } },
{ "type": "Feature", "properties": { "fid": 427, "id": 571, "grid_status": "no point", "NUMPOINTS": 0.0, "GRID_ID": "571" }, "geometry": { "type": "MultiPolygon", "coordinates": [ [ [ [ -49.309, -23.5823272 ], [ -49.109, -23.5823272 ], [ -49.109, -23.7823272 ], [ -49.309, -23.7823272 ], [ -49.309, -23.5823272 ] ] ] ] } },
{ "type": "Feature", "properties": { "fid": 428, "id": 572, "grid_status": "no point", "NUMPOINTS": 0.0, "GRID_ID": "572" }, "geometry": { "type": "MultiPolygon", "coordinates": [ [ [ [ -49.309, -23.7823272 ], [ -49.109, -23.7823272 ], [ -49.109, -23.9823272 ], [ -49.309, -23.9823272 ], [ -49.309, -23.7823272 ] ] ] ] } },
{ "type": "Feature", "properties": { "fid": 429, "id": 573, "grid_status": "no point", "NUMPOINTS": 0.0, "GRID_ID": "573" }, "geometry": { "type": "MultiPolygon", "coordinates": [ [ [ [ -49.309, -23.9823272 ], [ -49.109, -23.9823272 ], [ -49.109, -24.1823272 ], [ -49.309, -24.1823272 ], [ -49.309, -23.9823272 ] ] ] ] } },
{ "type": "Feature", "properties": { "fid": 430, "id": 574, "grid_status": "no point", "NUMPOINTS": 0.0, "GRID_ID": "574" }, "geometry": { "type": "MultiPolygon", "coordinates": [ [ [ [ -49.309, -24.1823272 ], [ -49.109, -24.1823272 ], [ -49.109, -24.3823272 ], [ -49.309, -24.3823272 ], [ -49.309, -24.1823272 ] ] ] ] } },
{ "type": "Feature", "properties": { "fid": 431, "id": 575, "grid_status": "no point", "NUMPOINTS": 0.0, "GRID_ID": "575" }, "geometry": { "type": "MultiPolygon", "coordinates": [ [ [ [ -49.309, -24.3823272 ], [ -49.109, -24.3823272 ], [ -49.109, -24.5823272 ], [ -49.309, -24.5823272 ], [ -49.309, -24.3823272 ] ] ] ] } },
{ "type": "Feature", "properties": { "fid": 432, "id": 576, "grid_status": "no point", "NUMPOINTS": 0.0, "GRID_ID": "576" }, "geometry": { "type": "MultiPolygon", "coordinates": [ [ [ [ -49.309, -24.5823272 ], [ -49.109, -24.5823272 ], [ -49.109, -24.7823272 ], [ -49.309, -24.7823272 ], [ -49.309, -24.5823272 ] ] ] ] } },
{ "type": "Feature", "properties": { "fid": 433, "id": 582, "grid_status": "no point", "NUMPOINTS": 0.0, "GRID_ID": "582" }, "geometry": { "type": "MultiPolygon", "coordinates": [ [ [ [ -49.109, -19.9823272 ], [ -48.909, -19.9823272 ], [ -48.909, -20.1823272 ], [ -49.109, -20.1823272 ], [ -49.109, -19.9823272 ] ] ] ] } },
{ "type": "Feature", "properties": { "fid": 434, "id": 552, "grid_status": "no point", "NUMPOINTS": 0.0, "GRID_ID": "552" }, "geometry": { "type": "MultiPolygon", "coordinates": [ [ [ [ -49.309, -19.7823272 ], [ -49.109, -19.7823272 ], [ -49.109, -19.9823272 ], [ -49.309, -19.9823272 ], [ -49.309, -19.7823272 ] ] ] ] } },
{ "type": "Feature", "properties": { "fid": 435, "id": 553, "grid_status": "no point", "NUMPOINTS": 0.0, "GRID_ID": "553" }, "geometry": { "type": "MultiPolygon", "coordinates": [ [ [ [ -49.309, -19.9823272 ], [ -49.109, -19.9823272 ], [ -49.109, -20.1823272 ], [ -49.309, -20.1823272 ], [ -49.309, -19.9823272 ] ] ] ] } },
{ "type": "Feature", "properties": { "fid": 436, "id": 554, "grid_status": "no point", "NUMPOINTS": 0.0, "GRID_ID": "554" }, "geometry": { "type": "MultiPolygon", "coordinates": [ [ [ [ -49.309, -20.1823272 ], [ -49.109, -20.1823272 ], [ -49.109, -20.3823272 ], [ -49.309, -20.3823272 ], [ -49.309, -20.1823272 ] ] ] ] } },
{ "type": "Feature", "properties": { "fid": 437, "id": 555, "grid_status": "no point", "NUMPOINTS": 0.0, "GRID_ID": "555" }, "geometry": { "type": "MultiPolygon", "coordinates": [ [ [ [ -49.309, -20.3823272 ], [ -49.109, -20.3823272 ], [ -49.109, -20.5823272 ], [ -49.309, -20.5823272 ], [ -49.309, -20.3823272 ] ] ] ] } },
{ "type": "Feature", "properties": { "fid": 438, "id": 556, "grid_status": "no point", "NUMPOINTS": 0.0, "GRID_ID": "556" }, "geometry": { "type": "MultiPolygon", "coordinates": [ [ [ [ -49.309, -20.5823272 ], [ -49.109, -20.5823272 ], [ -49.109, -20.7823272 ], [ -49.309, -20.7823272 ], [ -49.309, -20.5823272 ] ] ] ] } },
{ "type": "Feature", "properties": { "fid": 439, "id": 557, "grid_status": "no point", "NUMPOINTS": 0.0, "GRID_ID": "557" }, "geometry": { "type": "MultiPolygon", "coordinates": [ [ [ [ -49.309, -20.7823272 ], [ -49.109, -20.7823272 ], [ -49.109, -20.9823272 ], [ -49.309, -20.9823272 ], [ -49.309, -20.7823272 ] ] ] ] } },
{ "type": "Feature", "properties": { "fid": 440, "id": 558, "grid_status": "no point", "NUMPOINTS": 0.0, "GRID_ID": "558" }, "geometry": { "type": "MultiPolygon", "coordinates": [ [ [ [ -49.309, -20.9823272 ], [ -49.109, -20.9823272 ], [ -49.109, -21.1823272 ], [ -49.309, -21.1823272 ], [ -49.309, -20.9823272 ] ] ] ] } },
{ "type": "Feature", "properties": { "fid": 441, "id": 559, "grid_status": "no point", "NUMPOINTS": 0.0, "GRID_ID": "559" }, "geometry": { "type": "MultiPolygon", "coordinates": [ [ [ [ -49.309, -21.1823272 ], [ -49.109, -21.1823272 ], [ -49.109, -21.3823272 ], [ -49.309, -21.3823272 ], [ -49.309, -21.1823272 ] ] ] ] } },
{ "type": "Feature", "properties": { "fid": 442, "id": 560, "grid_status": "no point", "NUMPOINTS": 0.0, "GRID_ID": "560" }, "geometry": { "type": "MultiPolygon", "coordinates": [ [ [ [ -49.309, -21.3823272 ], [ -49.109, -21.3823272 ], [ -49.109, -21.5823272 ], [ -49.309, -21.5823272 ], [ -49.309, -21.3823272 ] ] ] ] } },
{ "type": "Feature", "properties": { "fid": 443, "id": 561, "grid_status": "no point", "NUMPOINTS": 0.0, "GRID_ID": "561" }, "geometry": { "type": "MultiPolygon", "coordinates": [ [ [ [ -49.309, -21.5823272 ], [ -49.109, -21.5823272 ], [ -49.109, -21.7823272 ], [ -49.309, -21.7823272 ], [ -49.309, -21.5823272 ] ] ] ] } },
{ "type": "Feature", "properties": { "fid": 444, "id": 562, "grid_status": "no point", "NUMPOINTS": 0.0, "GRID_ID": "562" }, "geometry": { "type": "MultiPolygon", "coordinates": [ [ [ [ -49.309, -21.7823272 ], [ -49.109, -21.7823272 ], [ -49.109, -21.9823272 ], [ -49.309, -21.9823272 ], [ -49.309, -21.7823272 ] ] ] ] } },
{ "type": "Feature", "properties": { "fid": 445, "id": 563, "grid_status": "not finished yet", "NUMPOINTS": 1.0, "GRID_ID": "563" }, "geometry": { "type": "MultiPolygon", "coordinates": [ [ [ [ -49.309, -21.9823272 ], [ -49.109, -21.9823272 ], [ -49.109, -22.1823272 ], [ -49.309, -22.1823272 ], [ -49.309, -21.9823272 ] ] ] ] } },
{ "type": "Feature", "properties": { "fid": 446, "id": 564, "grid_status": "no point", "NUMPOINTS": 0.0, "GRID_ID": "564" }, "geometry": { "type": "MultiPolygon", "coordinates": [ [ [ [ -49.309, -22.1823272 ], [ -49.109, -22.1823272 ], [ -49.109, -22.3823272 ], [ -49.309, -22.3823272 ], [ -49.309, -22.1823272 ] ] ] ] } },
{ "type": "Feature", "properties": { "fid": 447, "id": 565, "grid_status": "no point", "NUMPOINTS": 0.0, "GRID_ID": "565" }, "geometry": { "type": "MultiPolygon", "coordinates": [ [ [ [ -49.309, -22.3823272 ], [ -49.109, -22.3823272 ], [ -49.109, -22.5823272 ], [ -49.309, -22.5823272 ], [ -49.309, -22.3823272 ] ] ] ] } },
{ "type": "Feature", "properties": { "fid": 448, "id": 566, "grid_status": "no point", "NUMPOINTS": 0.0, "GRID_ID": "566" }, "geometry": { "type": "MultiPolygon", "coordinates": [ [ [ [ -49.309, -22.5823272 ], [ -49.109, -22.5823272 ], [ -49.109, -22.7823272 ], [ -49.309, -22.7823272 ], [ -49.309, -22.5823272 ] ] ] ] } },
{ "type": "Feature", "properties": { "fid": 449, "id": 471, "grid_status": "no point", "NUMPOINTS": 0.0, "GRID_ID": "471" }, "geometry": { "type": "MultiPolygon", "coordinates": [ [ [ [ -49.909, -20.9823272 ], [ -49.709, -20.9823272 ], [ -49.709, -21.1823272 ], [ -49.909, -21.1823272 ], [ -49.909, -20.9823272 ] ] ] ] } },
{ "type": "Feature", "properties": { "fid": 450, "id": 472, "grid_status": "no point", "NUMPOINTS": 0.0, "GRID_ID": "472" }, "geometry": { "type": "MultiPolygon", "coordinates": [ [ [ [ -49.909, -21.1823272 ], [ -49.709, -21.1823272 ], [ -49.709, -21.3823272 ], [ -49.909, -21.3823272 ], [ -49.909, -21.1823272 ] ] ] ] } },
{ "type": "Feature", "properties": { "fid": 451, "id": 473, "grid_status": "no point", "NUMPOINTS": 0.0, "GRID_ID": "473" }, "geometry": { "type": "MultiPolygon", "coordinates": [ [ [ [ -49.909, -21.3823272 ], [ -49.709, -21.3823272 ], [ -49.709, -21.5823272 ], [ -49.909, -21.5823272 ], [ -49.909, -21.3823272 ] ] ] ] } },
{ "type": "Feature", "properties": { "fid": 452, "id": 474, "grid_status": "no point", "NUMPOINTS": 0.0, "GRID_ID": "474" }, "geometry": { "type": "MultiPolygon", "coordinates": [ [ [ [ -49.909, -21.5823272 ], [ -49.709, -21.5823272 ], [ -49.709, -21.7823272 ], [ -49.909, -21.7823272 ], [ -49.909, -21.5823272 ] ] ] ] } },
{ "type": "Feature", "properties": { "fid": 453, "id": 475, "grid_status": "no point", "NUMPOINTS": 0.0, "GRID_ID": "475" }, "geometry": { "type": "MultiPolygon", "coordinates": [ [ [ [ -49.909, -21.7823272 ], [ -49.709, -21.7823272 ], [ -49.709, -21.9823272 ], [ -49.909, -21.9823272 ], [ -49.909, -21.7823272 ] ] ] ] } },
{ "type": "Feature", "properties": { "fid": 454, "id": 476, "grid_status": "no point", "NUMPOINTS": 0.0, "GRID_ID": "476" }, "geometry": { "type": "MultiPolygon", "coordinates": [ [ [ [ -49.909, -21.9823272 ], [ -49.709, -21.9823272 ], [ -49.709, -22.1823272 ], [ -49.909, -22.1823272 ], [ -49.909, -21.9823272 ] ] ] ] } },
{ "type": "Feature", "properties": { "fid": 455, "id": 477, "grid_status": "no point", "NUMPOINTS": 0.0, "GRID_ID": "477" }, "geometry": { "type": "MultiPolygon", "coordinates": [ [ [ [ -49.909, -22.1823272 ], [ -49.709, -22.1823272 ], [ -49.709, -22.3823272 ], [ -49.909, -22.3823272 ], [ -49.909, -22.1823272 ] ] ] ] } },
{ "type": "Feature", "properties": { "fid": 456, "id": 478, "grid_status": "no point", "NUMPOINTS": 0.0, "GRID_ID": "478" }, "geometry": { "type": "MultiPolygon", "coordinates": [ [ [ [ -49.909, -22.3823272 ], [ -49.709, -22.3823272 ], [ -49.709, -22.5823272 ], [ -49.909, -22.5823272 ], [ -49.909, -22.3823272 ] ] ] ] } },
{ "type": "Feature", "properties": { "fid": 457, "id": 479, "grid_status": "no point", "NUMPOINTS": 0.0, "GRID_ID": "479" }, "geometry": { "type": "MultiPolygon", "coordinates": [ [ [ [ -49.909, -22.5823272 ], [ -49.709, -22.5823272 ], [ -49.709, -22.7823272 ], [ -49.909, -22.7823272 ], [ -49.909, -22.5823272 ] ] ] ] } },
{ "type": "Feature", "properties": { "fid": 458, "id": 480, "grid_status": "no point", "NUMPOINTS": 0.0, "GRID_ID": "480" }, "geometry": { "type": "MultiPolygon", "coordinates": [ [ [ [ -49.909, -22.7823272 ], [ -49.709, -22.7823272 ], [ -49.709, -22.9823272 ], [ -49.909, -22.9823272 ], [ -49.909, -22.7823272 ] ] ] ] } },
{ "type": "Feature", "properties": { "fid": 459, "id": 481, "grid_status": "not finished yet", "NUMPOINTS": 2.0, "GRID_ID": "481" }, "geometry": { "type": "MultiPolygon", "coordinates": [ [ [ [ -49.909, -22.9823272 ], [ -49.709, -22.9823272 ], [ -49.709, -23.1823272 ], [ -49.909, -23.1823272 ], [ -49.909, -22.9823272 ] ] ] ] } },
{ "type": "Feature", "properties": { "fid": 460, "id": 465, "grid_status": "no point", "NUMPOINTS": 0.0, "GRID_ID": "465" }, "geometry": { "type": "MultiPolygon", "coordinates": [ [ [ [ -49.909, -19.7823272 ], [ -49.709, -19.7823272 ], [ -49.709, -19.9823272 ], [ -49.909, -19.9823272 ], [ -49.909, -19.7823272 ] ] ] ] } },
{ "type": "Feature", "properties": { "fid": 461, "id": 466, "grid_status": "no point", "NUMPOINTS": 0.0, "GRID_ID": "466" }, "geometry": { "type": "MultiPolygon", "coordinates": [ [ [ [ -49.909, -19.9823272 ], [ -49.709, -19.9823272 ], [ -49.709, -20.1823272 ], [ -49.909, -20.1823272 ], [ -49.909, -19.9823272 ] ] ] ] } },
{ "type": "Feature", "properties": { "fid": 462, "id": 467, "grid_status": "no point", "NUMPOINTS": 0.0, "GRID_ID": "467" }, "geometry": { "type": "MultiPolygon", "coordinates": [ [ [ [ -49.909, -20.1823272 ], [ -49.709, -20.1823272 ], [ -49.709, -20.3823272 ], [ -49.909, -20.3823272 ], [ -49.909, -20.1823272 ] ] ] ] } },
{ "type": "Feature", "properties": { "fid": 463, "id": 468, "grid_status": "no point", "NUMPOINTS": 0.0, "GRID_ID": "468" }, "geometry": { "type": "MultiPolygon", "coordinates": [ [ [ [ -49.909, -20.3823272 ], [ -49.709, -20.3823272 ], [ -49.709, -20.5823272 ], [ -49.909, -20.5823272 ], [ -49.909, -20.3823272 ] ] ] ] } },
{ "type": "Feature", "properties": { "fid": 464, "id": 469, "grid_status": "no point", "NUMPOINTS": 0.0, "GRID_ID": "469" }, "geometry": { "type": "MultiPolygon", "coordinates": [ [ [ [ -49.909, -20.5823272 ], [ -49.709, -20.5823272 ], [ -49.709, -20.7823272 ], [ -49.909, -20.7823272 ], [ -49.909, -20.5823272 ] ] ] ] } },
{ "type": "Feature", "properties": { "fid": 465, "id": 470, "grid_status": "no point", "NUMPOINTS": 0.0, "GRID_ID": "470" }, "geometry": { "type": "MultiPolygon", "coordinates": [ [ [ [ -49.909, -20.7823272 ], [ -49.709, -20.7823272 ], [ -49.709, -20.9823272 ], [ -49.909, -20.9823272 ], [ -49.909, -20.7823272 ] ] ] ] } },
{ "type": "Feature", "properties": { "fid": 466, "id": 503, "grid_status": "no point", "NUMPOINTS": 0.0, "GRID_ID": "503" }, "geometry": { "type": "MultiPolygon", "coordinates": [ [ [ [ -49.709, -21.5823272 ], [ -49.509, -21.5823272 ], [ -49.509, -21.7823272 ], [ -49.709, -21.7823272 ], [ -49.709, -21.5823272 ] ] ] ] } },
{ "type": "Feature", "properties": { "fid": 467, "id": 504, "grid_status": "no point", "NUMPOINTS": 0.0, "GRID_ID": "504" }, "geometry": { "type": "MultiPolygon", "coordinates": [ [ [ [ -49.709, -21.7823272 ], [ -49.509, -21.7823272 ], [ -49.509, -21.9823272 ], [ -49.709, -21.9823272 ], [ -49.709, -21.7823272 ] ] ] ] } },
{ "type": "Feature", "properties": { "fid": 468, "id": 505, "grid_status": "no point", "NUMPOINTS": 0.0, "GRID_ID": "505" }, "geometry": { "type": "MultiPolygon", "coordinates": [ [ [ [ -49.709, -21.9823272 ], [ -49.509, -21.9823272 ], [ -49.509, -22.1823272 ], [ -49.709, -22.1823272 ], [ -49.709, -21.9823272 ] ] ] ] } },
{ "type": "Feature", "properties": { "fid": 469, "id": 506, "grid_status": "no point", "NUMPOINTS": 0.0, "GRID_ID": "506" }, "geometry": { "type": "MultiPolygon", "coordinates": [ [ [ [ -49.709, -22.1823272 ], [ -49.509, -22.1823272 ], [ -49.509, -22.3823272 ], [ -49.709, -22.3823272 ], [ -49.709, -22.1823272 ] ] ] ] } },
{ "type": "Feature", "properties": { "fid": 470, "id": 507, "grid_status": "no point", "NUMPOINTS": 0.0, "GRID_ID": "507" }, "geometry": { "type": "MultiPolygon", "coordinates": [ [ [ [ -49.709, -22.3823272 ], [ -49.509, -22.3823272 ], [ -49.509, -22.5823272 ], [ -49.709, -22.5823272 ], [ -49.709, -22.3823272 ] ] ] ] } },
{ "type": "Feature", "properties": { "fid": 471, "id": 508, "grid_status": "no point", "NUMPOINTS": 0.0, "GRID_ID": "508" }, "geometry": { "type": "MultiPolygon", "coordinates": [ [ [ [ -49.709, -22.5823272 ], [ -49.509, -22.5823272 ], [ -49.509, -22.7823272 ], [ -49.709, -22.7823272 ], [ -49.709, -22.5823272 ] ] ] ] } },
{ "type": "Feature", "properties": { "fid": 472, "id": 509, "grid_status": "no point", "NUMPOINTS": 0.0, "GRID_ID": "509" }, "geometry": { "type": "MultiPolygon", "coordinates": [ [ [ [ -49.709, -22.7823272 ], [ -49.509, -22.7823272 ], [ -49.509, -22.9823272 ], [ -49.709, -22.9823272 ], [ -49.709, -22.7823272 ] ] ] ] } },
{ "type": "Feature", "properties": { "fid": 473, "id": 510, "grid_status": "no point", "NUMPOINTS": 0.0, "GRID_ID": "510" }, "geometry": { "type": "MultiPolygon", "coordinates": [ [ [ [ -49.709, -22.9823272 ], [ -49.509, -22.9823272 ], [ -49.509, -23.1823272 ], [ -49.709, -23.1823272 ], [ -49.709, -22.9823272 ] ] ] ] } },
{ "type": "Feature", "properties": { "fid": 474, "id": 511, "grid_status": "no point", "NUMPOINTS": 0.0, "GRID_ID": "511" }, "geometry": { "type": "MultiPolygon", "coordinates": [ [ [ [ -49.709, -23.1823272 ], [ -49.509, -23.1823272 ], [ -49.509, -23.3823272 ], [ -49.709, -23.3823272 ], [ -49.709, -23.1823272 ] ] ] ] } },
{ "type": "Feature", "properties": { "fid": 475, "id": 512, "grid_status": "no point", "NUMPOINTS": 0.0, "GRID_ID": "512" }, "geometry": { "type": "MultiPolygon", "coordinates": [ [ [ [ -49.709, -23.3823272 ], [ -49.509, -23.3823272 ], [ -49.509, -23.5823272 ], [ -49.709, -23.5823272 ], [ -49.709, -23.3823272 ] ] ] ] } },
{ "type": "Feature", "properties": { "fid": 476, "id": 513, "grid_status": "no point", "NUMPOINTS": 0.0, "GRID_ID": "513" }, "geometry": { "type": "MultiPolygon", "coordinates": [ [ [ [ -49.709, -23.5823272 ], [ -49.509, -23.5823272 ], [ -49.509, -23.7823272 ], [ -49.709, -23.7823272 ], [ -49.709, -23.5823272 ] ] ] ] } },
{ "type": "Feature", "properties": { "fid": 477, "id": 514, "grid_status": "no point", "NUMPOINTS": 0.0, "GRID_ID": "514" }, "geometry": { "type": "MultiPolygon", "coordinates": [ [ [ [ -49.709, -23.7823272 ], [ -49.509, -23.7823272 ], [ -49.509, -23.9823272 ], [ -49.709, -23.9823272 ], [ -49.709, -23.7823272 ] ] ] ] } },
{ "type": "Feature", "properties": { "fid": 478, "id": 494, "grid_status": "no point", "NUMPOINTS": 0.0, "GRID_ID": "494" }, "geometry": { "type": "MultiPolygon", "coordinates": [ [ [ [ -49.709, -19.7823272 ], [ -49.509, -19.7823272 ], [ -49.509, -19.9823272 ], [ -49.709, -19.9823272 ], [ -49.709, -19.7823272 ] ] ] ] } },
{ "type": "Feature", "properties": { "fid": 479, "id": 495, "grid_status": "no point", "NUMPOINTS": 0.0, "GRID_ID": "495" }, "geometry": { "type": "MultiPolygon", "coordinates": [ [ [ [ -49.709, -19.9823272 ], [ -49.509, -19.9823272 ], [ -49.509, -20.1823272 ], [ -49.709, -20.1823272 ], [ -49.709, -19.9823272 ] ] ] ] } },
{ "type": "Feature", "properties": { "fid": 480, "id": 496, "grid_status": "no point", "NUMPOINTS": 0.0, "GRID_ID": "496" }, "geometry": { "type": "MultiPolygon", "coordinates": [ [ [ [ -49.709, -20.1823272 ], [ -49.509, -20.1823272 ], [ -49.509, -20.3823272 ], [ -49.709, -20.3823272 ], [ -49.709, -20.1823272 ] ] ] ] } },
{ "type": "Feature", "properties": { "fid": 481, "id": 497, "grid_status": "no point", "NUMPOINTS": 0.0, "GRID_ID": "497" }, "geometry": { "type": "MultiPolygon", "coordinates": [ [ [ [ -49.709, -20.3823272 ], [ -49.509, -20.3823272 ], [ -49.509, -20.5823272 ], [ -49.709, -20.5823272 ], [ -49.709, -20.3823272 ] ] ] ] } },
{ "type": "Feature", "properties": { "fid": 482, "id": 498, "grid_status": "no point", "NUMPOINTS": 0.0, "GRID_ID": "498" }, "geometry": { "type": "MultiPolygon", "coordinates": [ [ [ [ -49.709, -20.5823272 ], [ -49.509, -20.5823272 ], [ -49.509, -20.7823272 ], [ -49.709, -20.7823272 ], [ -49.709, -20.5823272 ] ] ] ] } },
{ "type": "Feature", "properties": { "fid": 483, "id": 499, "grid_status": "no point", "NUMPOINTS": 0.0, "GRID_ID": "499" }, "geometry": { "type": "MultiPolygon", "coordinates": [ [ [ [ -49.709, -20.7823272 ], [ -49.509, -20.7823272 ], [ -49.509, -20.9823272 ], [ -49.709, -20.9823272 ], [ -49.709, -20.7823272 ] ] ] ] } },
{ "type": "Feature", "properties": { "fid": 484, "id": 500, "grid_status": "no point", "NUMPOINTS": 0.0, "GRID_ID": "500" }, "geometry": { "type": "MultiPolygon", "coordinates": [ [ [ [ -49.709, -20.9823272 ], [ -49.509, -20.9823272 ], [ -49.509, -21.1823272 ], [ -49.709, -21.1823272 ], [ -49.709, -20.9823272 ] ] ] ] } },
{ "type": "Feature", "properties": { "fid": 485, "id": 501, "grid_status": "no point", "NUMPOINTS": 0.0, "GRID_ID": "501" }, "geometry": { "type": "MultiPolygon", "coordinates": [ [ [ [ -49.709, -21.1823272 ], [ -49.509, -21.1823272 ], [ -49.509, -21.3823272 ], [ -49.709, -21.3823272 ], [ -49.709, -21.1823272 ] ] ] ] } },
{ "type": "Feature", "properties": { "fid": 486, "id": 502, "grid_status": "no point", "NUMPOINTS": 0.0, "GRID_ID": "502" }, "geometry": { "type": "MultiPolygon", "coordinates": [ [ [ [ -49.709, -21.3823272 ], [ -49.509, -21.3823272 ], [ -49.509, -21.5823272 ], [ -49.709, -21.5823272 ], [ -49.709, -21.3823272 ] ] ] ] } },
{ "type": "Feature", "properties": { "fid": 487, "id": 154, "grid_status": "no point", "NUMPOINTS": 0.0, "GRID_ID": "154" }, "geometry": { "type": "MultiPolygon", "coordinates": [ [ [ [ -52.109, -21.3823272 ], [ -51.909, -21.3823272 ], [ -51.909, -21.5823272 ], [ -52.109, -21.5823272 ], [ -52.109, -21.3823272 ] ] ] ] } },
{ "type": "Feature", "properties": { "fid": 488, "id": 155, "grid_status": "no point", "NUMPOINTS": 0.0, "GRID_ID": "155" }, "geometry": { "type": "MultiPolygon", "coordinates": [ [ [ [ -52.109, -21.5823272 ], [ -51.909, -21.5823272 ], [ -51.909, -21.7823272 ], [ -52.109, -21.7823272 ], [ -52.109, -21.5823272 ] ] ] ] } },
{ "type": "Feature", "properties": { "fid": 489, "id": 156, "grid_status": "no point", "NUMPOINTS": 0.0, "GRID_ID": "156" }, "geometry": { "type": "MultiPolygon", "coordinates": [ [ [ [ -52.109, -21.7823272 ], [ -51.909, -21.7823272 ], [ -51.909, -21.9823272 ], [ -52.109, -21.9823272 ], [ -52.109, -21.7823272 ] ] ] ] } },
{ "type": "Feature", "properties": { "fid": 490, "id": 157, "grid_status": "no point", "NUMPOINTS": 0.0, "GRID_ID": "157" }, "geometry": { "type": "MultiPolygon", "coordinates": [ [ [ [ -52.109, -21.9823272 ], [ -51.909, -21.9823272 ], [ -51.909, -22.1823272 ], [ -52.109, -22.1823272 ], [ -52.109, -21.9823272 ] ] ] ] } },
{ "type": "Feature", "properties": { "fid": 491, "id": 158, "grid_status": "no point", "NUMPOINTS": 0.0, "GRID_ID": "158" }, "geometry": { "type": "MultiPolygon", "coordinates": [ [ [ [ -52.109, -22.1823272 ], [ -51.909, -22.1823272 ], [ -51.909, -22.3823272 ], [ -52.109, -22.3823272 ], [ -52.109, -22.1823272 ] ] ] ] } },
{ "type": "Feature", "properties": { "fid": 492, "id": 1175, "grid_status": "not finished yet", "NUMPOINTS": 4.0, "GRID_ID": "1175" }, "geometry": { "type": "MultiPolygon", "coordinates": [ [ [ [ -45.109, -22.5823272 ], [ -44.909, -22.5823272 ], [ -44.909, -22.7823272 ], [ -45.109, -22.7823272 ], [ -45.109, -22.5823272 ] ] ] ] } },
{ "type": "Feature", "properties": { "fid": 493, "id": 159, "grid_status": "no point", "NUMPOINTS": 0.0, "GRID_ID": "159" }, "geometry": { "type": "MultiPolygon", "coordinates": [ [ [ [ -52.109, -22.3823272 ], [ -51.909, -22.3823272 ], [ -51.909, -22.5823272 ], [ -52.109, -22.5823272 ], [ -52.109, -22.3823272 ] ] ] ] } },
{ "type": "Feature", "properties": { "fid": 494, "id": 1176, "grid_status": "no point", "NUMPOINTS": 0.0, "GRID_ID": "1176" }, "geometry": { "type": "MultiPolygon", "coordinates": [ [ [ [ -45.109, -22.7823272 ], [ -44.909, -22.7823272 ], [ -44.909, -22.9823272 ], [ -45.109, -22.9823272 ], [ -45.109, -22.7823272 ] ] ] ] } },
{ "type": "Feature", "properties": { "fid": 495, "id": 160, "grid_status": "no point", "NUMPOINTS": 0.0, "GRID_ID": "160" }, "geometry": { "type": "MultiPolygon", "coordinates": [ [ [ [ -52.109, -22.5823272 ], [ -51.909, -22.5823272 ], [ -51.909, -22.7823272 ], [ -52.109, -22.7823272 ], [ -52.109, -22.5823272 ] ] ] ] } },
{ "type": "Feature", "properties": { "fid": 496, "id": 1177, "grid_status": "not finished yet", "NUMPOINTS": 1.0, "GRID_ID": "1177" }, "geometry": { "type": "MultiPolygon", "coordinates": [ [ [ [ -45.109, -22.9823272 ], [ -44.909, -22.9823272 ], [ -44.909, -23.1823272 ], [ -45.109, -23.1823272 ], [ -45.109, -22.9823272 ] ] ] ] } },
{ "type": "Feature", "properties": { "fid": 497, "id": 1178, "grid_status": "no point", "NUMPOINTS": 0.0, "GRID_ID": "1178" }, "geometry": { "type": "MultiPolygon", "coordinates": [ [ [ [ -45.109, -23.1823272 ], [ -44.909, -23.1823272 ], [ -44.909, -23.3823272 ], [ -45.109, -23.3823272 ], [ -45.109, -23.1823272 ] ] ] ] } },
{ "type": "Feature", "properties": { "fid": 498, "id": 1179, "grid_status": "no point", "NUMPOINTS": 0.0, "GRID_ID": "1179-1" }, "geometry": { "type": "Polygon", "coordinates": [ [ [ -45.109, -23.5823272 ], [ -45.009, -23.5823272 ], [ -45.009, -23.4823272 ], [ -45.109, -23.4823272 ], [ -45.109, -23.5823272 ] ] ] } },
{ "type": "Feature", "properties": { "fid": 499, "id": 1179, "grid_status": "no point", "NUMPOINTS": 0.0, "GRID_ID": "1179-1" }, "geometry": { "type": "Polygon", "coordinates": [ [ [ -45.009, -23.5823272 ], [ -44.909, -23.5823272 ], [ -44.909, -23.4823272 ], [ -45.009, -23.4823272 ], [ -45.009, -23.5823272 ] ] ] } },
{ "type": "Feature", "properties": { "fid": 500, "id": 1179, "grid_status": "not finished yet", "NUMPOINTS": 4.0, "GRID_ID": "1179-1" }, "geometry": { "type": "Polygon", "coordinates": [ [ [ -45.109, -23.4823272 ], [ -45.009, -23.4823272 ], [ -45.009, -23.3823272 ], [ -45.109, -23.3823272 ], [ -45.109, -23.4823272 ] ] ] } },
{ "type": "Feature", "properties": { "fid": 501, "id": 1179, "grid_status": "not finished yet", "NUMPOINTS": 5.0, "GRID_ID": "1179-1" }, "geometry": { "type": "Polygon", "coordinates": [ [ [ -45.009, -23.4823272 ], [ -44.909, -23.4823272 ], [ -44.909, -23.3823272 ], [ -45.009, -23.3823272 ], [ -45.009, -23.4823272 ] ] ] } },
{ "type": "Feature", "properties": { "fid": 502, "id": 1180, "grid_status": "no point", "NUMPOINTS": 0.0, "GRID_ID": "1180" }, "geometry": { "type": "MultiPolygon", "coordinates": [ [ [ [ -45.109, -23.5823272 ], [ -44.909, -23.5823272 ], [ -44.909, -23.7823272 ], [ -45.109, -23.7823272 ], [ -45.109, -23.5823272 ] ] ] ] } },
{ "type": "Feature", "properties": { "fid": 503, "id": 1181, "grid_status": "no point", "NUMPOINTS": 0.0, "GRID_ID": "1181" }, "geometry": { "type": "MultiPolygon", "coordinates": [ [ [ [ -45.109, -23.7823272 ], [ -44.909, -23.7823272 ], [ -44.909, -23.9823272 ], [ -45.109, -23.9823272 ], [ -45.109, -23.7823272 ] ] ] ] } },
{ "type": "Feature", "properties": { "fid": 504, "id": 1182, "grid_status": "no point", "NUMPOINTS": 0.0, "GRID_ID": "1182" }, "geometry": { "type": "MultiPolygon", "coordinates": [ [ [ [ -45.109, -23.9823272 ], [ -44.909, -23.9823272 ], [ -44.909, -24.1823272 ], [ -45.109, -24.1823272 ], [ -45.109, -23.9823272 ] ] ] ] } },
{ "type": "Feature", "properties": { "fid": 505, "id": 183, "grid_status": "no point", "NUMPOINTS": 0.0, "GRID_ID": "183" }, "geometry": { "type": "MultiPolygon", "coordinates": [ [ [ [ -51.909, -21.3823272 ], [ -51.709, -21.3823272 ], [ -51.709, -21.5823272 ], [ -51.909, -21.5823272 ], [ -51.909, -21.3823272 ] ] ] ] } },
{ "type": "Feature", "properties": { "fid": 506, "id": 184, "grid_status": "no point", "NUMPOINTS": 0.0, "GRID_ID": "184" }, "geometry": { "type": "MultiPolygon", "coordinates": [ [ [ [ -51.909, -21.5823272 ], [ -51.709, -21.5823272 ], [ -51.709, -21.7823272 ], [ -51.909, -21.7823272 ], [ -51.909, -21.5823272 ] ] ] ] } },
{ "type": "Feature", "properties": { "fid": 507, "id": 185, "grid_status": "not finished yet", "NUMPOINTS": 5.0, "GRID_ID": "185" }, "geometry": { "type": "MultiPolygon", "coordinates": [ [ [ [ -51.909, -21.7823272 ], [ -51.709, -21.7823272 ], [ -51.709, -21.9823272 ], [ -51.909, -21.9823272 ], [ -51.909, -21.7823272 ] ] ] ] } },
{ "type": "Feature", "properties": { "fid": 508, "id": 186, "grid_status": "no point", "NUMPOINTS": 0.0, "GRID_ID": "186" }, "geometry": { "type": "MultiPolygon", "coordinates": [ [ [ [ -51.909, -21.9823272 ], [ -51.709, -21.9823272 ], [ -51.709, -22.1823272 ], [ -51.909, -22.1823272 ], [ -51.909, -21.9823272 ] ] ] ] } },
{ "type": "Feature", "properties": { "fid": 509, "id": 187, "grid_status": "no point", "NUMPOINTS": 0.0, "GRID_ID": "187" }, "geometry": { "type": "MultiPolygon", "coordinates": [ [ [ [ -51.909, -22.1823272 ], [ -51.709, -22.1823272 ], [ -51.709, -22.3823272 ], [ -51.909, -22.3823272 ], [ -51.909, -22.1823272 ] ] ] ] } },
{ "type": "Feature", "properties": { "fid": 510, "id": 188, "grid_status": "no point", "NUMPOINTS": 0.0, "GRID_ID": "188" }, "geometry": { "type": "MultiPolygon", "coordinates": [ [ [ [ -51.909, -22.3823272 ], [ -51.709, -22.3823272 ], [ -51.709, -22.5823272 ], [ -51.909, -22.5823272 ], [ -51.909, -22.3823272 ] ] ] ] } },
{ "type": "Feature", "properties": { "fid": 511, "id": 189, "grid_status": "no point", "NUMPOINTS": 0.0, "GRID_ID": "189" }, "geometry": { "type": "MultiPolygon", "coordinates": [ [ [ [ -51.909, -22.5823272 ], [ -51.709, -22.5823272 ], [ -51.709, -22.7823272 ], [ -51.909, -22.7823272 ], [ -51.909, -22.5823272 ] ] ] ] } },
{ "type": "Feature", "properties": { "fid": 512, "id": 1174, "grid_status": "not finished yet", "NUMPOINTS": 3.0, "GRID_ID": "1174" }, "geometry": { "type": "MultiPolygon", "coordinates": [ [ [ [ -45.109, -22.3823272 ], [ -44.909, -22.3823272 ], [ -44.909, -22.5823272 ], [ -45.109, -22.5823272 ], [ -45.109, -22.3823272 ] ] ] ] } },
{ "type": "Feature", "properties": { "fid": 513, "id": 1207, "grid_status": "no point", "NUMPOINTS": 0.0, "GRID_ID": "1207" }, "geometry": { "type": "MultiPolygon", "coordinates": [ [ [ [ -44.909, -23.1823272 ], [ -44.709, -23.1823272 ], [ -44.709, -23.3823272 ], [ -44.909, -23.3823272 ], [ -44.909, -23.1823272 ] ] ] ] } },
{ "type": "Feature", "properties": { "fid": 514, "id": 1208, "grid_status": "no point", "NUMPOINTS": 0.0, "GRID_ID": "1208" }, "geometry": { "type": "MultiPolygon", "coordinates": [ [ [ [ -44.909, -23.3823272 ], [ -44.709, -23.3823272 ], [ -44.709, -23.5823272 ], [ -44.909, -23.5823272 ], [ -44.909, -23.3823272 ] ] ] ] } },
{ "type": "Feature", "properties": { "fid": 515, "id": 1209, "grid_status": "no point", "NUMPOINTS": 0.0, "GRID_ID": "1209" }, "geometry": { "type": "MultiPolygon", "coordinates": [ [ [ [ -44.909, -23.5823272 ], [ -44.709, -23.5823272 ], [ -44.709, -23.7823272 ], [ -44.909, -23.7823272 ], [ -44.909, -23.5823272 ] ] ] ] } },
{ "type": "Feature", "properties": { "fid": 516, "id": 1210, "grid_status": "no point", "NUMPOINTS": 0.0, "GRID_ID": "1210" }, "geometry": { "type": "MultiPolygon", "coordinates": [ [ [ [ -44.909, -23.7823272 ], [ -44.709, -23.7823272 ], [ -44.709, -23.9823272 ], [ -44.909, -23.9823272 ], [ -44.909, -23.7823272 ] ] ] ] } },
{ "type": "Feature", "properties": { "fid": 517, "id": 1211, "grid_status": "no point", "NUMPOINTS": 0.0, "GRID_ID": "1211" }, "geometry": { "type": "MultiPolygon", "coordinates": [ [ [ [ -44.909, -23.9823272 ], [ -44.709, -23.9823272 ], [ -44.709, -24.1823272 ], [ -44.909, -24.1823272 ], [ -44.909, -23.9823272 ] ] ] ] } },
{ "type": "Feature", "properties": { "fid": 518, "id": 180, "grid_status": "not finished yet", "NUMPOINTS": 2.0, "GRID_ID": "180" }, "geometry": { "type": "MultiPolygon", "coordinates": [ [ [ [ -51.909, -20.7823272 ], [ -51.709, -20.7823272 ], [ -51.709, -20.9823272 ], [ -51.909, -20.9823272 ], [ -51.909, -20.7823272 ] ] ] ] } },
{ "type": "Feature", "properties": { "fid": 519, "id": 181, "grid_status": "no point", "NUMPOINTS": 0.0, "GRID_ID": "181" }, "geometry": { "type": "MultiPolygon", "coordinates": [ [ [ [ -51.909, -20.9823272 ], [ -51.709, -20.9823272 ], [ -51.709, -21.1823272 ], [ -51.909, -21.1823272 ], [ -51.909, -20.9823272 ] ] ] ] } },
{ "type": "Feature", "properties": { "fid": 520, "id": 182, "grid_status": "no point", "NUMPOINTS": 0.0, "GRID_ID": "182" }, "geometry": { "type": "MultiPolygon", "coordinates": [ [ [ [ -51.909, -21.1823272 ], [ -51.709, -21.1823272 ], [ -51.709, -21.3823272 ], [ -51.909, -21.3823272 ], [ -51.909, -21.1823272 ] ] ] ] } },
{ "type": "Feature", "properties": { "fid": 521, "id": 1203, "grid_status": "not finished yet", "NUMPOINTS": 1.0, "GRID_ID": "1203" }, "geometry": { "type": "MultiPolygon", "coordinates": [ [ [ [ -44.909, -22.3823272 ], [ -44.709, -22.3823272 ], [ -44.709, -22.5823272 ], [ -44.909, -22.5823272 ], [ -44.909, -22.3823272 ] ] ] ] } },
{ "type": "Feature", "properties": { "fid": 522, "id": 1204, "grid_status": "no point", "NUMPOINTS": 0.0, "GRID_ID": "1204" }, "geometry": { "type": "MultiPolygon", "coordinates": [ [ [ [ -44.909, -22.5823272 ], [ -44.709, -22.5823272 ], [ -44.709, -22.7823272 ], [ -44.909, -22.7823272 ], [ -44.909, -22.5823272 ] ] ] ] } },
{ "type": "Feature", "properties": { "fid": 523, "id": 1205, "grid_status": "no point", "NUMPOINTS": 0.0, "GRID_ID": "1205" }, "geometry": { "type": "MultiPolygon", "coordinates": [ [ [ [ -44.909, -22.7823272 ], [ -44.709, -22.7823272 ], [ -44.709, -22.9823272 ], [ -44.909, -22.9823272 ], [ -44.909, -22.7823272 ] ] ] ] } },
{ "type": "Feature", "properties": { "fid": 524, "id": 1206, "grid_status": "no point", "NUMPOINTS": 0.0, "GRID_ID": "1206" }, "geometry": { "type": "MultiPolygon", "coordinates": [ [ [ [ -44.909, -22.9823272 ], [ -44.709, -22.9823272 ], [ -44.709, -23.1823272 ], [ -44.909, -23.1823272 ], [ -44.909, -22.9823272 ] ] ] ] } },
{ "type": "Feature", "properties": { "fid": 525, "id": 98, "grid_status": "no point", "NUMPOINTS": 0.0, "GRID_ID": "98" }, "geometry": { "type": "MultiPolygon", "coordinates": [ [ [ [ -52.509, -21.7823272 ], [ -52.309, -21.7823272 ], [ -52.309, -21.9823272 ], [ -52.509, -21.9823272 ], [ -52.509, -21.7823272 ] ] ] ] } },
{ "type": "Feature", "properties": { "fid": 526, "id": 99, "grid_status": "no point", "NUMPOINTS": 0.0, "GRID_ID": "99" }, "geometry": { "type": "MultiPolygon", "coordinates": [ [ [ [ -52.509, -21.9823272 ], [ -52.309, -21.9823272 ], [ -52.309, -22.1823272 ], [ -52.509, -22.1823272 ], [ -52.509, -21.9823272 ] ] ] ] } },
{ "type": "Feature", "properties": { "fid": 527, "id": 100, "grid_status": "no point", "NUMPOINTS": 0.0, "GRID_ID": "100" }, "geometry": { "type": "MultiPolygon", "coordinates": [ [ [ [ -52.509, -22.1823272 ], [ -52.309, -22.1823272 ], [ -52.309, -22.3823272 ], [ -52.509, -22.3823272 ], [ -52.509, -22.1823272 ] ] ] ] } },
{ "type": "Feature", "properties": { "fid": 528, "id": 1117, "grid_status": "no point", "NUMPOINTS": 0.0, "GRID_ID": "1117" }, "geometry": { "type": "MultiPolygon", "coordinates": [ [ [ [ -45.509, -22.5823272 ], [ -45.309, -22.5823272 ], [ -45.309, -22.7823272 ], [ -45.509, -22.7823272 ], [ -45.509, -22.5823272 ] ] ] ] } },
{ "type": "Feature", "properties": { "fid": 529, "id": 101, "grid_status": "no point", "NUMPOINTS": 0.0, "GRID_ID": "101" }, "geometry": { "type": "MultiPolygon", "coordinates": [ [ [ [ -52.509, -22.3823272 ], [ -52.309, -22.3823272 ], [ -52.309, -22.5823272 ], [ -52.509, -22.5823272 ], [ -52.509, -22.3823272 ] ] ] ] } },
{ "type": "Feature", "properties": { "fid": 530, "id": 1118, "grid_status": "not finished yet", "NUMPOINTS": 4.0, "GRID_ID": "1118" }, "geometry": { "type": "MultiPolygon", "coordinates": [ [ [ [ -45.509, -22.7823272 ], [ -45.309, -22.7823272 ], [ -45.309, -22.9823272 ], [ -45.509, -22.9823272 ], [ -45.509, -22.7823272 ] ] ] ] } },
{ "type": "Feature", "properties": { "fid": 531, "id": 102, "grid_status": "no point", "NUMPOINTS": 0.0, "GRID_ID": "102" }, "geometry": { "type": "MultiPolygon", "coordinates": [ [ [ [ -52.509, -22.5823272 ], [ -52.309, -22.5823272 ], [ -52.309, -22.7823272 ], [ -52.509, -22.7823272 ], [ -52.509, -22.5823272 ] ] ] ] } },
{ "type": "Feature", "properties": { "fid": 532, "id": 1119, "grid_status": "no point", "NUMPOINTS": 0.0, "GRID_ID": "1119" }, "geometry": { "type": "MultiPolygon", "coordinates": [ [ [ [ -45.509, -22.9823272 ], [ -45.309, -22.9823272 ], [ -45.309, -23.1823272 ], [ -45.509, -23.1823272 ], [ -45.509, -22.9823272 ] ] ] ] } },
{ "type": "Feature", "properties": { "fid": 533, "id": 71, "grid_status": "no point", "NUMPOINTS": 0.0, "GRID_ID": "71" }, "geometry": { "type": "MultiPolygon", "coordinates": [ [ [ [ -52.709, -22.1823272 ], [ -52.509, -22.1823272 ], [ -52.509, -22.3823272 ], [ -52.709, -22.3823272 ], [ -52.709, -22.1823272 ] ] ] ] } },
{ "type": "Feature", "properties": { "fid": 534, "id": 1120, "grid_status": "not finished yet", "NUMPOINTS": 1.0, "GRID_ID": "1120" }, "geometry": { "type": "MultiPolygon", "coordinates": [ [ [ [ -45.509, -23.1823272 ], [ -45.309, -23.1823272 ], [ -45.309, -23.3823272 ], [ -45.509, -23.3823272 ], [ -45.509, -23.1823272 ] ] ] ] } },
{ "type": "Feature", "properties": { "fid": 535, "id": 72, "grid_status": "no point", "NUMPOINTS": 0.0, "GRID_ID": "72" }, "geometry": { "type": "MultiPolygon", "coordinates": [ [ [ [ -52.709, -22.3823272 ], [ -52.509, -22.3823272 ], [ -52.509, -22.5823272 ], [ -52.709, -22.5823272 ], [ -52.709, -22.3823272 ] ] ] ] } },
{ "type": "Feature", "properties": { "fid": 536, "id": 1121, "grid_status": "no point", "NUMPOINTS": 0.0, "GRID_ID": "1121" }, "geometry": { "type": "MultiPolygon", "coordinates": [ [ [ [ -45.509, -23.3823272 ], [ -45.309, -23.3823272 ], [ -45.309, -23.5823272 ], [ -45.509, -23.5823272 ], [ -45.509, -23.3823272 ] ] ] ] } },
{ "type": "Feature", "properties": { "fid": 537, "id": 73, "grid_status": "not finished yet", "NUMPOINTS": 2.0, "GRID_ID": "73" }, "geometry": { "type": "MultiPolygon", "coordinates": [ [ [ [ -52.709, -22.5823272 ], [ -52.509, -22.5823272 ], [ -52.509, -22.7823272 ], [ -52.709, -22.7823272 ], [ -52.709, -22.5823272 ] ] ] ] } },
{ "type": "Feature", "properties": { "fid": 538, "id": 1122, "grid_status": "not finished yet", "NUMPOINTS": 5.0, "GRID_ID": "1122" }, "geometry": { "type": "MultiPolygon", "coordinates": [ [ [ [ -45.509, -23.5823272 ], [ -45.309, -23.5823272 ], [ -45.309, -23.7823272 ], [ -45.509, -23.7823272 ], [ -45.509, -23.5823272 ] ] ] ] } },
{ "type": "Feature", "properties": { "fid": 539, "id": 1123, "grid_status": "not finished yet", "NUMPOINTS": 4.0, "GRID_ID": "1123" }, "geometry": { "type": "MultiPolygon", "coordinates": [ [ [ [ -45.509, -23.7823272 ], [ -45.309, -23.7823272 ], [ -45.309, -23.9823272 ], [ -45.509, -23.9823272 ], [ -45.509, -23.7823272 ] ] ] ] } },
{ "type": "Feature", "properties": { "fid": 540, "id": 1124, "grid_status": "no point", "NUMPOINTS": 0.0, "GRID_ID": "1124" }, "geometry": { "type": "MultiPolygon", "coordinates": [ [ [ [ -45.509, -23.9823272 ], [ -45.309, -23.9823272 ], [ -45.309, -24.1823272 ], [ -45.509, -24.1823272 ], [ -45.509, -23.9823272 ] ] ] ] } },
{ "type": "Feature", "properties": { "fid": 541, "id": 1125, "grid_status": "no point", "NUMPOINTS": 0.0, "GRID_ID": "1125" }, "geometry": { "type": "MultiPolygon", "coordinates": [ [ [ [ -45.509, -24.1823272 ], [ -45.309, -24.1823272 ], [ -45.309, -24.3823272 ], [ -45.509, -24.3823272 ], [ -45.509, -24.1823272 ] ] ] ] } },
{ "type": "Feature", "properties": { "fid": 542, "id": 1095, "grid_status": "no point", "NUMPOINTS": 0.0, "GRID_ID": "1095" }, "geometry": { "type": "MultiPolygon", "coordinates": [ [ [ [ -45.709, -23.9823272 ], [ -45.509, -23.9823272 ], [ -45.509, -24.1823272 ], [ -45.709, -24.1823272 ], [ -45.709, -23.9823272 ] ] ] ] } },
{ "type": "Feature", "properties": { "fid": 543, "id": 1096, "grid_status": "no point", "NUMPOINTS": 0.0, "GRID_ID": "1096" }, "geometry": { "type": "MultiPolygon", "coordinates": [ [ [ [ -45.709, -24.1823272 ], [ -45.509, -24.1823272 ], [ -45.509, -24.3823272 ], [ -45.709, -24.3823272 ], [ -45.709, -24.1823272 ] ] ] ] } },
{ "type": "Feature", "properties": { "fid": 544, "id": 126, "grid_status": "no point", "NUMPOINTS": 0.0, "GRID_ID": "126" }, "geometry": { "type": "MultiPolygon", "coordinates": [ [ [ [ -52.309, -21.5823272 ], [ -52.109, -21.5823272 ], [ -52.109, -21.7823272 ], [ -52.309, -21.7823272 ], [ -52.309, -21.5823272 ] ] ] ] } },
{ "type": "Feature", "properties": { "fid": 545, "id": 127, "grid_status": "no point", "NUMPOINTS": 0.0, "GRID_ID": "127" }, "geometry": { "type": "MultiPolygon", "coordinates": [ [ [ [ -52.309, -21.7823272 ], [ -52.109, -21.7823272 ], [ -52.109, -21.9823272 ], [ -52.309, -21.9823272 ], [ -52.309, -21.7823272 ] ] ] ] } },
{ "type": "Feature", "properties": { "fid": 546, "id": 128, "grid_status": "no point", "NUMPOINTS": 0.0, "GRID_ID": "128" }, "geometry": { "type": "MultiPolygon", "coordinates": [ [ [ [ -52.309, -21.9823272 ], [ -52.109, -21.9823272 ], [ -52.109, -22.1823272 ], [ -52.309, -22.1823272 ], [ -52.309, -21.9823272 ] ] ] ] } },
{ "type": "Feature", "properties": { "fid": 547, "id": 1145, "grid_status": "no point", "NUMPOINTS": 0.0, "GRID_ID": "1145" }, "geometry": { "type": "MultiPolygon", "coordinates": [ [ [ [ -45.309, -22.3823272 ], [ -45.109, -22.3823272 ], [ -45.109, -22.5823272 ], [ -45.309, -22.5823272 ], [ -45.309, -22.3823272 ] ] ] ] } },
{ "type": "Feature", "properties": { "fid": 548, "id": 129, "grid_status": "no point", "NUMPOINTS": 0.0, "GRID_ID": "129" }, "geometry": { "type": "MultiPolygon", "coordinates": [ [ [ [ -52.309, -22.1823272 ], [ -52.109, -22.1823272 ], [ -52.109, -22.3823272 ], [ -52.309, -22.3823272 ], [ -52.309, -22.1823272 ] ] ] ] } },
{ "type": "Feature", "properties": { "fid": 549, "id": 1146, "grid_status": "not finished yet", "NUMPOINTS": 1.0, "GRID_ID": "1146" }, "geometry": { "type": "MultiPolygon", "coordinates": [ [ [ [ -45.309, -22.5823272 ], [ -45.109, -22.5823272 ], [ -45.109, -22.7823272 ], [ -45.309, -22.7823272 ], [ -45.309, -22.5823272 ] ] ] ] } },
{ "type": "Feature", "properties": { "fid": 550, "id": 130, "grid_status": "no point", "NUMPOINTS": 0.0, "GRID_ID": "130" }, "geometry": { "type": "MultiPolygon", "coordinates": [ [ [ [ -52.309, -22.3823272 ], [ -52.109, -22.3823272 ], [ -52.109, -22.5823272 ], [ -52.309, -22.5823272 ], [ -52.309, -22.3823272 ] ] ] ] } },
{ "type": "Feature", "properties": { "fid": 551, "id": 1147, "grid_status": "no point", "NUMPOINTS": 0.0, "GRID_ID": "1147" }, "geometry": { "type": "MultiPolygon", "coordinates": [ [ [ [ -45.309, -22.7823272 ], [ -45.109, -22.7823272 ], [ -45.109, -22.9823272 ], [ -45.309, -22.9823272 ], [ -45.309, -22.7823272 ] ] ] ] } },
{ "type": "Feature", "properties": { "fid": 552, "id": 131, "grid_status": "no point", "NUMPOINTS": 0.0, "GRID_ID": "131" }, "geometry": { "type": "MultiPolygon", "coordinates": [ [ [ [ -52.309, -22.5823272 ], [ -52.109, -22.5823272 ], [ -52.109, -22.7823272 ], [ -52.309, -22.7823272 ], [ -52.309, -22.5823272 ] ] ] ] } },
{ "type": "Feature", "properties": { "fid": 553, "id": 1148, "grid_status": "no point", "NUMPOINTS": 0.0, "GRID_ID": "1148" }, "geometry": { "type": "MultiPolygon", "coordinates": [ [ [ [ -45.309, -22.9823272 ], [ -45.109, -22.9823272 ], [ -45.109, -23.1823272 ], [ -45.309, -23.1823272 ], [ -45.309, -22.9823272 ] ] ] ] } },
{ "type": "Feature", "properties": { "fid": 554, "id": 1149, "grid_status": "no point", "NUMPOINTS": 0.0, "GRID_ID": "1149" }, "geometry": { "type": "MultiPolygon", "coordinates": [ [ [ [ -45.309, -23.1823272 ], [ -45.109, -23.1823272 ], [ -45.109, -23.3823272 ], [ -45.309, -23.3823272 ], [ -45.309, -23.1823272 ] ] ] ] } },
{ "type": "Feature", "properties": { "fid": 555, "id": 1150, "grid_status": "no point", "NUMPOINTS": 0.0, "GRID_ID": "1150" }, "geometry": { "type": "MultiPolygon", "coordinates": [ [ [ [ -45.309, -23.3823272 ], [ -45.109, -23.3823272 ], [ -45.109, -23.5823272 ], [ -45.309, -23.5823272 ], [ -45.309, -23.3823272 ] ] ] ] } },
{ "type": "Feature", "properties": { "fid": 556, "id": 1151, "grid_status": "no point", "NUMPOINTS": 0.0, "GRID_ID": "1151" }, "geometry": { "type": "MultiPolygon", "coordinates": [ [ [ [ -45.309, -23.5823272 ], [ -45.109, -23.5823272 ], [ -45.109, -23.7823272 ], [ -45.309, -23.7823272 ], [ -45.309, -23.5823272 ] ] ] ] } },
{ "type": "Feature", "properties": { "fid": 557, "id": 1152, "grid_status": "no point", "NUMPOINTS": 0.0, "GRID_ID": "1152" }, "geometry": { "type": "MultiPolygon", "coordinates": [ [ [ [ -45.309, -23.7823272 ], [ -45.109, -23.7823272 ], [ -45.109, -23.9823272 ], [ -45.309, -23.9823272 ], [ -45.309, -23.7823272 ] ] ] ] } },
{ "type": "Feature", "properties": { "fid": 558, "id": 1153, "grid_status": "no point", "NUMPOINTS": 0.0, "GRID_ID": "1153" }, "geometry": { "type": "MultiPolygon", "coordinates": [ [ [ [ -45.309, -23.9823272 ], [ -45.109, -23.9823272 ], [ -45.109, -24.1823272 ], [ -45.309, -24.1823272 ], [ -45.309, -23.9823272 ] ] ] ] } },
{ "type": "Feature", "properties": { "fid": 559, "id": 1154, "grid_status": "no point", "NUMPOINTS": 0.0, "GRID_ID": "1154" }, "geometry": { "type": "MultiPolygon", "coordinates": [ [ [ [ -45.309, -24.1823272 ], [ -45.109, -24.1823272 ], [ -45.109, -24.3823272 ], [ -45.309, -24.3823272 ], [ -45.309, -24.1823272 ] ] ] ] } },
{ "type": "Feature", "properties": { "fid": 560, "id": 292, "grid_status": "not finished yet", "NUMPOINTS": 2.0, "GRID_ID": "292" }, "geometry": { "type": "MultiPolygon", "coordinates": [ [ [ [ -51.109, -19.9823272 ], [ -50.909, -19.9823272 ], [ -50.909, -20.1823272 ], [ -51.109, -20.1823272 ], [ -51.109, -19.9823272 ] ] ] ] } },
{ "type": "Feature", "properties": { "fid": 561, "id": 293, "grid_status": "no point", "NUMPOINTS": 0.0, "GRID_ID": "293" }, "geometry": { "type": "MultiPolygon", "coordinates": [ [ [ [ -51.109, -20.1823272 ], [ -50.909, -20.1823272 ], [ -50.909, -20.3823272 ], [ -51.109, -20.3823272 ], [ -51.109, -20.1823272 ] ] ] ] } },
{ "type": "Feature", "properties": { "fid": 562, "id": 294, "grid_status": "no point", "NUMPOINTS": 0.0, "GRID_ID": "294" }, "geometry": { "type": "MultiPolygon", "coordinates": [ [ [ [ -51.109, -20.3823272 ], [ -50.909, -20.3823272 ], [ -50.909, -20.5823272 ], [ -51.109, -20.5823272 ], [ -51.109, -20.3823272 ] ] ] ] } },
{ "type": "Feature", "properties": { "fid": 563, "id": 264, "grid_status": "no point", "NUMPOINTS": 0.0, "GRID_ID": "264" }, "geometry": { "type": "MultiPolygon", "coordinates": [ [ [ [ -51.309, -20.1823272 ], [ -51.109, -20.1823272 ], [ -51.109, -20.3823272 ], [ -51.309, -20.3823272 ], [ -51.309, -20.1823272 ] ] ] ] } },
{ "type": "Feature", "properties": { "fid": 564, "id": 265, "grid_status": "no point", "NUMPOINTS": 0.0, "GRID_ID": "265" }, "geometry": { "type": "MultiPolygon", "coordinates": [ [ [ [ -51.309, -20.3823272 ], [ -51.109, -20.3823272 ], [ -51.109, -20.5823272 ], [ -51.309, -20.5823272 ], [ -51.309, -20.3823272 ] ] ] ] } },
{ "type": "Feature", "properties": { "fid": 565, "id": 266, "grid_status": "no point", "NUMPOINTS": 0.0, "GRID_ID": "266" }, "geometry": { "type": "MultiPolygon", "coordinates": [ [ [ [ -51.309, -20.5823272 ], [ -51.109, -20.5823272 ], [ -51.109, -20.7823272 ], [ -51.309, -20.7823272 ], [ -51.309, -20.5823272 ] ] ] ] } },
{ "type": "Feature", "properties": { "fid": 566, "id": 267, "grid_status": "no point", "NUMPOINTS": 0.0, "GRID_ID": "267" }, "geometry": { "type": "MultiPolygon", "coordinates": [ [ [ [ -51.309, -20.7823272 ], [ -51.109, -20.7823272 ], [ -51.109, -20.9823272 ], [ -51.309, -20.9823272 ], [ -51.309, -20.7823272 ] ] ] ] } },
{ "type": "Feature", "properties": { "fid": 567, "id": 268, "grid_status": "no point", "NUMPOINTS": 0.0, "GRID_ID": "268" }, "geometry": { "type": "MultiPolygon", "coordinates": [ [ [ [ -51.309, -20.9823272 ], [ -51.109, -20.9823272 ], [ -51.109, -21.1823272 ], [ -51.309, -21.1823272 ], [ -51.309, -20.9823272 ] ] ] ] } },
{ "type": "Feature", "properties": { "fid": 568, "id": 269, "grid_status": "no point", "NUMPOINTS": 0.0, "GRID_ID": "269" }, "geometry": { "type": "MultiPolygon", "coordinates": [ [ [ [ -51.309, -21.1823272 ], [ -51.109, -21.1823272 ], [ -51.109, -21.3823272 ], [ -51.309, -21.3823272 ], [ -51.309, -21.1823272 ] ] ] ] } },
{ "type": "Feature", "properties": { "fid": 569, "id": 270, "grid_status": "not finished yet", "NUMPOINTS": 3.0, "GRID_ID": "270" }, "geometry": { "type": "MultiPolygon", "coordinates": [ [ [ [ -51.309, -21.3823272 ], [ -51.109, -21.3823272 ], [ -51.109, -21.5823272 ], [ -51.309, -21.5823272 ], [ -51.309, -21.3823272 ] ] ] ] } },
{ "type": "Feature", "properties": { "fid": 570, "id": 271, "grid_status": "not finished yet", "NUMPOINTS": 2.0, "GRID_ID": "271" }, "geometry": { "type": "MultiPolygon", "coordinates": [ [ [ [ -51.309, -21.5823272 ], [ -51.109, -21.5823272 ], [ -51.109, -21.7823272 ], [ -51.309, -21.7823272 ], [ -51.309, -21.5823272 ] ] ] ] } },
{ "type": "Feature", "properties": { "fid": 571, "id": 272, "grid_status": "no point", "NUMPOINTS": 0.0, "GRID_ID": "272" }, "geometry": { "type": "MultiPolygon", "coordinates": [ [ [ [ -51.309, -21.7823272 ], [ -51.109, -21.7823272 ], [ -51.109, -21.9823272 ], [ -51.309, -21.9823272 ], [ -51.309, -21.7823272 ] ] ] ] } },
{ "type": "Feature", "properties": { "fid": 572, "id": 273, "grid_status": "no point", "NUMPOINTS": 0.0, "GRID_ID": "273" }, "geometry": { "type": "MultiPolygon", "coordinates": [ [ [ [ -51.309, -21.9823272 ], [ -51.109, -21.9823272 ], [ -51.109, -22.1823272 ], [ -51.309, -22.1823272 ], [ -51.309, -21.9823272 ] ] ] ] } },
{ "type": "Feature", "properties": { "fid": 573, "id": 274, "grid_status": "not finished yet", "NUMPOINTS": 1.0, "GRID_ID": "274" }, "geometry": { "type": "MultiPolygon", "coordinates": [ [ [ [ -51.309, -22.1823272 ], [ -51.109, -22.1823272 ], [ -51.109, -22.3823272 ], [ -51.309, -22.3823272 ], [ -51.309, -22.1823272 ] ] ] ] } },
{ "type": "Feature", "properties": { "fid": 574, "id": 1291, "grid_status": "not finished yet", "NUMPOINTS": 1.0, "GRID_ID": "1291" }, "geometry": { "type": "MultiPolygon", "coordinates": [ [ [ [ -44.309, -22.5823272 ], [ -44.109, -22.5823272 ], [ -44.109, -22.7823272 ], [ -44.309, -22.7823272 ], [ -44.309, -22.5823272 ] ] ] ] } },
{ "type": "Feature", "properties": { "fid": 575, "id": 275, "grid_status": "no point", "NUMPOINTS": 0.0, "GRID_ID": "275" }, "geometry": { "type": "MultiPolygon", "coordinates": [ [ [ [ -51.309, -22.3823272 ], [ -51.109, -22.3823272 ], [ -51.109, -22.5823272 ], [ -51.309, -22.5823272 ], [ -51.309, -22.3823272 ] ] ] ] } },
{ "type": "Feature", "properties": { "fid": 576, "id": 1292, "grid_status": "no point", "NUMPOINTS": 0.0, "GRID_ID": "1292" }, "geometry": { "type": "MultiPolygon", "coordinates": [ [ [ [ -44.309, -22.7823272 ], [ -44.109, -22.7823272 ], [ -44.109, -22.9823272 ], [ -44.309, -22.9823272 ], [ -44.309, -22.7823272 ] ] ] ] } },
{ "type": "Feature", "properties": { "fid": 577, "id": 276, "grid_status": "no point", "NUMPOINTS": 0.0, "GRID_ID": "276" }, "geometry": { "type": "MultiPolygon", "coordinates": [ [ [ [ -51.309, -22.5823272 ], [ -51.109, -22.5823272 ], [ -51.109, -22.7823272 ], [ -51.309, -22.7823272 ], [ -51.309, -22.5823272 ] ] ] ] } },
{ "type": "Feature", "properties": { "fid": 578, "id": 320, "grid_status": "no point", "NUMPOINTS": 0.0, "GRID_ID": "320" }, "geometry": { "type": "MultiPolygon", "coordinates": [ [ [ [ -50.909, -19.7823272 ], [ -50.709, -19.7823272 ], [ -50.709, -19.9823272 ], [ -50.909, -19.9823272 ], [ -50.909, -19.7823272 ] ] ] ] } },
{ "type": "Feature", "properties": { "fid": 579, "id": 321, "grid_status": "no point", "NUMPOINTS": 0.0, "GRID_ID": "321" }, "geometry": { "type": "MultiPolygon", "coordinates": [ [ [ [ -50.909, -19.9823272 ], [ -50.709, -19.9823272 ], [ -50.709, -20.1823272 ], [ -50.909, -20.1823272 ], [ -50.909, -19.9823272 ] ] ] ] } },
{ "type": "Feature", "properties": { "fid": 580, "id": 322, "grid_status": "no point", "NUMPOINTS": 0.0, "GRID_ID": "322" }, "geometry": { "type": "MultiPolygon", "coordinates": [ [ [ [ -50.909, -20.1823272 ], [ -50.709, -20.1823272 ], [ -50.709, -20.3823272 ], [ -50.909, -20.3823272 ], [ -50.909, -20.1823272 ] ] ] ] } },
{ "type": "Feature", "properties": { "fid": 581, "id": 323, "grid_status": "no point", "NUMPOINTS": 0.0, "GRID_ID": "323" }, "geometry": { "type": "MultiPolygon", "coordinates": [ [ [ [ -50.909, -20.3823272 ], [ -50.709, -20.3823272 ], [ -50.709, -20.5823272 ], [ -50.909, -20.5823272 ], [ -50.909, -20.3823272 ] ] ] ] } },
{ "type": "Feature", "properties": { "fid": 582, "id": 324, "grid_status": "no point", "NUMPOINTS": 0.0, "GRID_ID": "324" }, "geometry": { "type": "MultiPolygon", "coordinates": [ [ [ [ -50.909, -20.5823272 ], [ -50.709, -20.5823272 ], [ -50.709, -20.7823272 ], [ -50.909, -20.7823272 ], [ -50.909, -20.5823272 ] ] ] ] } },
{ "type": "Feature", "properties": { "fid": 583, "id": 325, "grid_status": "no point", "NUMPOINTS": 0.0, "GRID_ID": "325" }, "geometry": { "type": "MultiPolygon", "coordinates": [ [ [ [ -50.909, -20.7823272 ], [ -50.709, -20.7823272 ], [ -50.709, -20.9823272 ], [ -50.909, -20.9823272 ], [ -50.909, -20.7823272 ] ] ] ] } },
{ "type": "Feature", "properties": { "fid": 584, "id": 326, "grid_status": "no point", "NUMPOINTS": 0.0, "GRID_ID": "326" }, "geometry": { "type": "MultiPolygon", "coordinates": [ [ [ [ -50.909, -20.9823272 ], [ -50.709, -20.9823272 ], [ -50.709, -21.1823272 ], [ -50.909, -21.1823272 ], [ -50.909, -20.9823272 ] ] ] ] } },
{ "type": "Feature", "properties": { "fid": 585, "id": 295, "grid_status": "no point", "NUMPOINTS": 0.0, "GRID_ID": "295" }, "geometry": { "type": "MultiPolygon", "coordinates": [ [ [ [ -51.109, -20.5823272 ], [ -50.909, -20.5823272 ], [ -50.909, -20.7823272 ], [ -51.109, -20.7823272 ], [ -51.109, -20.5823272 ] ] ] ] } },
{ "type": "Feature", "properties": { "fid": 586, "id": 296, "grid_status": "no point", "NUMPOINTS": 0.0, "GRID_ID": "296" }, "geometry": { "type": "MultiPolygon", "coordinates": [ [ [ [ -51.109, -20.7823272 ], [ -50.909, -20.7823272 ], [ -50.909, -20.9823272 ], [ -51.109, -20.9823272 ], [ -51.109, -20.7823272 ] ] ] ] } },
{ "type": "Feature", "properties": { "fid": 587, "id": 297, "grid_status": "no point", "NUMPOINTS": 0.0, "GRID_ID": "297" }, "geometry": { "type": "MultiPolygon", "coordinates": [ [ [ [ -51.109, -20.9823272 ], [ -50.909, -20.9823272 ], [ -50.909, -21.1823272 ], [ -51.109, -21.1823272 ], [ -51.109, -20.9823272 ] ] ] ] } },
{ "type": "Feature", "properties": { "fid": 588, "id": 298, "grid_status": "no point", "NUMPOINTS": 0.0, "GRID_ID": "298" }, "geometry": { "type": "MultiPolygon", "coordinates": [ [ [ [ -51.109, -21.1823272 ], [ -50.909, -21.1823272 ], [ -50.909, -21.3823272 ], [ -51.109, -21.3823272 ], [ -51.109, -21.1823272 ] ] ] ] } },
{ "type": "Feature", "properties": { "fid": 589, "id": 299, "grid_status": "no point", "NUMPOINTS": 0.0, "GRID_ID": "299" }, "geometry": { "type": "MultiPolygon", "coordinates": [ [ [ [ -51.109, -21.3823272 ], [ -50.909, -21.3823272 ], [ -50.909, -21.5823272 ], [ -51.109, -21.5823272 ], [ -51.109, -21.3823272 ] ] ] ] } },
{ "type": "Feature", "properties": { "fid": 590, "id": 300, "grid_status": "not finished yet", "NUMPOINTS": 2.0, "GRID_ID": "300" }, "geometry": { "type": "MultiPolygon", "coordinates": [ [ [ [ -51.109, -21.5823272 ], [ -50.909, -21.5823272 ], [ -50.909, -21.7823272 ], [ -51.109, -21.7823272 ], [ -51.109, -21.5823272 ] ] ] ] } },
{ "type": "Feature", "properties": { "fid": 591, "id": 301, "grid_status": "no point", "NUMPOINTS": 0.0, "GRID_ID": "301" }, "geometry": { "type": "MultiPolygon", "coordinates": [ [ [ [ -51.109, -21.7823272 ], [ -50.909, -21.7823272 ], [ -50.909, -21.9823272 ], [ -51.109, -21.9823272 ], [ -51.109, -21.7823272 ] ] ] ] } },
{ "type": "Feature", "properties": { "fid": 592, "id": 302, "grid_status": "no point", "NUMPOINTS": 0.0, "GRID_ID": "302" }, "geometry": { "type": "MultiPolygon", "coordinates": [ [ [ [ -51.109, -21.9823272 ], [ -50.909, -21.9823272 ], [ -50.909, -22.1823272 ], [ -51.109, -22.1823272 ], [ -51.109, -21.9823272 ] ] ] ] } },
{ "type": "Feature", "properties": { "fid": 593, "id": 303, "grid_status": "no point", "NUMPOINTS": 0.0, "GRID_ID": "303" }, "geometry": { "type": "MultiPolygon", "coordinates": [ [ [ [ -51.109, -22.1823272 ], [ -50.909, -22.1823272 ], [ -50.909, -22.3823272 ], [ -51.109, -22.3823272 ], [ -51.109, -22.1823272 ] ] ] ] } },
{ "type": "Feature", "properties": { "fid": 594, "id": 304, "grid_status": "no point", "NUMPOINTS": 0.0, "GRID_ID": "304" }, "geometry": { "type": "MultiPolygon", "coordinates": [ [ [ [ -51.109, -22.3823272 ], [ -50.909, -22.3823272 ], [ -50.909, -22.5823272 ], [ -51.109, -22.5823272 ], [ -51.109, -22.3823272 ] ] ] ] } },
{ "type": "Feature", "properties": { "fid": 595, "id": 305, "grid_status": "no point", "NUMPOINTS": 0.0, "GRID_ID": "305" }, "geometry": { "type": "MultiPolygon", "coordinates": [ [ [ [ -51.109, -22.5823272 ], [ -50.909, -22.5823272 ], [ -50.909, -22.7823272 ], [ -51.109, -22.7823272 ], [ -51.109, -22.5823272 ] ] ] ] } },
{ "type": "Feature", "properties": { "fid": 596, "id": 306, "grid_status": "no point", "NUMPOINTS": 0.0, "GRID_ID": "306" }, "geometry": { "type": "MultiPolygon", "coordinates": [ [ [ [ -51.109, -22.7823272 ], [ -50.909, -22.7823272 ], [ -50.909, -22.9823272 ], [ -51.109, -22.9823272 ], [ -51.109, -22.7823272 ] ] ] ] } },
{ "type": "Feature", "properties": { "fid": 597, "id": 215, "grid_status": "no point", "NUMPOINTS": 0.0, "GRID_ID": "215" }, "geometry": { "type": "MultiPolygon", "coordinates": [ [ [ [ -51.709, -21.9823272 ], [ -51.509, -21.9823272 ], [ -51.509, -22.1823272 ], [ -51.709, -22.1823272 ], [ -51.709, -21.9823272 ] ] ] ] } },
{ "type": "Feature", "properties": { "fid": 598, "id": 216, "grid_status": "no point", "NUMPOINTS": 0.0, "GRID_ID": "216" }, "geometry": { "type": "MultiPolygon", "coordinates": [ [ [ [ -51.709, -22.1823272 ], [ -51.509, -22.1823272 ], [ -51.509, -22.3823272 ], [ -51.709, -22.3823272 ], [ -51.709, -22.1823272 ] ] ] ] } },
{ "type": "Feature", "properties": { "fid": 599, "id": 217, "grid_status": "no point", "NUMPOINTS": 0.0, "GRID_ID": "217" }, "geometry": { "type": "MultiPolygon", "coordinates": [ [ [ [ -51.709, -22.3823272 ], [ -51.509, -22.3823272 ], [ -51.509, -22.5823272 ], [ -51.709, -22.5823272 ], [ -51.709, -22.3823272 ] ] ] ] } },
{ "type": "Feature", "properties": { "fid": 600, "id": 218, "grid_status": "no point", "NUMPOINTS": 0.0, "GRID_ID": "218" }, "geometry": { "type": "MultiPolygon", "coordinates": [ [ [ [ -51.709, -22.5823272 ], [ -51.509, -22.5823272 ], [ -51.509, -22.7823272 ], [ -51.709, -22.7823272 ], [ -51.709, -22.5823272 ] ] ] ] } },
{ "type": "Feature", "properties": { "fid": 601, "id": 1239, "grid_status": "no point", "NUMPOINTS": 0.0, "GRID_ID": "1239" }, "geometry": { "type": "MultiPolygon", "coordinates": [ [ [ [ -44.709, -23.7823272 ], [ -44.509, -23.7823272 ], [ -44.509, -23.9823272 ], [ -44.709, -23.9823272 ], [ -44.709, -23.7823272 ] ] ] ] } },
{ "type": "Feature", "properties": { "fid": 602, "id": 207, "grid_status": "no point", "NUMPOINTS": 0.0, "GRID_ID": "207" }, "geometry": { "type": "MultiPolygon", "coordinates": [ [ [ [ -51.709, -20.3823272 ], [ -51.509, -20.3823272 ], [ -51.509, -20.5823272 ], [ -51.709, -20.5823272 ], [ -51.709, -20.3823272 ] ] ] ] } },
{ "type": "Feature", "properties": { "fid": 603, "id": 208, "grid_status": "not finished yet", "NUMPOINTS": 2.0, "GRID_ID": "208" }, "geometry": { "type": "MultiPolygon", "coordinates": [ [ [ [ -51.709, -20.5823272 ], [ -51.509, -20.5823272 ], [ -51.509, -20.7823272 ], [ -51.709, -20.7823272 ], [ -51.709, -20.5823272 ] ] ] ] } },
{ "type": "Feature", "properties": { "fid": 604, "id": 209, "grid_status": "not finished yet", "NUMPOINTS": 2.0, "GRID_ID": "209" }, "geometry": { "type": "MultiPolygon", "coordinates": [ [ [ [ -51.709, -20.7823272 ], [ -51.509, -20.7823272 ], [ -51.509, -20.9823272 ], [ -51.709, -20.9823272 ], [ -51.709, -20.7823272 ] ] ] ] } },
{ "type": "Feature", "properties": { "fid": 605, "id": 210, "grid_status": "no point", "NUMPOINTS": 0.0, "GRID_ID": "210" }, "geometry": { "type": "MultiPolygon", "coordinates": [ [ [ [ -51.709, -20.9823272 ], [ -51.509, -20.9823272 ], [ -51.509, -21.1823272 ], [ -51.709, -21.1823272 ], [ -51.709, -20.9823272 ] ] ] ] } },
{ "type": "Feature", "properties": { "fid": 606, "id": 211, "grid_status": "no point", "NUMPOINTS": 0.0, "GRID_ID": "211" }, "geometry": { "type": "MultiPolygon", "coordinates": [ [ [ [ -51.709, -21.1823272 ], [ -51.509, -21.1823272 ], [ -51.509, -21.3823272 ], [ -51.709, -21.3823272 ], [ -51.709, -21.1823272 ] ] ] ] } },
{ "type": "Feature", "properties": { "fid": 607, "id": 212, "grid_status": "not finished yet", "NUMPOINTS": 3.0, "GRID_ID": "212" }, "geometry": { "type": "MultiPolygon", "coordinates": [ [ [ [ -51.709, -21.3823272 ], [ -51.509, -21.3823272 ], [ -51.509, -21.5823272 ], [ -51.709, -21.5823272 ], [ -51.709, -21.3823272 ] ] ] ] } },
{ "type": "Feature", "properties": { "fid": 608, "id": 213, "grid_status": "no point", "NUMPOINTS": 0.0, "GRID_ID": "213" }, "geometry": { "type": "MultiPolygon", "coordinates": [ [ [ [ -51.709, -21.5823272 ], [ -51.509, -21.5823272 ], [ -51.509, -21.7823272 ], [ -51.709, -21.7823272 ], [ -51.709, -21.5823272 ] ] ] ] } },
{ "type": "Feature", "properties": { "fid": 609, "id": 214, "grid_status": "no point", "NUMPOINTS": 0.0, "GRID_ID": "214" }, "geometry": { "type": "MultiPolygon", "coordinates": [ [ [ [ -51.709, -21.7823272 ], [ -51.509, -21.7823272 ], [ -51.509, -21.9823272 ], [ -51.709, -21.9823272 ], [ -51.709, -21.7823272 ] ] ] ] } },
{ "type": "Feature", "properties": { "fid": 610, "id": 247, "grid_status": "no point", "NUMPOINTS": 0.0, "GRID_ID": "247" }, "geometry": { "type": "MultiPolygon", "coordinates": [ [ [ [ -51.509, -22.5823272 ], [ -51.309, -22.5823272 ], [ -51.309, -22.7823272 ], [ -51.509, -22.7823272 ], [ -51.509, -22.5823272 ] ] ] ] } },
{ "type": "Feature", "properties": { "fid": 611, "id": 1232, "grid_status": "not finished yet", "NUMPOINTS": 1.0, "GRID_ID": "1232" }, "geometry": { "type": "MultiPolygon", "coordinates": [ [ [ [ -44.709, -22.3823272 ], [ -44.509, -22.3823272 ], [ -44.509, -22.5823272 ], [ -44.709, -22.5823272 ], [ -44.709, -22.3823272 ] ] ] ] } },
{ "type": "Feature", "properties": { "fid": 612, "id": 1233, "grid_status": "no point", "NUMPOINTS": 0.0, "GRID_ID": "1233" }, "geometry": { "type": "MultiPolygon", "coordinates": [ [ [ [ -44.709, -22.5823272 ], [ -44.509, -22.5823272 ], [ -44.509, -22.7823272 ], [ -44.709, -22.7823272 ], [ -44.709, -22.5823272 ] ] ] ] } },
{ "type": "Feature", "properties": { "fid": 613, "id": 1234, "grid_status": "no point", "NUMPOINTS": 0.0, "GRID_ID": "1234" }, "geometry": { "type": "MultiPolygon", "coordinates": [ [ [ [ -44.709, -22.7823272 ], [ -44.509, -22.7823272 ], [ -44.509, -22.9823272 ], [ -44.709, -22.9823272 ], [ -44.709, -22.7823272 ] ] ] ] } },
{ "type": "Feature", "properties": { "fid": 614, "id": 1237, "grid_status": "no point", "NUMPOINTS": 0.0, "GRID_ID": "1237" }, "geometry": { "type": "MultiPolygon", "coordinates": [ [ [ [ -44.709, -23.3823272 ], [ -44.509, -23.3823272 ], [ -44.509, -23.5823272 ], [ -44.709, -23.5823272 ], [ -44.709, -23.3823272 ] ] ] ] } },
{ "type": "Feature", "properties": { "fid": 615, "id": 1238, "grid_status": "no point", "NUMPOINTS": 0.0, "GRID_ID": "1238" }, "geometry": { "type": "MultiPolygon", "coordinates": [ [ [ [ -44.709, -23.5823272 ], [ -44.509, -23.5823272 ], [ -44.509, -23.7823272 ], [ -44.709, -23.7823272 ], [ -44.709, -23.5823272 ] ] ] ] } },
{ "type": "Feature", "properties": { "fid": 616, "id": 235, "grid_status": "not finished yet", "NUMPOINTS": 2.0, "GRID_ID": "235" }, "geometry": { "type": "MultiPolygon", "coordinates": [ [ [ [ -51.509, -20.1823272 ], [ -51.309, -20.1823272 ], [ -51.309, -20.3823272 ], [ -51.509, -20.3823272 ], [ -51.509, -20.1823272 ] ] ] ] } },
{ "type": "Feature", "properties": { "fid": 617, "id": 236, "grid_status": "no point", "NUMPOINTS": 0.0, "GRID_ID": "236-1" }, "geometry": { "type": "Polygon", "coordinates": [ [ [ -51.509, -20.5823272 ], [ -51.409, -20.5823272 ], [ -51.409, -20.4823272 ], [ -51.509, -20.4823272 ], [ -51.509, -20.5823272 ] ] ] } },
{ "type": "Feature", "properties": { "fid": 618, "id": 236, "grid_status": "no point", "NUMPOINTS": 0.0, "GRID_ID": "236-1" }, "geometry": { "type": "Polygon", "coordinates": [ [ [ -51.409, -20.5823272 ], [ -51.309, -20.5823272 ], [ -51.309, -20.4823272 ], [ -51.409, -20.4823272 ], [ -51.409, -20.5823272 ] ] ] } },
{ "type": "Feature", "properties": { "fid": 619, "id": 236, "grid_status": "no point", "NUMPOINTS": 0.0, "GRID_ID": "236-1" }, "geometry": { "type": "Polygon", "coordinates": [ [ [ -51.509, -20.4823272 ], [ -51.409, -20.4823272 ], [ -51.409, -20.3823272 ], [ -51.509, -20.3823272 ], [ -51.509, -20.4823272 ] ] ] } },
{ "type": "Feature", "properties": { "fid": 620, "id": 236, "grid_status": "no point", "NUMPOINTS": 0.0, "GRID_ID": "236-1" }, "geometry": { "type": "Polygon", "coordinates": [ [ [ -51.409, -20.4823272 ], [ -51.359, -20.4823272 ], [ -51.359, -20.4323272 ], [ -51.409, -20.4323272 ], [ -51.409, -20.4823272 ] ] ] } },
{ "type": "Feature", "properties": { "fid": 621, "id": 236, "grid_status": "no point", "NUMPOINTS": 0.0, "GRID_ID": "236-1" }, "geometry": { "type": "Polygon", "coordinates": [ [ [ -51.359, -20.4823272 ], [ -51.309, -20.4823272 ], [ -51.309, -20.4323272 ], [ -51.359, -20.4323272 ], [ -51.359, -20.4823272 ] ] ] } },
{ "type": "Feature", "properties": { "fid": 622, "id": 236, "grid_status": "not finished yet", "NUMPOINTS": 1.0, "GRID_ID": "236-1" }, "geometry": { "type": "Polygon", "coordinates": [ [ [ -51.409, -20.4323272 ], [ -51.359, -20.4323272 ], [ -51.359, -20.3823272 ], [ -51.409, -20.3823272 ], [ -51.409, -20.4323272 ] ] ] } },
{ "type": "Feature", "properties": { "fid": 623, "id": 236, "grid_status": "not finished yet", "NUMPOINTS": 12.0, "GRID_ID": "236-1" }, "geometry": { "type": "Polygon", "coordinates": [ [ [ -51.359, -20.4323272 ], [ -51.309, -20.4323272 ], [ -51.309, -20.3823272 ], [ -51.359, -20.3823272 ], [ -51.359, -20.4323272 ] ] ] } },
{ "type": "Feature", "properties": { "fid": 624, "id": 237, "grid_status": "no point", "NUMPOINTS": 0.0, "GRID_ID": "237" }, "geometry": { "type": "MultiPolygon", "coordinates": [ [ [ [ -51.509, -20.5823272 ], [ -51.309, -20.5823272 ], [ -51.309, -20.7823272 ], [ -51.509, -20.7823272 ], [ -51.509, -20.5823272 ] ] ] ] } },
{ "type": "Feature", "properties": { "fid": 625, "id": 238, "grid_status": "no point", "NUMPOINTS": 0.0, "GRID_ID": "238" }, "geometry": { "type": "MultiPolygon", "coordinates": [ [ [ [ -51.509, -20.7823272 ], [ -51.309, -20.7823272 ], [ -51.309, -20.9823272 ], [ -51.509, -20.9823272 ], [ -51.509, -20.7823272 ] ] ] ] } },
{ "type": "Feature", "properties": { "fid": 626, "id": 239, "grid_status": "no point", "NUMPOINTS": 0.0, "GRID_ID": "239" }, "geometry": { "type": "MultiPolygon", "coordinates": [ [ [ [ -51.509, -20.9823272 ], [ -51.309, -20.9823272 ], [ -51.309, -21.1823272 ], [ -51.509, -21.1823272 ], [ -51.509, -20.9823272 ] ] ] ] } },
{ "type": "Feature", "properties": { "fid": 627, "id": 240, "grid_status": "no point", "NUMPOINTS": 0.0, "GRID_ID": "240" }, "geometry": { "type": "MultiPolygon", "coordinates": [ [ [ [ -51.509, -21.1823272 ], [ -51.309, -21.1823272 ], [ -51.309, -21.3823272 ], [ -51.509, -21.3823272 ], [ -51.509, -21.1823272 ] ] ] ] } },
{ "type": "Feature", "properties": { "fid": 628, "id": 241, "grid_status": "not finished yet", "NUMPOINTS": 1.0, "GRID_ID": "241" }, "geometry": { "type": "MultiPolygon", "coordinates": [ [ [ [ -51.509, -21.3823272 ], [ -51.309, -21.3823272 ], [ -51.309, -21.5823272 ], [ -51.509, -21.5823272 ], [ -51.509, -21.3823272 ] ] ] ] } },
{ "type": "Feature", "properties": { "fid": 629, "id": 242, "grid_status": "no point", "NUMPOINTS": 0.0, "GRID_ID": "242" }, "geometry": { "type": "MultiPolygon", "coordinates": [ [ [ [ -51.509, -21.5823272 ], [ -51.309, -21.5823272 ], [ -51.309, -21.7823272 ], [ -51.509, -21.7823272 ], [ -51.509, -21.5823272 ] ] ] ] } },
{ "type": "Feature", "properties": { "fid": 630, "id": 243, "grid_status": "no point", "NUMPOINTS": 0.0, "GRID_ID": "243" }, "geometry": { "type": "MultiPolygon", "coordinates": [ [ [ [ -51.509, -21.7823272 ], [ -51.309, -21.7823272 ], [ -51.309, -21.9823272 ], [ -51.509, -21.9823272 ], [ -51.509, -21.7823272 ] ] ] ] } },
{ "type": "Feature", "properties": { "fid": 631, "id": 244, "grid_status": "not finished yet", "NUMPOINTS": 3.0, "GRID_ID": "244" }, "geometry": { "type": "MultiPolygon", "coordinates": [ [ [ [ -51.509, -21.9823272 ], [ -51.309, -21.9823272 ], [ -51.309, -22.1823272 ], [ -51.509, -22.1823272 ], [ -51.509, -21.9823272 ] ] ] ] } },
{ "type": "Feature", "properties": { "fid": 632, "id": 1261, "grid_status": "no point", "NUMPOINTS": 0.0, "GRID_ID": "1261" }, "geometry": { "type": "MultiPolygon", "coordinates": [ [ [ [ -44.509, -22.3823272 ], [ -44.309, -22.3823272 ], [ -44.309, -22.5823272 ], [ -44.509, -22.5823272 ], [ -44.509, -22.3823272 ] ] ] ] } },
{ "type": "Feature", "properties": { "fid": 633, "id": 245, "grid_status": "no point", "NUMPOINTS": 0.0, "GRID_ID": "245" }, "geometry": { "type": "MultiPolygon", "coordinates": [ [ [ [ -51.509, -22.1823272 ], [ -51.309, -22.1823272 ], [ -51.309, -22.3823272 ], [ -51.509, -22.3823272 ], [ -51.509, -22.1823272 ] ] ] ] } },
{ "type": "Feature", "properties": { "fid": 634, "id": 1262, "grid_status": "no point", "NUMPOINTS": 0.0, "GRID_ID": "1262" }, "geometry": { "type": "MultiPolygon", "coordinates": [ [ [ [ -44.509, -22.5823272 ], [ -44.309, -22.5823272 ], [ -44.309, -22.7823272 ], [ -44.509, -22.7823272 ], [ -44.509, -22.5823272 ] ] ] ] } },
{ "type": "Feature", "properties": { "fid": 635, "id": 246, "grid_status": "no point", "NUMPOINTS": 0.0, "GRID_ID": "246" }, "geometry": { "type": "MultiPolygon", "coordinates": [ [ [ [ -51.509, -22.3823272 ], [ -51.309, -22.3823272 ], [ -51.309, -22.5823272 ], [ -51.509, -22.5823272 ], [ -51.509, -22.3823272 ] ] ] ] } },
{ "type": "Feature", "properties": { "fid": 636, "id": 1263, "grid_status": "no point", "NUMPOINTS": 0.0, "GRID_ID": "1263" }, "geometry": { "type": "MultiPolygon", "coordinates": [ [ [ [ -44.509, -22.7823272 ], [ -44.309, -22.7823272 ], [ -44.309, -22.9823272 ], [ -44.509, -22.9823272 ], [ -44.509, -22.7823272 ] ] ] ] } },
{ "type": "Feature", "properties": { "fid": 637, "id": 1267, "grid_status": "no point", "NUMPOINTS": 0.0, "GRID_ID": "1267" }, "geometry": { "type": "MultiPolygon", "coordinates": [ [ [ [ -44.509, -23.5823272 ], [ -44.309, -23.5823272 ], [ -44.309, -23.7823272 ], [ -44.509, -23.7823272 ], [ -44.509, -23.5823272 ] ] ] ] } },
{ "type": "Feature", "properties": { "fid": 638, "id": 919, "grid_status": "not finished yet", "NUMPOINTS": 2.0, "GRID_ID": "919-1" }, "geometry": { "type": "Polygon", "coordinates": [ [ [ -46.909, -23.7823272 ], [ -46.809, -23.7823272 ], [ -46.809, -23.6823272 ], [ -46.909, -23.6823272 ], [ -46.909, -23.7823272 ] ] ] } },
{ "type": "Feature", "properties": { "fid": 639, "id": 919, "grid_status": "not finished yet", "NUMPOINTS": 2.0, "GRID_ID": "919-1" }, "geometry": { "type": "Polygon", "coordinates": [ [ [ -46.809, -23.7823272 ], [ -46.709, -23.7823272 ], [ -46.709, -23.6823272 ], [ -46.809, -23.6823272 ], [ -46.809, -23.7823272 ] ] ] } },
{ "type": "Feature", "properties": { "fid": 640, "id": 919, "grid_status": "not finished yet", "NUMPOINTS": 5.0, "GRID_ID": "919-1" }, "geometry": { "type": "Polygon", "coordinates": [ [ [ -46.909, -23.6823272 ], [ -46.809, -23.6823272 ], [ -46.809, -23.5823272 ], [ -46.909, -23.5823272 ], [ -46.909, -23.6823272 ] ] ] } },
{ "type": "Feature", "properties": { "fid": 641, "id": 919, "grid_status": "not finished yet", "NUMPOINTS": 8.0, "GRID_ID": "919-1" }, "geometry": { "type": "Polygon", "coordinates": [ [ [ -46.809, -23.6823272 ], [ -46.709, -23.6823272 ], [ -46.709, -23.5823272 ], [ -46.809, -23.5823272 ], [ -46.809, -23.6823272 ] ] ] } },
{ "type": "Feature", "properties": { "fid": 642, "id": 920, "grid_status": "not finished yet", "NUMPOINTS": 2.0, "GRID_ID": "920" }, "geometry": { "type": "MultiPolygon", "coordinates": [ [ [ [ -46.909, -23.7823272 ], [ -46.709, -23.7823272 ], [ -46.709, -23.9823272 ], [ -46.909, -23.9823272 ], [ -46.909, -23.7823272 ] ] ] ] } },
{ "type": "Feature", "properties": { "fid": 643, "id": 921, "grid_status": "no point", "NUMPOINTS": 0.0, "GRID_ID": "921" }, "geometry": { "type": "MultiPolygon", "coordinates": [ [ [ [ -46.909, -23.9823272 ], [ -46.709, -23.9823272 ], [ -46.709, -24.1823272 ], [ -46.909, -24.1823272 ], [ -46.909, -23.9823272 ] ] ] ] } },
{ "type": "Feature", "properties": { "fid": 644, "id": 922, "grid_status": "no point", "NUMPOINTS": 0.0, "GRID_ID": "922" }, "geometry": { "type": "MultiPolygon", "coordinates": [ [ [ [ -46.909, -24.1823272 ], [ -46.709, -24.1823272 ], [ -46.709, -24.3823272 ], [ -46.909, -24.3823272 ], [ -46.909, -24.1823272 ] ] ] ] } },
{ "type": "Feature", "properties": { "fid": 645, "id": 923, "grid_status": "no point", "NUMPOINTS": 0.0, "GRID_ID": "923" }, "geometry": { "type": "MultiPolygon", "coordinates": [ [ [ [ -46.909, -24.3823272 ], [ -46.709, -24.3823272 ], [ -46.709, -24.5823272 ], [ -46.909, -24.5823272 ], [ -46.909, -24.3823272 ] ] ] ] } },
{ "type": "Feature", "properties": { "fid": 646, "id": 924, "grid_status": "no point", "NUMPOINTS": 0.0, "GRID_ID": "924" }, "geometry": { "type": "MultiPolygon", "coordinates": [ [ [ [ -46.909, -24.5823272 ], [ -46.709, -24.5823272 ], [ -46.709, -24.7823272 ], [ -46.909, -24.7823272 ], [ -46.909, -24.5823272 ] ] ] ] } },
{ "type": "Feature", "properties": { "fid": 647, "id": 925, "grid_status": "no point", "NUMPOINTS": 0.0, "GRID_ID": "925" }, "geometry": { "type": "MultiPolygon", "coordinates": [ [ [ [ -46.909, -24.7823272 ], [ -46.709, -24.7823272 ], [ -46.709, -24.9823272 ], [ -46.909, -24.9823272 ], [ -46.909, -24.7823272 ] ] ] ] } },
{ "type": "Feature", "properties": { "fid": 648, "id": 907, "grid_status": "no point", "NUMPOINTS": 0.0, "GRID_ID": "907" }, "geometry": { "type": "MultiPolygon", "coordinates": [ [ [ [ -46.909, -21.1823272 ], [ -46.709, -21.1823272 ], [ -46.709, -21.3823272 ], [ -46.909, -21.3823272 ], [ -46.909, -21.1823272 ] ] ] ] } },
{ "type": "Feature", "properties": { "fid": 649, "id": 908, "grid_status": "no point", "NUMPOINTS": 0.0, "GRID_ID": "908" }, "geometry": { "type": "MultiPolygon", "coordinates": [ [ [ [ -46.909, -21.3823272 ], [ -46.709, -21.3823272 ], [ -46.709, -21.5823272 ], [ -46.909, -21.5823272 ], [ -46.909, -21.3823272 ] ] ] ] } },
{ "type": "Feature", "properties": { "fid": 650, "id": 909, "grid_status": "no point", "NUMPOINTS": 0.0, "GRID_ID": "909" }, "geometry": { "type": "MultiPolygon", "coordinates": [ [ [ [ -46.909, -21.5823272 ], [ -46.709, -21.5823272 ], [ -46.709, -21.7823272 ], [ -46.909, -21.7823272 ], [ -46.909, -21.5823272 ] ] ] ] } },
{ "type": "Feature", "properties": { "fid": 651, "id": 910, "grid_status": "not finished yet", "NUMPOINTS": 1.0, "GRID_ID": "910" }, "geometry": { "type": "MultiPolygon", "coordinates": [ [ [ [ -46.909, -21.7823272 ], [ -46.709, -21.7823272 ], [ -46.709, -21.9823272 ], [ -46.909, -21.9823272 ], [ -46.909, -21.7823272 ] ] ] ] } },
{ "type": "Feature", "properties": { "fid": 652, "id": 911, "grid_status": "no point", "NUMPOINTS": 0.0, "GRID_ID": "911" }, "geometry": { "type": "MultiPolygon", "coordinates": [ [ [ [ -46.909, -21.9823272 ], [ -46.709, -21.9823272 ], [ -46.709, -22.1823272 ], [ -46.909, -22.1823272 ], [ -46.909, -21.9823272 ] ] ] ] } },
{ "type": "Feature", "properties": { "fid": 653, "id": 912, "grid_status": "no point", "NUMPOINTS": 0.0, "GRID_ID": "912" }, "geometry": { "type": "MultiPolygon", "coordinates": [ [ [ [ -46.909, -22.1823272 ], [ -46.709, -22.1823272 ], [ -46.709, -22.3823272 ], [ -46.909, -22.3823272 ], [ -46.909, -22.1823272 ] ] ] ] } },
{ "type": "Feature", "properties": { "fid": 654, "id": 913, "grid_status": "no point", "NUMPOINTS": 0.0, "GRID_ID": "913" }, "geometry": { "type": "MultiPolygon", "coordinates": [ [ [ [ -46.909, -22.3823272 ], [ -46.709, -22.3823272 ], [ -46.709, -22.5823272 ], [ -46.909, -22.5823272 ], [ -46.909, -22.3823272 ] ] ] ] } },
{ "type": "Feature", "properties": { "fid": 655, "id": 914, "grid_status": "not finished yet", "NUMPOINTS": 5.0, "GRID_ID": "914" }, "geometry": { "type": "MultiPolygon", "coordinates": [ [ [ [ -46.909, -22.5823272 ], [ -46.709, -22.5823272 ], [ -46.709, -22.7823272 ], [ -46.909, -22.7823272 ], [ -46.909, -22.5823272 ] ] ] ] } },
{ "type": "Feature", "properties": { "fid": 656, "id": 915, "grid_status": "no point", "NUMPOINTS": 0.0, "GRID_ID": "915" }, "geometry": { "type": "MultiPolygon", "coordinates": [ [ [ [ -46.909, -22.7823272 ], [ -46.709, -22.7823272 ], [ -46.709, -22.9823272 ], [ -46.909, -22.9823272 ], [ -46.909, -22.7823272 ] ] ] ] } },
{ "type": "Feature", "properties": { "fid": 657, "id": 916, "grid_status": "not finished yet", "NUMPOINTS": 4.0, "GRID_ID": "916" }, "geometry": { "type": "MultiPolygon", "coordinates": [ [ [ [ -46.909, -22.9823272 ], [ -46.709, -22.9823272 ], [ -46.709, -23.1823272 ], [ -46.909, -23.1823272 ], [ -46.909, -22.9823272 ] ] ] ] } },
{ "type": "Feature", "properties": { "fid": 658, "id": 917, "grid_status": "no point", "NUMPOINTS": 0.0, "GRID_ID": "917-1" }, "geometry": { "type": "Polygon", "coordinates": [ [ [ -46.909, -23.3823272 ], [ -46.809, -23.3823272 ], [ -46.809, -23.2823272 ], [ -46.909, -23.2823272 ], [ -46.909, -23.3823272 ] ] ] } },
{ "type": "Feature", "properties": { "fid": 659, "id": 917, "grid_status": "not finished yet", "NUMPOINTS": 1.0, "GRID_ID": "917-1" }, "geometry": { "type": "Polygon", "coordinates": [ [ [ -46.809, -23.3823272 ], [ -46.709, -23.3823272 ], [ -46.709, -23.2823272 ], [ -46.809, -23.2823272 ], [ -46.809, -23.3823272 ] ] ] } },
{ "type": "Feature", "properties": { "fid": 660, "id": 917, "grid_status": "not finished yet", "NUMPOINTS": 2.0, "GRID_ID": "917-1" }, "geometry": { "type": "Polygon", "coordinates": [ [ [ -46.909, -23.2823272 ], [ -46.809, -23.2823272 ], [ -46.809, -23.1823272 ], [ -46.909, -23.1823272 ], [ -46.909, -23.2823272 ] ] ] } },
{ "type": "Feature", "properties": { "fid": 661, "id": 917, "grid_status": "not finished yet", "NUMPOINTS": 4.0, "GRID_ID": "917-1" }, "geometry": { "type": "Polygon", "coordinates": [ [ [ -46.809, -23.2823272 ], [ -46.709, -23.2823272 ], [ -46.709, -23.1823272 ], [ -46.809, -23.1823272 ], [ -46.809, -23.2823272 ] ] ] } },
{ "type": "Feature", "properties": { "fid": 662, "id": 918, "grid_status": "not finished yet", "NUMPOINTS": 6.0, "GRID_ID": "918-1" }, "geometry": { "type": "Polygon", "coordinates": [ [ [ -46.909, -23.5823272 ], [ -46.809, -23.5823272 ], [ -46.809, -23.4823272 ], [ -46.909, -23.4823272 ], [ -46.909, -23.5823272 ] ] ] } },
{ "type": "Feature", "properties": { "fid": 663, "id": 918, "grid_status": "not finished yet", "NUMPOINTS": 6.0, "GRID_ID": "918-1" }, "geometry": { "type": "Polygon", "coordinates": [ [ [ -46.809, -23.5823272 ], [ -46.759, -23.5823272 ], [ -46.759, -23.5323272 ], [ -46.809, -23.5323272 ], [ -46.809, -23.5823272 ] ] ] } },
{ "type": "Feature", "properties": { "fid": 664, "id": 918, "grid_status": "not finished yet", "NUMPOINTS": 55.0, "GRID_ID": "918-1" }, "geometry": { "type": "Polygon", "coordinates": [ [ [ -46.759, -23.5823272 ], [ -46.709, -23.5823272 ], [ -46.709, -23.5323272 ], [ -46.759, -23.5323272 ], [ -46.759, -23.5823272 ] ] ] } },
{ "type": "Feature", "properties": { "fid": 665, "id": 918, "grid_status": "no point", "NUMPOINTS": 0.0, "GRID_ID": "918-1" }, "geometry": { "type": "Polygon", "coordinates": [ [ [ -46.809, -23.5323272 ], [ -46.759, -23.5323272 ], [ -46.759, -23.4823272 ], [ -46.809, -23.4823272 ], [ -46.809, -23.5323272 ] ] ] } },
{ "type": "Feature", "properties": { "fid": 666, "id": 918, "grid_status": "not finished yet", "NUMPOINTS": 3.0, "GRID_ID": "918-1" }, "geometry": { "type": "Polygon", "coordinates": [ [ [ -46.759, -23.5323272 ], [ -46.709, -23.5323272 ], [ -46.709, -23.4823272 ], [ -46.759, -23.4823272 ], [ -46.759, -23.5323272 ] ] ] } },
{ "type": "Feature", "properties": { "fid": 667, "id": 918, "grid_status": "not finished yet", "NUMPOINTS": 2.0, "GRID_ID": "918-1" }, "geometry": { "type": "Polygon", "coordinates": [ [ [ -46.909, -23.4823272 ], [ -46.809, -23.4823272 ], [ -46.809, -23.3823272 ], [ -46.909, -23.3823272 ], [ -46.909, -23.4823272 ] ] ] } },
{ "type": "Feature", "properties": { "fid": 668, "id": 918, "grid_status": "not finished yet", "NUMPOINTS": 6.0, "GRID_ID": "918-1" }, "geometry": { "type": "Polygon", "coordinates": [ [ [ -46.809, -23.4823272 ], [ -46.709, -23.4823272 ], [ -46.709, -23.3823272 ], [ -46.809, -23.3823272 ], [ -46.809, -23.4823272 ] ] ] } },
{ "type": "Feature", "properties": { "fid": 669, "id": 951, "grid_status": "no point", "NUMPOINTS": 0.0, "GRID_ID": "951" }, "geometry": { "type": "MultiPolygon", "coordinates": [ [ [ [ -46.709, -24.1823272 ], [ -46.509, -24.1823272 ], [ -46.509, -24.3823272 ], [ -46.709, -24.3823272 ], [ -46.709, -24.1823272 ] ] ] ] } },
{ "type": "Feature", "properties": { "fid": 670, "id": 952, "grid_status": "no point", "NUMPOINTS": 0.0, "GRID_ID": "952" }, "geometry": { "type": "MultiPolygon", "coordinates": [ [ [ [ -46.709, -24.3823272 ], [ -46.509, -24.3823272 ], [ -46.509, -24.5823272 ], [ -46.709, -24.5823272 ], [ -46.709, -24.3823272 ] ] ] ] } },
{ "type": "Feature", "properties": { "fid": 671, "id": 953, "grid_status": "no point", "NUMPOINTS": 0.0, "GRID_ID": "953" }, "geometry": { "type": "MultiPolygon", "coordinates": [ [ [ [ -46.709, -24.5823272 ], [ -46.509, -24.5823272 ], [ -46.509, -24.7823272 ], [ -46.709, -24.7823272 ], [ -46.709, -24.5823272 ] ] ] ] } },
{ "type": "Feature", "properties": { "fid": 672, "id": 966, "grid_status": "no point", "NUMPOINTS": 0.0, "GRID_ID": "966" }, "geometry": { "type": "MultiPolygon", "coordinates": [ [ [ [ -46.509, -21.3823272 ], [ -46.309, -21.3823272 ], [ -46.309, -21.5823272 ], [ -46.509, -21.5823272 ], [ -46.509, -21.3823272 ] ] ] ] } },
{ "type": "Feature", "properties": { "fid": 673, "id": 936, "grid_status": "no point", "NUMPOINTS": 0.0, "GRID_ID": "936" }, "geometry": { "type": "MultiPolygon", "coordinates": [ [ [ [ -46.709, -21.1823272 ], [ -46.509, -21.1823272 ], [ -46.509, -21.3823272 ], [ -46.709, -21.3823272 ], [ -46.709, -21.1823272 ] ] ] ] } },
{ "type": "Feature", "properties": { "fid": 674, "id": 937, "grid_status": "no point", "NUMPOINTS": 0.0, "GRID_ID": "937" }, "geometry": { "type": "MultiPolygon", "coordinates": [ [ [ [ -46.709, -21.3823272 ], [ -46.509, -21.3823272 ], [ -46.509, -21.5823272 ], [ -46.709, -21.5823272 ], [ -46.709, -21.3823272 ] ] ] ] } },
{ "type": "Feature", "properties": { "fid": 675, "id": 938, "grid_status": "no point", "NUMPOINTS": 0.0, "GRID_ID": "938" }, "geometry": { "type": "MultiPolygon", "coordinates": [ [ [ [ -46.709, -21.5823272 ], [ -46.509, -21.5823272 ], [ -46.509, -21.7823272 ], [ -46.709, -21.7823272 ], [ -46.709, -21.5823272 ] ] ] ] } },
{ "type": "Feature", "properties": { "fid": 676, "id": 939, "grid_status": "not finished yet", "NUMPOINTS": 2.0, "GRID_ID": "939" }, "geometry": { "type": "MultiPolygon", "coordinates": [ [ [ [ -46.709, -21.7823272 ], [ -46.509, -21.7823272 ], [ -46.509, -21.9823272 ], [ -46.709, -21.9823272 ], [ -46.709, -21.7823272 ] ] ] ] } },
{ "type": "Feature", "properties": { "fid": 677, "id": 940, "grid_status": "not finished yet", "NUMPOINTS": 1.0, "GRID_ID": "940" }, "geometry": { "type": "MultiPolygon", "coordinates": [ [ [ [ -46.709, -21.9823272 ], [ -46.509, -21.9823272 ], [ -46.509, -22.1823272 ], [ -46.709, -22.1823272 ], [ -46.709, -21.9823272 ] ] ] ] } },
{ "type": "Feature", "properties": { "fid": 678, "id": 941, "grid_status": "no point", "NUMPOINTS": 0.0, "GRID_ID": "941" }, "geometry": { "type": "MultiPolygon", "coordinates": [ [ [ [ -46.709, -22.1823272 ], [ -46.509, -22.1823272 ], [ -46.509, -22.3823272 ], [ -46.709, -22.3823272 ], [ -46.709, -22.1823272 ] ] ] ] } },
{ "type": "Feature", "properties": { "fid": 679, "id": 942, "grid_status": "no point", "NUMPOINTS": 0.0, "GRID_ID": "942" }, "geometry": { "type": "MultiPolygon", "coordinates": [ [ [ [ -46.709, -22.3823272 ], [ -46.509, -22.3823272 ], [ -46.509, -22.5823272 ], [ -46.709, -22.5823272 ], [ -46.709, -22.3823272 ] ] ] ] } },
{ "type": "Feature", "properties": { "fid": 680, "id": 943, "grid_status": "not finished yet", "NUMPOINTS": 4.0, "GRID_ID": "943" }, "geometry": { "type": "MultiPolygon", "coordinates": [ [ [ [ -46.709, -22.5823272 ], [ -46.509, -22.5823272 ], [ -46.509, -22.7823272 ], [ -46.709, -22.7823272 ], [ -46.709, -22.5823272 ] ] ] ] } },
{ "type": "Feature", "properties": { "fid": 681, "id": 944, "grid_status": "not finished yet", "NUMPOINTS": 1.0, "GRID_ID": "944" }, "geometry": { "type": "MultiPolygon", "coordinates": [ [ [ [ -46.709, -22.7823272 ], [ -46.509, -22.7823272 ], [ -46.509, -22.9823272 ], [ -46.709, -22.9823272 ], [ -46.709, -22.7823272 ] ] ] ] } },
{ "type": "Feature", "properties": { "fid": 682, "id": 945, "grid_status": "not finished yet", "NUMPOINTS": 5.0, "GRID_ID": "945" }, "geometry": { "type": "MultiPolygon", "coordinates": [ [ [ [ -46.709, -22.9823272 ], [ -46.509, -22.9823272 ], [ -46.509, -23.1823272 ], [ -46.709, -23.1823272 ], [ -46.709, -22.9823272 ] ] ] ] } },
{ "type": "Feature", "properties": { "fid": 683, "id": 946, "grid_status": "not finished yet", "NUMPOINTS": 1.0, "GRID_ID": "946" }, "geometry": { "type": "MultiPolygon", "coordinates": [ [ [ [ -46.709, -23.1823272 ], [ -46.509, -23.1823272 ], [ -46.509, -23.3823272 ], [ -46.709, -23.3823272 ], [ -46.709, -23.1823272 ] ] ] ] } },
{ "type": "Feature", "properties": { "fid": 684, "id": 947, "grid_status": "not finished yet", "NUMPOINTS": 7.0, "GRID_ID": "947-1-1" }, "geometry": { "type": "Polygon", "coordinates": [ [ [ -46.709, -23.5823272 ], [ -46.659, -23.5823272 ], [ -46.659, -23.5323272 ], [ -46.709, -23.5323272 ], [ -46.709, -23.5823272 ] ] ] } },
{ "type": "Feature", "properties": { "fid": 685, "id": 947, "grid_status": "not finished yet", "NUMPOINTS": 32.0, "GRID_ID": "947-1-1" }, "geometry": { "type": "Polygon", "coordinates": [ [ [ -46.659, -23.5823272 ], [ -46.609, -23.5823272 ], [ -46.609, -23.5323272 ], [ -46.659, -23.5323272 ], [ -46.659, -23.5823272 ] ] ] } },
{ "type": "Feature", "properties": { "fid": 686, "id": 947, "grid_status": "not finished yet", "NUMPOINTS": 9.0, "GRID_ID": "947-1-1" }, "geometry": { "type": "Polygon", "coordinates": [ [ [ -46.709, -23.5323272 ], [ -46.659, -23.5323272 ], [ -46.659, -23.4823272 ], [ -46.709, -23.4823272 ], [ -46.709, -23.5323272 ] ] ] } },
{ "type": "Feature", "properties": { "fid": 687, "id": 947, "grid_status": "not finished yet", "NUMPOINTS": 1.0, "GRID_ID": "947-1-1" }, "geometry": { "type": "Polygon", "coordinates": [ [ [ -46.659, -23.5323272 ], [ -46.609, -23.5323272 ], [ -46.609, -23.4823272 ], [ -46.659, -23.4823272 ], [ -46.659, -23.5323272 ] ] ] } },
{ "type": "Feature", "properties": { "fid": 688, "id": 947, "grid_status": "not finished yet", "NUMPOINTS": 4.0, "GRID_ID": "947-1-1" }, "geometry": { "type": "Polygon", "coordinates": [ [ [ -46.609, -23.5823272 ], [ -46.559, -23.5823272 ], [ -46.559, -23.5323272 ], [ -46.609, -23.5323272 ], [ -46.609, -23.5823272 ] ] ] } },
{ "type": "Feature", "properties": { "fid": 689, "id": 947, "grid_status": "not finished yet", "NUMPOINTS": 3.0, "GRID_ID": "947-1-1" }, "geometry": { "type": "Polygon", "coordinates": [ [ [ -46.559, -23.5823272 ], [ -46.509, -23.5823272 ], [ -46.509, -23.5323272 ], [ -46.559, -23.5323272 ], [ -46.559, -23.5823272 ] ] ] } },
{ "type": "Feature", "properties": { "fid": 690, "id": 947, "grid_status": "not finished yet", "NUMPOINTS": 1.0, "GRID_ID": "947-1-1" }, "geometry": { "type": "Polygon", "coordinates": [ [ [ -46.609, -23.5323272 ], [ -46.559, -23.5323272 ], [ -46.559, -23.4823272 ], [ -46.609, -23.4823272 ], [ -46.609, -23.5323272 ] ] ] } },
{ "type": "Feature", "properties": { "fid": 691, "id": 947, "grid_status": "not finished yet", "NUMPOINTS": 9.0, "GRID_ID": "947-1-1" }, "geometry": { "type": "Polygon", "coordinates": [ [ [ -46.559, -23.5323272 ], [ -46.509, -23.5323272 ], [ -46.509, -23.4823272 ], [ -46.559, -23.4823272 ], [ -46.559, -23.5323272 ] ] ] } },
{ "type": "Feature", "properties": { "fid": 692, "id": 947, "grid_status": "not finished yet", "NUMPOINTS": 6.0, "GRID_ID": "947-1-1" }, "geometry": { "type": "Polygon", "coordinates": [ [ [ -46.709, -23.4823272 ], [ -46.609, -23.4823272 ], [ -46.609, -23.3823272 ], [ -46.709, -23.3823272 ], [ -46.709, -23.4823272 ] ] ] } },
{ "type": "Feature", "properties": { "fid": 693, "id": 947, "grid_status": "not finished yet", "NUMPOINTS": 1.0, "GRID_ID": "947-1-1" }, "geometry": { "type": "Polygon", "coordinates": [ [ [ -46.609, -23.4823272 ], [ -46.509, -23.4823272 ], [ -46.509, -23.3823272 ], [ -46.609, -23.3823272 ], [ -46.609, -23.4823272 ] ] ] } },
{ "type": "Feature", "properties": { "fid": 694, "id": 948, "grid_status": "not finished yet", "NUMPOINTS": 4.0, "GRID_ID": "948-1" }, "geometry": { "type": "Polygon", "coordinates": [ [ [ -46.709, -23.7823272 ], [ -46.609, -23.7823272 ], [ -46.609, -23.6823272 ], [ -46.709, -23.6823272 ], [ -46.709, -23.7823272 ] ] ] } },
{ "type": "Feature", "properties": { "fid": 695, "id": 948, "grid_status": "not finished yet", "NUMPOINTS": 5.0, "GRID_ID": "948-1" }, "geometry": { "type": "Polygon", "coordinates": [ [ [ -46.609, -23.7823272 ], [ -46.509, -23.7823272 ], [ -46.509, -23.6823272 ], [ -46.609, -23.6823272 ], [ -46.609, -23.7823272 ] ] ] } },
{ "type": "Feature", "properties": { "fid": 696, "id": 948, "grid_status": "not finished yet", "NUMPOINTS": 1.0, "GRID_ID": "948-1" }, "geometry": { "type": "Polygon", "coordinates": [ [ [ -46.709, -23.6823272 ], [ -46.659, -23.6823272 ], [ -46.659, -23.6323272 ], [ -46.709, -23.6323272 ], [ -46.709, -23.6823272 ] ] ] } },
{ "type": "Feature", "properties": { "fid": 697, "id": 948, "grid_status": "not finished yet", "NUMPOINTS": 3.0, "GRID_ID": "948-1" }, "geometry": { "type": "Polygon", "coordinates": [ [ [ -46.659, -23.6823272 ], [ -46.609, -23.6823272 ], [ -46.609, -23.6323272 ], [ -46.659, -23.6323272 ], [ -46.659, -23.6823272 ] ] ] } },
{ "type": "Feature", "properties": { "fid": 698, "id": 948, "grid_status": "not finished yet", "NUMPOINTS": 2.0, "GRID_ID": "948-1" }, "geometry": { "type": "Polygon", "coordinates": [ [ [ -46.709, -23.6323272 ], [ -46.659, -23.6323272 ], [ -46.659, -23.5823272 ], [ -46.709, -23.5823272 ], [ -46.709, -23.6323272 ] ] ] } },
{ "type": "Feature", "properties": { "fid": 699, "id": 948, "grid_status": "not finished yet", "NUMPOINTS": 8.0, "GRID_ID": "948-1" }, "geometry": { "type": "Polygon", "coordinates": [ [ [ -46.659, -23.6323272 ], [ -46.609, -23.6323272 ], [ -46.609, -23.5823272 ], [ -46.659, -23.5823272 ], [ -46.659, -23.6323272 ] ] ] } },
{ "type": "Feature", "properties": { "fid": 700, "id": 948, "grid_status": "not finished yet", "NUMPOINTS": 3.0, "GRID_ID": "948-1" }, "geometry": { "type": "Polygon", "coordinates": [ [ [ -46.609, -23.6823272 ], [ -46.559, -23.6823272 ], [ -46.559, -23.6323272 ], [ -46.609, -23.6323272 ], [ -46.609, -23.6823272 ] ] ] } },
{ "type": "Feature", "properties": { "fid": 701, "id": 948, "grid_status": "not finished yet", "NUMPOINTS": 3.0, "GRID_ID": "948-1" }, "geometry": { "type": "Polygon", "coordinates": [ [ [ -46.559, -23.6823272 ], [ -46.509, -23.6823272 ], [ -46.509, -23.6323272 ], [ -46.559, -23.6323272 ], [ -46.559, -23.6823272 ] ] ] } },
{ "type": "Feature", "properties": { "fid": 702, "id": 948, "grid_status": "not finished yet", "NUMPOINTS": 2.0, "GRID_ID": "948-1" }, "geometry": { "type": "Polygon", "coordinates": [ [ [ -46.609, -23.6323272 ], [ -46.559, -23.6323272 ], [ -46.559, -23.5823272 ], [ -46.609, -23.5823272 ], [ -46.609, -23.6323272 ] ] ] } },
{ "type": "Feature", "properties": { "fid": 703, "id": 948, "grid_status": "not finished yet", "NUMPOINTS": 3.0, "GRID_ID": "948-1" }, "geometry": { "type": "Polygon", "coordinates": [ [ [ -46.559, -23.6323272 ], [ -46.509, -23.6323272 ], [ -46.509, -23.5823272 ], [ -46.559, -23.5823272 ], [ -46.559, -23.6323272 ] ] ] } },
{ "type": "Feature", "properties": { "fid": 704, "id": 949, "grid_status": "no point", "NUMPOINTS": 0.0, "GRID_ID": "949" }, "geometry": { "type": "MultiPolygon", "coordinates": [ [ [ [ -46.709, -23.7823272 ], [ -46.509, -23.7823272 ], [ -46.509, -23.9823272 ], [ -46.709, -23.9823272 ], [ -46.709, -23.7823272 ] ] ] ] } },
{ "type": "Feature", "properties": { "fid": 705, "id": 950, "grid_status": "no point", "NUMPOINTS": 0.0, "GRID_ID": "950" }, "geometry": { "type": "MultiPolygon", "coordinates": [ [ [ [ -46.709, -23.9823272 ], [ -46.509, -23.9823272 ], [ -46.509, -24.1823272 ], [ -46.709, -24.1823272 ], [ -46.709, -23.9823272 ] ] ] ] } },
{ "type": "Feature", "properties": { "fid": 706, "id": 855, "grid_status": "not finished yet", "NUMPOINTS": 1.0, "GRID_ID": "855" }, "geometry": { "type": "MultiPolygon", "coordinates": [ [ [ [ -47.309, -22.3823272 ], [ -47.109, -22.3823272 ], [ -47.109, -22.5823272 ], [ -47.309, -22.5823272 ], [ -47.309, -22.3823272 ] ] ] ] } },
{ "type": "Feature", "properties": { "fid": 707, "id": 856, "grid_status": "not finished yet", "NUMPOINTS": 2.0, "GRID_ID": "856-1" }, "geometry": { "type": "Polygon", "coordinates": [ [ [ -47.309, -22.7823272 ], [ -47.209, -22.7823272 ], [ -47.209, -22.6823272 ], [ -47.309, -22.6823272 ], [ -47.309, -22.7823272 ] ] ] } },
{ "type": "Feature", "properties": { "fid": 708, "id": 856, "grid_status": "not finished yet", "NUMPOINTS": 4.0, "GRID_ID": "856-1" }, "geometry": { "type": "Polygon", "coordinates": [ [ [ -47.209, -22.7823272 ], [ -47.109, -22.7823272 ], [ -47.109, -22.6823272 ], [ -47.209, -22.6823272 ], [ -47.209, -22.7823272 ] ] ] } },
{ "type": "Feature", "properties": { "fid": 709, "id": 856, "grid_status": "no point", "NUMPOINTS": 0.0, "GRID_ID": "856-1" }, "geometry": { "type": "Polygon", "coordinates": [ [ [ -47.309, -22.6823272 ], [ -47.209, -22.6823272 ], [ -47.209, -22.5823272 ], [ -47.309, -22.5823272 ], [ -47.309, -22.6823272 ] ] ] } },
{ "type": "Feature", "properties": { "fid": 710, "id": 856, "grid_status": "not finished yet", "NUMPOINTS": 1.0, "GRID_ID": "856-1" }, "geometry": { "type": "Polygon", "coordinates": [ [ [ -47.209, -22.6823272 ], [ -47.109, -22.6823272 ], [ -47.109, -22.5823272 ], [ -47.209, -22.5823272 ], [ -47.209, -22.6823272 ] ] ] } },
{ "type": "Feature", "properties": { "fid": 711, "id": 857, "grid_status": "no point", "NUMPOINTS": 0.0, "GRID_ID": "857-1" }, "geometry": { "type": "Polygon", "coordinates": [ [ [ -47.309, -22.9823272 ], [ -47.209, -22.9823272 ], [ -47.209, -22.8823272 ], [ -47.309, -22.8823272 ], [ -47.309, -22.9823272 ] ] ] } },
{ "type": "Feature", "properties": { "fid": 712, "id": 857, "grid_status": "not finished yet", "NUMPOINTS": 1.0, "GRID_ID": "857-1" }, "geometry": { "type": "Polygon", "coordinates": [ [ [ -47.209, -22.9823272 ], [ -47.159, -22.9823272 ], [ -47.159, -22.9323272 ], [ -47.209, -22.9323272 ], [ -47.209, -22.9823272 ] ] ] } },
{ "type": "Feature", "properties": { "fid": 713, "id": 857, "grid_status": "not finished yet", "NUMPOINTS": 3.0, "GRID_ID": "857-1" }, "geometry": { "type": "Polygon", "coordinates": [ [ [ -47.159, -22.9823272 ], [ -47.109, -22.9823272 ], [ -47.109, -22.9323272 ], [ -47.159, -22.9323272 ], [ -47.159, -22.9823272 ] ] ] } },
{ "type": "Feature", "properties": { "fid": 714, "id": 857, "grid_status": "not finished yet", "NUMPOINTS": 6.0, "GRID_ID": "857-1" }, "geometry": { "type": "Polygon", "coordinates": [ [ [ -47.209, -22.9323272 ], [ -47.159, -22.9323272 ], [ -47.159, -22.8823272 ], [ -47.209, -22.8823272 ], [ -47.209, -22.9323272 ] ] ] } },
{ "type": "Feature", "properties": { "fid": 715, "id": 857, "grid_status": "not finished yet", "NUMPOINTS": 2.0, "GRID_ID": "857-1" }, "geometry": { "type": "Polygon", "coordinates": [ [ [ -47.159, -22.9323272 ], [ -47.109, -22.9323272 ], [ -47.109, -22.8823272 ], [ -47.159, -22.8823272 ], [ -47.159, -22.9323272 ] ] ] } },
{ "type": "Feature", "properties": { "fid": 716, "id": 857, "grid_status": "not finished yet", "NUMPOINTS": 8.0, "GRID_ID": "857-1" }, "geometry": { "type": "Polygon", "coordinates": [ [ [ -47.309, -22.8823272 ], [ -47.209, -22.8823272 ], [ -47.209, -22.7823272 ], [ -47.309, -22.7823272 ], [ -47.309, -22.8823272 ] ] ] } },
{ "type": "Feature", "properties": { "fid": 717, "id": 857, "grid_status": "not finished yet", "NUMPOINTS": 4.0, "GRID_ID": "857-1" }, "geometry": { "type": "Polygon", "coordinates": [ [ [ -47.209, -22.8823272 ], [ -47.109, -22.8823272 ], [ -47.109, -22.7823272 ], [ -47.209, -22.7823272 ], [ -47.209, -22.8823272 ] ] ] } },
{ "type": "Feature", "properties": { "fid": 718, "id": 858, "grid_status": "no point", "NUMPOINTS": 0.0, "GRID_ID": "858-1-1" }, "geometry": { "type": "Polygon", "coordinates": [ [ [ -47.309, -23.1823272 ], [ -47.259, -23.1823272 ], [ -47.259, -23.1323272 ], [ -47.309, -23.1323272 ], [ -47.309, -23.1823272 ] ] ] } },
{ "type": "Feature", "properties": { "fid": 719, "id": 858, "grid_status": "not finished yet", "NUMPOINTS": 2.0, "GRID_ID": "858-1-1" }, "geometry": { "type": "Polygon", "coordinates": [ [ [ -47.259, -23.1823272 ], [ -47.209, -23.1823272 ], [ -47.209, -23.1323272 ], [ -47.259, -23.1323272 ], [ -47.259, -23.1823272 ] ] ] } },
{ "type": "Feature", "properties": { "fid": 720, "id": 858, "grid_status": "no point", "NUMPOINTS": 0.0, "GRID_ID": "858-1-1" }, "geometry": { "type": "Polygon", "coordinates": [ [ [ -47.309, -23.1323272 ], [ -47.259, -23.1323272 ], [ -47.259, -23.0823272 ], [ -47.309, -23.0823272 ], [ -47.309, -23.1323272 ] ] ] } },
{ "type": "Feature", "properties": { "fid": 721, "id": 858, "grid_status": "not finished yet", "NUMPOINTS": 10.0, "GRID_ID": "858-1-1" }, "geometry": { "type": "Polygon", "coordinates": [ [ [ -47.259, -23.1323272 ], [ -47.209, -23.1323272 ], [ -47.209, -23.0823272 ], [ -47.259, -23.0823272 ], [ -47.259, -23.1323272 ] ] ] } },
{ "type": "Feature", "properties": { "fid": 722, "id": 858, "grid_status": "not finished yet", "NUMPOINTS": 7.0, "GRID_ID": "858-1-1" }, "geometry": { "type": "Polygon", "coordinates": [ [ [ -47.209, -23.1823272 ], [ -47.109, -23.1823272 ], [ -47.109, -23.0823272 ], [ -47.209, -23.0823272 ], [ -47.209, -23.1823272 ] ] ] } },
{ "type": "Feature", "properties": { "fid": 723, "id": 858, "grid_status": "not finished yet", "NUMPOINTS": 1.0, "GRID_ID": "858-1-1" }, "geometry": { "type": "Polygon", "coordinates": [ [ [ -47.309, -23.0823272 ], [ -47.209, -23.0823272 ], [ -47.209, -22.9823272 ], [ -47.309, -22.9823272 ], [ -47.309, -23.0823272 ] ] ] } },
{ "type": "Feature", "properties": { "fid": 724, "id": 858, "grid_status": "not finished yet", "NUMPOINTS": 1.0, "GRID_ID": "858-1-1" }, "geometry": { "type": "Polygon", "coordinates": [ [ [ -47.209, -23.0823272 ], [ -47.109, -23.0823272 ], [ -47.109, -22.9823272 ], [ -47.209, -22.9823272 ], [ -47.209, -23.0823272 ] ] ] } },
{ "type": "Feature", "properties": { "fid": 725, "id": 859, "grid_status": "not finished yet", "NUMPOINTS": 5.0, "GRID_ID": "859" }, "geometry": { "type": "MultiPolygon", "coordinates": [ [ [ [ -47.309, -23.1823272 ], [ -47.109, -23.1823272 ], [ -47.109, -23.3823272 ], [ -47.309, -23.3823272 ], [ -47.309, -23.1823272 ] ] ] ] } },
{ "type": "Feature", "properties": { "fid": 726, "id": 860, "grid_status": "not finished yet", "NUMPOINTS": 6.0, "GRID_ID": "860" }, "geometry": { "type": "MultiPolygon", "coordinates": [ [ [ [ -47.309, -23.3823272 ], [ -47.109, -23.3823272 ], [ -47.109, -23.5823272 ], [ -47.309, -23.5823272 ], [ -47.309, -23.3823272 ] ] ] ] } },
{ "type": "Feature", "properties": { "fid": 727, "id": 861, "grid_status": "no point", "NUMPOINTS": 0.0, "GRID_ID": "861" }, "geometry": { "type": "MultiPolygon", "coordinates": [ [ [ [ -47.309, -23.5823272 ], [ -47.109, -23.5823272 ], [ -47.109, -23.7823272 ], [ -47.309, -23.7823272 ], [ -47.309, -23.5823272 ] ] ] ] } },
{ "type": "Feature", "properties": { "fid": 728, "id": 862, "grid_status": "no point", "NUMPOINTS": 0.0, "GRID_ID": "862" }, "geometry": { "type": "MultiPolygon", "coordinates": [ [ [ [ -47.309, -23.7823272 ], [ -47.109, -23.7823272 ], [ -47.109, -23.9823272 ], [ -47.309, -23.9823272 ], [ -47.309, -23.7823272 ] ] ] ] } },
{ "type": "Feature", "properties": { "fid": 729, "id": 863, "grid_status": "no point", "NUMPOINTS": 0.0, "GRID_ID": "863" }, "geometry": { "type": "MultiPolygon", "coordinates": [ [ [ [ -47.309, -23.9823272 ], [ -47.109, -23.9823272 ], [ -47.109, -24.1823272 ], [ -47.309, -24.1823272 ], [ -47.309, -23.9823272 ] ] ] ] } },
{ "type": "Feature", "properties": { "fid": 730, "id": 864, "grid_status": "no point", "NUMPOINTS": 0.0, "GRID_ID": "864" }, "geometry": { "type": "MultiPolygon", "coordinates": [ [ [ [ -47.309, -24.1823272 ], [ -47.109, -24.1823272 ], [ -47.109, -24.3823272 ], [ -47.309, -24.3823272 ], [ -47.309, -24.1823272 ] ] ] ] } },
{ "type": "Feature", "properties": { "fid": 731, "id": 865, "grid_status": "no point", "NUMPOINTS": 0.0, "GRID_ID": "865" }, "geometry": { "type": "MultiPolygon", "coordinates": [ [ [ [ -47.309, -24.3823272 ], [ -47.109, -24.3823272 ], [ -47.109, -24.5823272 ], [ -47.309, -24.5823272 ], [ -47.309, -24.3823272 ] ] ] ] } },
{ "type": "Feature", "properties": { "fid": 732, "id": 866, "grid_status": "no point", "NUMPOINTS": 0.0, "GRID_ID": "866" }, "geometry": { "type": "MultiPolygon", "coordinates": [ [ [ [ -47.309, -24.5823272 ], [ -47.109, -24.5823272 ], [ -47.109, -24.7823272 ], [ -47.309, -24.7823272 ], [ -47.309, -24.5823272 ] ] ] ] } },
{ "type": "Feature", "properties": { "fid": 733, "id": 867, "grid_status": "no point", "NUMPOINTS": 0.0, "GRID_ID": "867" }, "geometry": { "type": "MultiPolygon", "coordinates": [ [ [ [ -47.309, -24.7823272 ], [ -47.109, -24.7823272 ], [ -47.109, -24.9823272 ], [ -47.309, -24.9823272 ], [ -47.309, -24.7823272 ] ] ] ] } },
{ "type": "Feature", "properties": { "fid": 734, "id": 868, "grid_status": "no point", "NUMPOINTS": 0.0, "GRID_ID": "868" }, "geometry": { "type": "MultiPolygon", "coordinates": [ [ [ [ -47.309, -24.9823272 ], [ -47.109, -24.9823272 ], [ -47.109, -25.1823272 ], [ -47.309, -25.1823272 ], [ -47.309, -24.9823272 ] ] ] ] } },
{ "type": "Feature", "properties": { "fid": 735, "id": 839, "grid_status": "no point", "NUMPOINTS": 0.0, "GRID_ID": "839" }, "geometry": { "type": "MultiPolygon", "coordinates": [ [ [ [ -47.509, -24.9823272 ], [ -47.309, -24.9823272 ], [ -47.309, -25.1823272 ], [ -47.509, -25.1823272 ], [ -47.509, -24.9823272 ] ] ] ] } },
{ "type": "Feature", "properties": { "fid": 736, "id": 840, "grid_status": "no point", "NUMPOINTS": 0.0, "GRID_ID": "840" }, "geometry": { "type": "MultiPolygon", "coordinates": [ [ [ [ -47.509, -25.1823272 ], [ -47.309, -25.1823272 ], [ -47.309, -25.3823272 ], [ -47.509, -25.3823272 ], [ -47.509, -25.1823272 ] ] ] ] } },
{ "type": "Feature", "properties": { "fid": 737, "id": 843, "grid_status": "no point", "NUMPOINTS": 0.0, "GRID_ID": "843" }, "geometry": { "type": "MultiPolygon", "coordinates": [ [ [ [ -47.309, -19.9823272 ], [ -47.109, -19.9823272 ], [ -47.109, -20.1823272 ], [ -47.309, -20.1823272 ], [ -47.309, -19.9823272 ] ] ] ] } },
{ "type": "Feature", "properties": { "fid": 738, "id": 844, "grid_status": "no point", "NUMPOINTS": 0.0, "GRID_ID": "844" }, "geometry": { "type": "MultiPolygon", "coordinates": [ [ [ [ -47.309, -20.1823272 ], [ -47.109, -20.1823272 ], [ -47.109, -20.3823272 ], [ -47.309, -20.3823272 ], [ -47.309, -20.1823272 ] ] ] ] } },
{ "type": "Feature", "properties": { "fid": 739, "id": 845, "grid_status": "not finished yet", "NUMPOINTS": 1.0, "GRID_ID": "845" }, "geometry": { "type": "MultiPolygon", "coordinates": [ [ [ [ -47.309, -20.3823272 ], [ -47.109, -20.3823272 ], [ -47.109, -20.5823272 ], [ -47.309, -20.5823272 ], [ -47.309, -20.3823272 ] ] ] ] } },
{ "type": "Feature", "properties": { "fid": 740, "id": 846, "grid_status": "no point", "NUMPOINTS": 0.0, "GRID_ID": "846" }, "geometry": { "type": "MultiPolygon", "coordinates": [ [ [ [ -47.309, -20.5823272 ], [ -47.109, -20.5823272 ], [ -47.109, -20.7823272 ], [ -47.309, -20.7823272 ], [ -47.309, -20.5823272 ] ] ] ] } },
{ "type": "Feature", "properties": { "fid": 741, "id": 847, "grid_status": "no point", "NUMPOINTS": 0.0, "GRID_ID": "847" }, "geometry": { "type": "MultiPolygon", "coordinates": [ [ [ [ -47.309, -20.7823272 ], [ -47.109, -20.7823272 ], [ -47.109, -20.9823272 ], [ -47.309, -20.9823272 ], [ -47.309, -20.7823272 ] ] ] ] } },
{ "type": "Feature", "properties": { "fid": 742, "id": 848, "grid_status": "no point", "NUMPOINTS": 0.0, "GRID_ID": "848" }, "geometry": { "type": "MultiPolygon", "coordinates": [ [ [ [ -47.309, -20.9823272 ], [ -47.109, -20.9823272 ], [ -47.109, -21.1823272 ], [ -47.309, -21.1823272 ], [ -47.309, -20.9823272 ] ] ] ] } },
{ "type": "Feature", "properties": { "fid": 743, "id": 849, "grid_status": "no point", "NUMPOINTS": 0.0, "GRID_ID": "849" }, "geometry": { "type": "MultiPolygon", "coordinates": [ [ [ [ -47.309, -21.1823272 ], [ -47.109, -21.1823272 ], [ -47.109, -21.3823272 ], [ -47.309, -21.3823272 ], [ -47.309, -21.1823272 ] ] ] ] } },
{ "type": "Feature", "properties": { "fid": 744, "id": 850, "grid_status": "no point", "NUMPOINTS": 0.0, "GRID_ID": "850" }, "geometry": { "type": "MultiPolygon", "coordinates": [ [ [ [ -47.309, -21.3823272 ], [ -47.109, -21.3823272 ], [ -47.109, -21.5823272 ], [ -47.309, -21.5823272 ], [ -47.309, -21.3823272 ] ] ] ] } },
{ "type": "Feature", "properties": { "fid": 745, "id": 851, "grid_status": "no point", "NUMPOINTS": 0.0, "GRID_ID": "851" }, "geometry": { "type": "MultiPolygon", "coordinates": [ [ [ [ -47.309, -21.5823272 ], [ -47.109, -21.5823272 ], [ -47.109, -21.7823272 ], [ -47.309, -21.7823272 ], [ -47.309, -21.5823272 ] ] ] ] } },
{ "type": "Feature", "properties": { "fid": 746, "id": 852, "grid_status": "not finished yet", "NUMPOINTS": 1.0, "GRID_ID": "852" }, "geometry": { "type": "MultiPolygon", "coordinates": [ [ [ [ -47.309, -21.7823272 ], [ -47.109, -21.7823272 ], [ -47.109, -21.9823272 ], [ -47.309, -21.9823272 ], [ -47.309, -21.7823272 ] ] ] ] } },
{ "type": "Feature", "properties": { "fid": 747, "id": 853, "grid_status": "no point", "NUMPOINTS": 0.0, "GRID_ID": "853" }, "geometry": { "type": "MultiPolygon", "coordinates": [ [ [ [ -47.309, -21.9823272 ], [ -47.109, -21.9823272 ], [ -47.109, -22.1823272 ], [ -47.309, -22.1823272 ], [ -47.309, -21.9823272 ] ] ] ] } },
{ "type": "Feature", "properties": { "fid": 748, "id": 854, "grid_status": "no point", "NUMPOINTS": 0.0, "GRID_ID": "854" }, "geometry": { "type": "MultiPolygon", "coordinates": [ [ [ [ -47.309, -22.1823272 ], [ -47.109, -22.1823272 ], [ -47.109, -22.3823272 ], [ -47.309, -22.3823272 ], [ -47.309, -22.1823272 ] ] ] ] } },
{ "type": "Feature", "properties": { "fid": 749, "id": 887, "grid_status": "not finished yet", "NUMPOINTS": 1.0, "GRID_ID": "887-1" }, "geometry": { "type": "Polygon", "coordinates": [ [ [ -47.109, -23.1823272 ], [ -47.009, -23.1823272 ], [ -47.009, -23.0823272 ], [ -47.109, -23.0823272 ], [ -47.109, -23.1823272 ] ] ] } },
{ "type": "Feature", "properties": { "fid": 750, "id": 887, "grid_status": "not finished yet", "NUMPOINTS": 8.0, "GRID_ID": "887-1" }, "geometry": { "type": "Polygon", "coordinates": [ [ [ -47.009, -23.1823272 ], [ -46.909, -23.1823272 ], [ -46.909, -23.0823272 ], [ -47.009, -23.0823272 ], [ -47.009, -23.1823272 ] ] ] } },
{ "type": "Feature", "properties": { "fid": 751, "id": 887, "grid_status": "not finished yet", "NUMPOINTS": 5.0, "GRID_ID": "887-1" }, "geometry": { "type": "Polygon", "coordinates": [ [ [ -47.109, -23.0823272 ], [ -47.009, -23.0823272 ], [ -47.009, -22.9823272 ], [ -47.109, -22.9823272 ], [ -47.109, -23.0823272 ] ] ] } },
{ "type": "Feature", "properties": { "fid": 752, "id": 887, "grid_status": "not finished yet", "NUMPOINTS": 3.0, "GRID_ID": "887-1" }, "geometry": { "type": "Polygon", "coordinates": [ [ [ -47.009, -23.0823272 ], [ -46.909, -23.0823272 ], [ -46.909, -22.9823272 ], [ -47.009, -22.9823272 ], [ -47.009, -23.0823272 ] ] ] } },
{ "type": "Feature", "properties": { "fid": 753, "id": 888, "grid_status": "not finished yet", "NUMPOINTS": 4.0, "GRID_ID": "888" }, "geometry": { "type": "MultiPolygon", "coordinates": [ [ [ [ -47.109, -23.1823272 ], [ -46.909, -23.1823272 ], [ -46.909, -23.3823272 ], [ -47.109, -23.3823272 ], [ -47.109, -23.1823272 ] ] ] ] } },
{ "type": "Feature", "properties": { "fid": 754, "id": 889, "grid_status": "not finished yet", "NUMPOINTS": 4.0, "GRID_ID": "889" }, "geometry": { "type": "MultiPolygon", "coordinates": [ [ [ [ -47.109, -23.3823272 ], [ -46.909, -23.3823272 ], [ -46.909, -23.5823272 ], [ -47.109, -23.5823272 ], [ -47.109, -23.3823272 ] ] ] ] } },
{ "type": "Feature", "properties": { "fid": 755, "id": 890, "grid_status": "no point", "NUMPOINTS": 0.0, "GRID_ID": "890" }, "geometry": { "type": "MultiPolygon", "coordinates": [ [ [ [ -47.109, -23.5823272 ], [ -46.909, -23.5823272 ], [ -46.909, -23.7823272 ], [ -47.109, -23.7823272 ], [ -47.109, -23.5823272 ] ] ] ] } },
{ "type": "Feature", "properties": { "fid": 756, "id": 891, "grid_status": "not finished yet", "NUMPOINTS": 1.0, "GRID_ID": "891" }, "geometry": { "type": "MultiPolygon", "coordinates": [ [ [ [ -47.109, -23.7823272 ], [ -46.909, -23.7823272 ], [ -46.909, -23.9823272 ], [ -47.109, -23.9823272 ], [ -47.109, -23.7823272 ] ] ] ] } },
{ "type": "Feature", "properties": { "fid": 757, "id": 892, "grid_status": "no point", "NUMPOINTS": 0.0, "GRID_ID": "892" }, "geometry": { "type": "MultiPolygon", "coordinates": [ [ [ [ -47.109, -23.9823272 ], [ -46.909, -23.9823272 ], [ -46.909, -24.1823272 ], [ -47.109, -24.1823272 ], [ -47.109, -23.9823272 ] ] ] ] } },
{ "type": "Feature", "properties": { "fid": 758, "id": 893, "grid_status": "not finished yet", "NUMPOINTS": 2.0, "GRID_ID": "893" }, "geometry": { "type": "MultiPolygon", "coordinates": [ [ [ [ -47.109, -24.1823272 ], [ -46.909, -24.1823272 ], [ -46.909, -24.3823272 ], [ -47.109, -24.3823272 ], [ -47.109, -24.1823272 ] ] ] ] } },
{ "type": "Feature", "properties": { "fid": 759, "id": 894, "grid_status": "no point", "NUMPOINTS": 0.0, "GRID_ID": "894" }, "geometry": { "type": "MultiPolygon", "coordinates": [ [ [ [ -47.109, -24.3823272 ], [ -46.909, -24.3823272 ], [ -46.909, -24.5823272 ], [ -47.109, -24.5823272 ], [ -47.109, -24.3823272 ] ] ] ] } },
{ "type": "Feature", "properties": { "fid": 760, "id": 895, "grid_status": "no point", "NUMPOINTS": 0.0, "GRID_ID": "895" }, "geometry": { "type": "MultiPolygon", "coordinates": [ [ [ [ -47.109, -24.5823272 ], [ -46.909, -24.5823272 ], [ -46.909, -24.7823272 ], [ -47.109, -24.7823272 ], [ -47.109, -24.5823272 ] ] ] ] } },
{ "type": "Feature", "properties": { "fid": 761, "id": 896, "grid_status": "no point", "NUMPOINTS": 0.0, "GRID_ID": "896" }, "geometry": { "type": "MultiPolygon", "coordinates": [ [ [ [ -47.109, -24.7823272 ], [ -46.909, -24.7823272 ], [ -46.909, -24.9823272 ], [ -47.109, -24.9823272 ], [ -47.109, -24.7823272 ] ] ] ] } },
{ "type": "Feature", "properties": { "fid": 762, "id": 897, "grid_status": "no point", "NUMPOINTS": 0.0, "GRID_ID": "897" }, "geometry": { "type": "MultiPolygon", "coordinates": [ [ [ [ -47.109, -24.9823272 ], [ -46.909, -24.9823272 ], [ -46.909, -25.1823272 ], [ -47.109, -25.1823272 ], [ -47.109, -24.9823272 ] ] ] ] } },
{ "type": "Feature", "properties": { "fid": 763, "id": 875, "grid_status": "no point", "NUMPOINTS": 0.0, "GRID_ID": "875" }, "geometry": { "type": "MultiPolygon", "coordinates": [ [ [ [ -47.109, -20.5823272 ], [ -46.909, -20.5823272 ], [ -46.909, -20.7823272 ], [ -47.109, -20.7823272 ], [ -47.109, -20.5823272 ] ] ] ] } },
{ "type": "Feature", "properties": { "fid": 764, "id": 878, "grid_status": "no point", "NUMPOINTS": 0.0, "GRID_ID": "878" }, "geometry": { "type": "MultiPolygon", "coordinates": [ [ [ [ -47.109, -21.1823272 ], [ -46.909, -21.1823272 ], [ -46.909, -21.3823272 ], [ -47.109, -21.3823272 ], [ -47.109, -21.1823272 ] ] ] ] } },
{ "type": "Feature", "properties": { "fid": 765, "id": 879, "grid_status": "no point", "NUMPOINTS": 0.0, "GRID_ID": "879" }, "geometry": { "type": "MultiPolygon", "coordinates": [ [ [ [ -47.109, -21.3823272 ], [ -46.909, -21.3823272 ], [ -46.909, -21.5823272 ], [ -47.109, -21.5823272 ], [ -47.109, -21.3823272 ] ] ] ] } },
{ "type": "Feature", "properties": { "fid": 766, "id": 880, "grid_status": "no point", "NUMPOINTS": 0.0, "GRID_ID": "880" }, "geometry": { "type": "MultiPolygon", "coordinates": [ [ [ [ -47.109, -21.5823272 ], [ -46.909, -21.5823272 ], [ -46.909, -21.7823272 ], [ -47.109, -21.7823272 ], [ -47.109, -21.5823272 ] ] ] ] } },
{ "type": "Feature", "properties": { "fid": 767, "id": 881, "grid_status": "no point", "NUMPOINTS": 0.0, "GRID_ID": "881" }, "geometry": { "type": "MultiPolygon", "coordinates": [ [ [ [ -47.109, -21.7823272 ], [ -46.909, -21.7823272 ], [ -46.909, -21.9823272 ], [ -47.109, -21.9823272 ], [ -47.109, -21.7823272 ] ] ] ] } },
{ "type": "Feature", "properties": { "fid": 768, "id": 882, "grid_status": "not finished yet", "NUMPOINTS": 5.0, "GRID_ID": "882" }, "geometry": { "type": "MultiPolygon", "coordinates": [ [ [ [ -47.109, -21.9823272 ], [ -46.909, -21.9823272 ], [ -46.909, -22.1823272 ], [ -47.109, -22.1823272 ], [ -47.109, -21.9823272 ] ] ] ] } },
{ "type": "Feature", "properties": { "fid": 769, "id": 883, "grid_status": "not finished yet", "NUMPOINTS": 4.0, "GRID_ID": "883" }, "geometry": { "type": "MultiPolygon", "coordinates": [ [ [ [ -47.109, -22.1823272 ], [ -46.909, -22.1823272 ], [ -46.909, -22.3823272 ], [ -47.109, -22.3823272 ], [ -47.109, -22.1823272 ] ] ] ] } },
{ "type": "Feature", "properties": { "fid": 770, "id": 884, "grid_status": "not finished yet", "NUMPOINTS": 2.0, "GRID_ID": "884" }, "geometry": { "type": "MultiPolygon", "coordinates": [ [ [ [ -47.109, -22.3823272 ], [ -46.909, -22.3823272 ], [ -46.909, -22.5823272 ], [ -47.109, -22.5823272 ], [ -47.109, -22.3823272 ] ] ] ] } },
{ "type": "Feature", "properties": { "fid": 771, "id": 885, "grid_status": "no point", "NUMPOINTS": 0.0, "GRID_ID": "885" }, "geometry": { "type": "MultiPolygon", "coordinates": [ [ [ [ -47.109, -22.5823272 ], [ -46.909, -22.5823272 ], [ -46.909, -22.7823272 ], [ -47.109, -22.7823272 ], [ -47.109, -22.5823272 ] ] ] ] } },
{ "type": "Feature", "properties": { "fid": 772, "id": 886, "grid_status": "not finished yet", "NUMPOINTS": 1.0, "GRID_ID": "886-1-1" }, "geometry": { "type": "Polygon", "coordinates": [ [ [ -47.109, -22.9823272 ], [ -47.059, -22.9823272 ], [ -47.059, -22.9323272 ], [ -47.109, -22.9323272 ], [ -47.109, -22.9823272 ] ] ] } },
{ "type": "Feature", "properties": { "fid": 773, "id": 886, "grid_status": "not finished yet", "NUMPOINTS": 2.0, "GRID_ID": "886-1-1" }, "geometry": { "type": "Polygon", "coordinates": [ [ [ -47.059, -22.9823272 ], [ -47.009, -22.9823272 ], [ -47.009, -22.9323272 ], [ -47.059, -22.9323272 ], [ -47.059, -22.9823272 ] ] ] } },
{ "type": "Feature", "properties": { "fid": 774, "id": 886, "grid_status": "not finished yet", "NUMPOINTS": 32.0, "GRID_ID": "886-1-1" }, "geometry": { "type": "Polygon", "coordinates": [ [ [ -47.109, -22.9323272 ], [ -47.059, -22.9323272 ], [ -47.059, -22.8823272 ], [ -47.109, -22.8823272 ], [ -47.109, -22.9323272 ] ] ] } },
{ "type": "Feature", "properties": { "fid": 775, "id": 886, "grid_status": "not finished yet", "NUMPOINTS": 11.0, "GRID_ID": "886-1-1" }, "geometry": { "type": "Polygon", "coordinates": [ [ [ -47.059, -22.9323272 ], [ -47.009, -22.9323272 ], [ -47.009, -22.8823272 ], [ -47.059, -22.8823272 ], [ -47.059, -22.9323272 ] ] ] } },
{ "type": "Feature", "properties": { "fid": 776, "id": 886, "grid_status": "not finished yet", "NUMPOINTS": 4.0, "GRID_ID": "886-1-1" }, "geometry": { "type": "Polygon", "coordinates": [ [ [ -47.009, -22.9823272 ], [ -46.959, -22.9823272 ], [ -46.959, -22.9323272 ], [ -47.009, -22.9323272 ], [ -47.009, -22.9823272 ] ] ] } },
{ "type": "Feature", "properties": { "fid": 777, "id": 886, "grid_status": "no point", "NUMPOINTS": 0.0, "GRID_ID": "886-1-1" }, "geometry": { "type": "Polygon", "coordinates": [ [ [ -46.959, -22.9823272 ], [ -46.909, -22.9823272 ], [ -46.909, -22.9323272 ], [ -46.959, -22.9323272 ], [ -46.959, -22.9823272 ] ] ] } },
{ "type": "Feature", "properties": { "fid": 778, "id": 886, "grid_status": "not finished yet", "NUMPOINTS": 12.0, "GRID_ID": "886-1-1" }, "geometry": { "type": "Polygon", "coordinates": [ [ [ -47.009, -22.9323272 ], [ -46.959, -22.9323272 ], [ -46.959, -22.8823272 ], [ -47.009, -22.8823272 ], [ -47.009, -22.9323272 ] ] ] } },
{ "type": "Feature", "properties": { "fid": 779, "id": 886, "grid_status": "no point", "NUMPOINTS": 0.0, "GRID_ID": "886-1-1" }, "geometry": { "type": "Polygon", "coordinates": [ [ [ -46.959, -22.9323272 ], [ -46.909, -22.9323272 ], [ -46.909, -22.8823272 ], [ -46.959, -22.8823272 ], [ -46.959, -22.9323272 ] ] ] } },
{ "type": "Feature", "properties": { "fid": 780, "id": 886, "grid_status": "not finished yet", "NUMPOINTS": 25.0, "GRID_ID": "886-1-1" }, "geometry": { "type": "Polygon", "coordinates": [ [ [ -47.109, -22.8823272 ], [ -47.059, -22.8823272 ], [ -47.059, -22.8323272 ], [ -47.109, -22.8323272 ], [ -47.109, -22.8823272 ] ] ] } },
{ "type": "Feature", "properties": { "fid": 781, "id": 886, "grid_status": "not finished yet", "NUMPOINTS": 6.0, "GRID_ID": "886-1-1" }, "geometry": { "type": "Polygon", "coordinates": [ [ [ -47.059, -22.8823272 ], [ -47.009, -22.8823272 ], [ -47.009, -22.8323272 ], [ -47.059, -22.8323272 ], [ -47.059, -22.8823272 ] ] ] } },
{ "type": "Feature", "properties": { "fid": 782, "id": 886, "grid_status": "not finished yet", "NUMPOINTS": 9.0, "GRID_ID": "886-1-1" }, "geometry": { "type": "Polygon", "coordinates": [ [ [ -47.109, -22.8323272 ], [ -47.059, -22.8323272 ], [ -47.059, -22.7823272 ], [ -47.109, -22.7823272 ], [ -47.109, -22.8323272 ] ] ] } },
{ "type": "Feature", "properties": { "fid": 783, "id": 886, "grid_status": "not finished yet", "NUMPOINTS": 2.0, "GRID_ID": "886-1-1" }, "geometry": { "type": "Polygon", "coordinates": [ [ [ -47.059, -22.8323272 ], [ -47.009, -22.8323272 ], [ -47.009, -22.7823272 ], [ -47.059, -22.7823272 ], [ -47.059, -22.8323272 ] ] ] } },
{ "type": "Feature", "properties": { "fid": 784, "id": 886, "grid_status": "not finished yet", "NUMPOINTS": 10.0, "GRID_ID": "886-1-1" }, "geometry": { "type": "Polygon", "coordinates": [ [ [ -47.009, -22.8823272 ], [ -46.909, -22.8823272 ], [ -46.909, -22.7823272 ], [ -47.009, -22.7823272 ], [ -47.009, -22.8823272 ] ] ] } },
{ "type": "Feature", "properties": { "fid": 785, "id": 1058, "grid_status": "no point", "NUMPOINTS": 0.0, "GRID_ID": "1058" }, "geometry": { "type": "MultiPolygon", "coordinates": [ [ [ [ -45.909, -22.3823272 ], [ -45.709, -22.3823272 ], [ -45.709, -22.5823272 ], [ -45.909, -22.5823272 ], [ -45.909, -22.3823272 ] ] ] ] } },
{ "type": "Feature", "properties": { "fid": 786, "id": 1059, "grid_status": "no point", "NUMPOINTS": 0.0, "GRID_ID": "1059" }, "geometry": { "type": "MultiPolygon", "coordinates": [ [ [ [ -45.909, -22.5823272 ], [ -45.709, -22.5823272 ], [ -45.709, -22.7823272 ], [ -45.909, -22.7823272 ], [ -45.909, -22.5823272 ] ] ] ] } },
{ "type": "Feature", "properties": { "fid": 787, "id": 1060, "grid_status": "no point", "NUMPOINTS": 0.0, "GRID_ID": "1060" }, "geometry": { "type": "MultiPolygon", "coordinates": [ [ [ [ -45.909, -22.7823272 ], [ -45.709, -22.7823272 ], [ -45.709, -22.9823272 ], [ -45.909, -22.9823272 ], [ -45.909, -22.7823272 ] ] ] ] } },
{ "type": "Feature", "properties": { "fid": 788, "id": 1061, "grid_status": "not finished yet", "NUMPOINTS": 1.0, "GRID_ID": "1061" }, "geometry": { "type": "MultiPolygon", "coordinates": [ [ [ [ -45.909, -22.9823272 ], [ -45.709, -22.9823272 ], [ -45.709, -23.1823272 ], [ -45.909, -23.1823272 ], [ -45.909, -22.9823272 ] ] ] ] } },
{ "type": "Feature", "properties": { "fid": 789, "id": 1062, "grid_status": "no point", "NUMPOINTS": 0.0, "GRID_ID": "1062" }, "geometry": { "type": "MultiPolygon", "coordinates": [ [ [ [ -45.909, -23.1823272 ], [ -45.709, -23.1823272 ], [ -45.709, -23.3823272 ], [ -45.909, -23.3823272 ], [ -45.909, -23.1823272 ] ] ] ] } },
{ "type": "Feature", "properties": { "fid": 790, "id": 14, "grid_status": "no point", "NUMPOINTS": 0.0, "GRID_ID": "14" }, "geometry": { "type": "MultiPolygon", "coordinates": [ [ [ [ -53.109, -22.3823272 ], [ -52.909, -22.3823272 ], [ -52.909, -22.5823272 ], [ -53.109, -22.5823272 ], [ -53.109, -22.3823272 ] ] ] ] } },
{ "type": "Feature", "properties": { "fid": 791, "id": 1031, "grid_status": "not finished yet", "NUMPOINTS": 1.0, "GRID_ID": "1031" }, "geometry": { "type": "MultiPolygon", "coordinates": [ [ [ [ -46.109, -22.7823272 ], [ -45.909, -22.7823272 ], [ -45.909, -22.9823272 ], [ -46.109, -22.9823272 ], [ -46.109, -22.7823272 ] ] ] ] } },
{ "type": "Feature", "properties": { "fid": 792, "id": 15, "grid_status": "no point", "NUMPOINTS": 0.0, "GRID_ID": "15" }, "geometry": { "type": "MultiPolygon", "coordinates": [ [ [ [ -53.109, -22.5823272 ], [ -52.909, -22.5823272 ], [ -52.909, -22.7823272 ], [ -53.109, -22.7823272 ], [ -53.109, -22.5823272 ] ] ] ] } },
{ "type": "Feature", "properties": { "fid": 793, "id": 1032, "grid_status": "no point", "NUMPOINTS": 0.0, "GRID_ID": "1032" }, "geometry": { "type": "MultiPolygon", "coordinates": [ [ [ [ -46.109, -22.9823272 ], [ -45.909, -22.9823272 ], [ -45.909, -23.1823272 ], [ -46.109, -23.1823272 ], [ -46.109, -22.9823272 ] ] ] ] } },
{ "type": "Feature", "properties": { "fid": 794, "id": 1033, "grid_status": "no point", "NUMPOINTS": 0.0, "GRID_ID": "1033" }, "geometry": { "type": "MultiPolygon", "coordinates": [ [ [ [ -46.109, -23.1823272 ], [ -45.909, -23.1823272 ], [ -45.909, -23.3823272 ], [ -46.109, -23.3823272 ], [ -46.109, -23.1823272 ] ] ] ] } },
{ "type": "Feature", "properties": { "fid": 795, "id": 1034, "grid_status": "no point", "NUMPOINTS": 0.0, "GRID_ID": "1034" }, "geometry": { "type": "MultiPolygon", "coordinates": [ [ [ [ -46.109, -23.3823272 ], [ -45.909, -23.3823272 ], [ -45.909, -23.5823272 ], [ -46.109, -23.5823272 ], [ -46.109, -23.3823272 ] ] ] ] } },
{ "type": "Feature", "properties": { "fid": 796, "id": 1035, "grid_status": "no point", "NUMPOINTS": 0.0, "GRID_ID": "1035" }, "geometry": { "type": "MultiPolygon", "coordinates": [ [ [ [ -46.109, -23.5823272 ], [ -45.909, -23.5823272 ], [ -45.909, -23.7823272 ], [ -46.109, -23.7823272 ], [ -46.109, -23.5823272 ] ] ] ] } },
{ "type": "Feature", "properties": { "fid": 797, "id": 1036, "grid_status": "no point", "NUMPOINTS": 0.0, "GRID_ID": "1036" }, "geometry": { "type": "MultiPolygon", "coordinates": [ [ [ [ -46.109, -23.7823272 ], [ -45.909, -23.7823272 ], [ -45.909, -23.9823272 ], [ -46.109, -23.9823272 ], [ -46.109, -23.7823272 ] ] ] ] } },
{ "type": "Feature", "properties": { "fid": 798, "id": 1037, "grid_status": "no point", "NUMPOINTS": 0.0, "GRID_ID": "1037" }, "geometry": { "type": "MultiPolygon", "coordinates": [ [ [ [ -46.109, -23.9823272 ], [ -45.909, -23.9823272 ], [ -45.909, -24.1823272 ], [ -46.109, -24.1823272 ], [ -46.109, -23.9823272 ] ] ] ] } },
{ "type": "Feature", "properties": { "fid": 799, "id": 1038, "grid_status": "no point", "NUMPOINTS": 0.0, "GRID_ID": "1038" }, "geometry": { "type": "MultiPolygon", "coordinates": [ [ [ [ -46.109, -24.1823272 ], [ -45.909, -24.1823272 ], [ -45.909, -24.3823272 ], [ -46.109, -24.3823272 ], [ -46.109, -24.1823272 ] ] ] ] } },
{ "type": "Feature", "properties": { "fid": 800, "id": 1039, "grid_status": "no point", "NUMPOINTS": 0.0, "GRID_ID": "1039" }, "geometry": { "type": "MultiPolygon", "coordinates": [ [ [ [ -46.109, -24.3823272 ], [ -45.909, -24.3823272 ], [ -45.909, -24.5823272 ], [ -46.109, -24.5823272 ], [ -46.109, -24.3823272 ] ] ] ] } },
{ "type": "Feature", "properties": { "fid": 801, "id": 1087, "grid_status": "no point", "NUMPOINTS": 0.0, "GRID_ID": "1087" }, "geometry": { "type": "MultiPolygon", "coordinates": [ [ [ [ -45.709, -22.3823272 ], [ -45.509, -22.3823272 ], [ -45.509, -22.5823272 ], [ -45.709, -22.5823272 ], [ -45.709, -22.3823272 ] ] ] ] } },
{ "type": "Feature", "properties": { "fid": 802, "id": 1088, "grid_status": "not finished yet", "NUMPOINTS": 2.0, "GRID_ID": "1088" }, "geometry": { "type": "MultiPolygon", "coordinates": [ [ [ [ -45.709, -22.5823272 ], [ -45.509, -22.5823272 ], [ -45.509, -22.7823272 ], [ -45.709, -22.7823272 ], [ -45.709, -22.5823272 ] ] ] ] } },
{ "type": "Feature", "properties": { "fid": 803, "id": 1089, "grid_status": "no point", "NUMPOINTS": 0.0, "GRID_ID": "1089" }, "geometry": { "type": "MultiPolygon", "coordinates": [ [ [ [ -45.709, -22.7823272 ], [ -45.509, -22.7823272 ], [ -45.509, -22.9823272 ], [ -45.709, -22.9823272 ], [ -45.709, -22.7823272 ] ] ] ] } },
{ "type": "Feature", "properties": { "fid": 804, "id": 1090, "grid_status": "no point", "NUMPOINTS": 0.0, "GRID_ID": "1090" }, "geometry": { "type": "MultiPolygon", "coordinates": [ [ [ [ -45.709, -22.9823272 ], [ -45.509, -22.9823272 ], [ -45.509, -23.1823272 ], [ -45.709, -23.1823272 ], [ -45.709, -22.9823272 ] ] ] ] } },
{ "type": "Feature", "properties": { "fid": 805, "id": 42, "grid_status": "no point", "NUMPOINTS": 0.0, "GRID_ID": "42" }, "geometry": { "type": "MultiPolygon", "coordinates": [ [ [ [ -52.909, -22.1823272 ], [ -52.709, -22.1823272 ], [ -52.709, -22.3823272 ], [ -52.909, -22.3823272 ], [ -52.909, -22.1823272 ] ] ] ] } },
{ "type": "Feature", "properties": { "fid": 806, "id": 1091, "grid_status": "no point", "NUMPOINTS": 0.0, "GRID_ID": "1091" }, "geometry": { "type": "MultiPolygon", "coordinates": [ [ [ [ -45.709, -23.1823272 ], [ -45.509, -23.1823272 ], [ -45.509, -23.3823272 ], [ -45.709, -23.3823272 ], [ -45.709, -23.1823272 ] ] ] ] } },
{ "type": "Feature", "properties": { "fid": 807, "id": 43, "grid_status": "no point", "NUMPOINTS": 0.0, "GRID_ID": "43" }, "geometry": { "type": "MultiPolygon", "coordinates": [ [ [ [ -52.909, -22.3823272 ], [ -52.709, -22.3823272 ], [ -52.709, -22.5823272 ], [ -52.909, -22.5823272 ], [ -52.909, -22.3823272 ] ] ] ] } },
{ "type": "Feature", "properties": { "fid": 808, "id": 1092, "grid_status": "no point", "NUMPOINTS": 0.0, "GRID_ID": "1092" }, "geometry": { "type": "MultiPolygon", "coordinates": [ [ [ [ -45.709, -23.3823272 ], [ -45.509, -23.3823272 ], [ -45.509, -23.5823272 ], [ -45.709, -23.5823272 ], [ -45.709, -23.3823272 ] ] ] ] } },
{ "type": "Feature", "properties": { "fid": 809, "id": 44, "grid_status": "no point", "NUMPOINTS": 0.0, "GRID_ID": "44" }, "geometry": { "type": "MultiPolygon", "coordinates": [ [ [ [ -52.909, -22.5823272 ], [ -52.709, -22.5823272 ], [ -52.709, -22.7823272 ], [ -52.909, -22.7823272 ], [ -52.909, -22.5823272 ] ] ] ] } },
{ "type": "Feature", "properties": { "fid": 810, "id": 1093, "grid_status": "no point", "NUMPOINTS": 0.0, "GRID_ID": "1093" }, "geometry": { "type": "MultiPolygon", "coordinates": [ [ [ [ -45.709, -23.5823272 ], [ -45.509, -23.5823272 ], [ -45.509, -23.7823272 ], [ -45.709, -23.7823272 ], [ -45.709, -23.5823272 ] ] ] ] } },
{ "type": "Feature", "properties": { "fid": 811, "id": 1094, "grid_status": "not finished yet", "NUMPOINTS": 1.0, "GRID_ID": "1094" }, "geometry": { "type": "MultiPolygon", "coordinates": [ [ [ [ -45.709, -23.7823272 ], [ -45.509, -23.7823272 ], [ -45.509, -23.9823272 ], [ -45.709, -23.9823272 ], [ -45.709, -23.7823272 ] ] ] ] } },
{ "type": "Feature", "properties": { "fid": 812, "id": 1063, "grid_status": "no point", "NUMPOINTS": 0.0, "GRID_ID": "1063" }, "geometry": { "type": "MultiPolygon", "coordinates": [ [ [ [ -45.909, -23.3823272 ], [ -45.709, -23.3823272 ], [ -45.709, -23.5823272 ], [ -45.909, -23.5823272 ], [ -45.909, -23.3823272 ] ] ] ] } },
{ "type": "Feature", "properties": { "fid": 813, "id": 1064, "grid_status": "no point", "NUMPOINTS": 0.0, "GRID_ID": "1064" }, "geometry": { "type": "MultiPolygon", "coordinates": [ [ [ [ -45.909, -23.5823272 ], [ -45.709, -23.5823272 ], [ -45.709, -23.7823272 ], [ -45.909, -23.7823272 ], [ -45.909, -23.5823272 ] ] ] ] } },
{ "type": "Feature", "properties": { "fid": 814, "id": 1065, "grid_status": "no point", "NUMPOINTS": 0.0, "GRID_ID": "1065" }, "geometry": { "type": "MultiPolygon", "coordinates": [ [ [ [ -45.909, -23.7823272 ], [ -45.709, -23.7823272 ], [ -45.709, -23.9823272 ], [ -45.909, -23.9823272 ], [ -45.909, -23.7823272 ] ] ] ] } },
{ "type": "Feature", "properties": { "fid": 815, "id": 1066, "grid_status": "no point", "NUMPOINTS": 0.0, "GRID_ID": "1066" }, "geometry": { "type": "MultiPolygon", "coordinates": [ [ [ [ -45.909, -23.9823272 ], [ -45.709, -23.9823272 ], [ -45.709, -24.1823272 ], [ -45.909, -24.1823272 ], [ -45.909, -23.9823272 ] ] ] ] } },
{ "type": "Feature", "properties": { "fid": 816, "id": 1067, "grid_status": "no point", "NUMPOINTS": 0.0, "GRID_ID": "1067" }, "geometry": { "type": "MultiPolygon", "coordinates": [ [ [ [ -45.909, -24.1823272 ], [ -45.709, -24.1823272 ], [ -45.709, -24.3823272 ], [ -45.909, -24.3823272 ], [ -45.909, -24.1823272 ] ] ] ] } },
{ "type": "Feature", "properties": { "fid": 817, "id": 1068, "grid_status": "no point", "NUMPOINTS": 0.0, "GRID_ID": "1068" }, "geometry": { "type": "MultiPolygon", "coordinates": [ [ [ [ -45.909, -24.3823272 ], [ -45.709, -24.3823272 ], [ -45.709, -24.5823272 ], [ -45.909, -24.5823272 ], [ -45.909, -24.3823272 ] ] ] ] } }
]
}
