{
"type": "FeatureCollection",
"name": "all_gdb_leucena_pts_sp",
"crs": { "type": "name", "properties": { "name": "urn:ogc:def:crs:OGC:1.3:CRS84" } },
"features": [
{ "type": "Feature", "properties": { "fid": 1, "layer": "specieslink", "status": 0 }, "geometry": { "type": "Point", "coordinates": [ -46.630001, -23.540001, 0.0 ] } },
{ "type": "Feature", "properties": { "fid": 2, "layer": "specieslink", "status": 0 }, "geometry": { "type": "Point", "coordinates": [ -46.6287, -23.5441, 0.0 ] } },
{ "type": "Feature", "properties": { "fid": 3, "layer": "specieslink", "status": 0 }, "geometry": { "type": "Point", "coordinates": [ -49.060001373291001, -22.309999465942401, 0.0 ] } },
{ "type": "Feature", "properties": { "fid": 4, "layer": "specieslink", "status": 0 }, "geometry": { "type": "Point", "coordinates": [ -48.439998626708999, -22.879999160766602, 0.0 ] } },
{ "type": "Feature", "properties": { "fid": 5, "layer": "specieslink", "status": 0 }, "geometry": { "type": "Point", "coordinates": [ -48.222778, -20.024167, 0.0 ] } },
{ "type": "Feature", "properties": { "fid": 6, "layer": "specieslink", "status": 0 }, "geometry": { "type": "Point", "coordinates": [ -46.732139, -23.568833, 0.0 ] } },
{ "type": "Feature", "properties": { "fid": 7, "layer": "specieslink", "status": 0 }, "geometry": { "type": "Point", "coordinates": [ -46.732139, -23.568833, 0.0 ] } },
{ "type": "Feature", "properties": { "fid": 8, "layer": "specieslink", "status": 0 }, "geometry": { "type": "Point", "coordinates": [ -46.732139, -23.568833, 0.0 ] } },
{ "type": "Feature", "properties": { "fid": 9, "layer": "specieslink", "status": 0 }, "geometry": { "type": "Point", "coordinates": [ -46.6275, -23.5435, 0.0 ] } },
{ "type": "Feature", "properties": { "fid": 10, "layer": "specieslink", "status": 0 }, "geometry": { "type": "Point", "coordinates": [ -46.732139, -23.568833, 0.0 ] } },
{ "type": "Feature", "properties": { "fid": 11, "layer": "specieslink", "status": 0 }, "geometry": { "type": "Point", "coordinates": [ -46.732139, -23.568833, 0.0 ] } },
{ "type": "Feature", "properties": { "fid": 12, "layer": "specieslink", "status": 0 }, "geometry": { "type": "Point", "coordinates": [ -46.732139, -23.568833, 0.0 ] } },
{ "type": "Feature", "properties": { "fid": 13, "layer": "specieslink", "status": 0 }, "geometry": { "type": "Point", "coordinates": [ -46.732139, -23.568833, 0.0 ] } },
{ "type": "Feature", "properties": { "fid": 14, "layer": "specieslink", "status": 0 }, "geometry": { "type": "Point", "coordinates": [ -46.630001068115199, -23.540000915527301, 0.0 ] } },
{ "type": "Feature", "properties": { "fid": 15, "layer": "specieslink", "status": 0 }, "geometry": { "type": "Point", "coordinates": [ -46.630001068115199, -23.540000915527301, 0.0 ] } },
{ "type": "Feature", "properties": { "fid": 16, "layer": "specieslink", "status": 0 }, "geometry": { "type": "Point", "coordinates": [ -46.628056, -23.574722, 0.0 ] } },
{ "type": "Feature", "properties": { "fid": 17, "layer": "specieslink", "status": 0 }, "geometry": { "type": "Point", "coordinates": [ -46.700001, -22.610001, 0.0 ] } },
{ "type": "Feature", "properties": { "fid": 18, "layer": "specieslink", "status": 0 }, "geometry": { "type": "Point", "coordinates": [ -47.130001, -23.52, 0.0 ] } },
{ "type": "Feature", "properties": { "fid": 19, "layer": "specieslink", "status": 0 }, "geometry": { "type": "Point", "coordinates": [ -46.529999, -23.459999, 0.0 ] } },
{ "type": "Feature", "properties": { "fid": 20, "layer": "specieslink", "status": 0 }, "geometry": { "type": "Point", "coordinates": [ -46.630001, -23.540001, 0.0 ] } },
{ "type": "Feature", "properties": { "fid": 21, "layer": "specieslink", "status": 0 }, "geometry": { "type": "Point", "coordinates": [ -45.59, -22.73, 0.0 ] } },
{ "type": "Feature", "properties": { "fid": 22, "layer": "specieslink", "status": 0 }, "geometry": { "type": "Point", "coordinates": [ -47.130001, -23.52, 0.0 ] } },
{ "type": "Feature", "properties": { "fid": 23, "layer": "specieslink", "status": 0 }, "geometry": { "type": "Point", "coordinates": [ -47.077171, -22.870251, 0.0 ] } },
{ "type": "Feature", "properties": { "fid": 24, "layer": "specieslink", "status": 0 }, "geometry": { "type": "Point", "coordinates": [ -46.7006, -22.6122, 0.0 ] } },
{ "type": "Feature", "properties": { "fid": 25, "layer": "specieslink", "status": 0 }, "geometry": { "type": "Point", "coordinates": [ -46.6361, -23.5475, 0.0 ] } },
{ "type": "Feature", "properties": { "fid": 26, "layer": "specieslink", "status": 0 }, "geometry": { "type": "Point", "coordinates": [ -47.077171, -22.870251, 0.0 ] } },
{ "type": "Feature", "properties": { "fid": 27, "layer": "specieslink", "status": 0 }, "geometry": { "type": "Point", "coordinates": [ -47.838526, -21.28073, 0.0 ] } },
{ "type": "Feature", "properties": { "fid": 28, "layer": "specieslink", "status": 0 }, "geometry": { "type": "Point", "coordinates": [ -47.850014, -21.170976, 0.0 ] } },
{ "type": "Feature", "properties": { "fid": 29, "layer": "specieslink", "status": 0 }, "geometry": { "type": "Point", "coordinates": [ -47.077171, -22.870251, 0.0 ] } },
{ "type": "Feature", "properties": { "fid": 30, "layer": "specieslink", "status": 0 }, "geometry": { "type": "Point", "coordinates": [ -49.369999, -20.82, 0.0 ] } },
{ "type": "Feature", "properties": { "fid": 31, "layer": "specieslink", "status": 0 }, "geometry": { "type": "Point", "coordinates": [ -47.060001, -22.9, 0.0 ] } },
{ "type": "Feature", "properties": { "fid": 32, "layer": "specieslink", "status": 0 }, "geometry": { "type": "Point", "coordinates": [ -44.959999, -23.07, 0.0 ] } },
{ "type": "Feature", "properties": { "fid": 33, "layer": "specieslink", "status": 0 }, "geometry": { "type": "Point", "coordinates": [ -48.439999, -22.879999, 0.0 ] } },
{ "type": "Feature", "properties": { "fid": 34, "layer": "specieslink", "status": 0 }, "geometry": { "type": "Point", "coordinates": [ -48.439999, -22.879999, 0.0 ] } },
{ "type": "Feature", "properties": { "fid": 35, "layer": "specieslink", "status": 0 }, "geometry": { "type": "Point", "coordinates": [ -48.439999, -22.879999, 0.0 ] } },
{ "type": "Feature", "properties": { "fid": 36, "layer": "specieslink", "status": 0 }, "geometry": { "type": "Point", "coordinates": [ -48.439999, -22.879999, 0.0 ] } },
{ "type": "Feature", "properties": { "fid": 37, "layer": "specieslink", "status": 0 }, "geometry": { "type": "Point", "coordinates": [ -46.630001, -23.540001, 0.0 ] } },
{ "type": "Feature", "properties": { "fid": 38, "layer": "specieslink", "status": 0 }, "geometry": { "type": "Point", "coordinates": [ -46.630001, -23.540001, 0.0 ] } },
{ "type": "Feature", "properties": { "fid": 39, "layer": "specieslink", "status": 0 }, "geometry": { "type": "Point", "coordinates": [ -47.060001, -22.9, 0.0 ] } },
{ "type": "Feature", "properties": { "fid": 40, "layer": "specieslink", "status": 0 }, "geometry": { "type": "Point", "coordinates": [ -47.060001, -22.9, 0.0 ] } },
{ "type": "Feature", "properties": { "fid": 41, "layer": "specieslink", "status": 0 }, "geometry": { "type": "Point", "coordinates": [ -47.060001, -22.9, 0.0 ] } },
{ "type": "Feature", "properties": { "fid": 42, "layer": "specieslink", "status": 0 }, "geometry": { "type": "Point", "coordinates": [ -46.630001, -23.540001, 0.0 ] } },
{ "type": "Feature", "properties": { "fid": 43, "layer": "specieslink", "status": 0 }, "geometry": { "type": "Point", "coordinates": [ -47.077171, -22.870251, 0.0 ] } },
{ "type": "Feature", "properties": { "fid": 44, "layer": "specieslink", "status": 0 }, "geometry": { "type": "Point", "coordinates": [ -47.0608, -22.9056, 0.0 ] } },
{ "type": "Feature", "properties": { "fid": 45, "layer": "specieslink", "status": 0 }, "geometry": { "type": "Point", "coordinates": [ -47.2181, -23.0903, 0.0 ] } },
{ "type": "Feature", "properties": { "fid": 46, "layer": "specieslink", "status": 0 }, "geometry": { "type": "Point", "coordinates": [ -47.077171, -22.870251, 0.0 ] } },
{ "type": "Feature", "properties": { "fid": 47, "layer": "specieslink", "status": 0 }, "geometry": { "type": "Point", "coordinates": [ -47.966592, -21.32433, 0.0 ] } },
{ "type": "Feature", "properties": { "fid": 48, "layer": "specieslink", "status": 0 }, "geometry": { "type": "Point", "coordinates": [ -47.077171, -22.870251, 0.0 ] } },
{ "type": "Feature", "properties": { "fid": 49, "layer": "specieslink", "status": 0 }, "geometry": { "type": "Point", "coordinates": [ -47.0608, -22.9056, 0.0 ] } },
{ "type": "Feature", "properties": { "fid": 50, "layer": "specieslink", "status": 0 }, "geometry": { "type": "Point", "coordinates": [ -47.077171, -22.870251, 0.0 ] } },
{ "type": "Feature", "properties": { "fid": 51, "layer": "specieslink", "status": 0 }, "geometry": { "type": "Point", "coordinates": [ -47.077171, -22.870251, 0.0 ] } },
{ "type": "Feature", "properties": { "fid": 52, "layer": "specieslink", "status": 0 }, "geometry": { "type": "Point", "coordinates": [ -48.901072, -21.220292, 0.0 ] } },
{ "type": "Feature", "properties": { "fid": 53, "layer": "specieslink", "status": 0 }, "geometry": { "type": "Point", "coordinates": [ -47.0608, -22.9056, 0.0 ] } },
{ "type": "Feature", "properties": { "fid": 54, "layer": "specieslink", "status": 0 }, "geometry": { "type": "Point", "coordinates": [ -47.077171, -22.870251, 0.0 ] } },
{ "type": "Feature", "properties": { "fid": 55, "layer": "specieslink", "status": 0 }, "geometry": { "type": "Point", "coordinates": [ -47.077171, -22.870251, 0.0 ] } },
{ "type": "Feature", "properties": { "fid": 56, "layer": "specieslink", "status": 0 }, "geometry": { "type": "Point", "coordinates": [ -47.0608, -22.9056, 0.0 ] } },
{ "type": "Feature", "properties": { "fid": 57, "layer": "specieslink", "status": 0 }, "geometry": { "type": "Point", "coordinates": [ -51.407222, -20.361111, 0.0 ] } },
{ "type": "Feature", "properties": { "fid": 58, "layer": "specieslink", "status": 0 }, "geometry": { "type": "Point", "coordinates": [ -46.566111, -23.676667, 0.0 ] } },
{ "type": "Feature", "properties": { "fid": 59, "layer": "specieslink", "status": 0 }, "geometry": { "type": "Point", "coordinates": [ -51.340278, -20.430556, 0.0 ] } },
{ "type": "Feature", "properties": { "fid": 60, "layer": "specieslink", "status": 0 }, "geometry": { "type": "Point", "coordinates": [ -51.340278, -20.430556, 0.0 ] } },
{ "type": "Feature", "properties": { "fid": 61, "layer": "specieslink", "status": 0 }, "geometry": { "type": "Point", "coordinates": [ -51.340278, -20.430556, 0.0 ] } },
{ "type": "Feature", "properties": { "fid": 62, "layer": "specieslink", "status": 0 }, "geometry": { "type": "Point", "coordinates": [ -51.340278, -20.430556, 0.0 ] } },
{ "type": "Feature", "properties": { "fid": 63, "layer": "specieslink", "status": 0 }, "geometry": { "type": "Point", "coordinates": [ -48.833333, -23.016667, 0.0 ] } },
{ "type": "Feature", "properties": { "fid": 64, "layer": "specieslink", "status": 0 }, "geometry": { "type": "Point", "coordinates": [ -48.4, -22.8, 0.0 ] } },
{ "type": "Feature", "properties": { "fid": 65, "layer": "specieslink", "status": 0 }, "geometry": { "type": "Point", "coordinates": [ -49.060001, -22.309999, 0.0 ] } },
{ "type": "Feature", "properties": { "fid": 66, "layer": "specieslink", "status": 0 }, "geometry": { "type": "Point", "coordinates": [ -45.7155556, -23.1116667, 0.0 ] } },
{ "type": "Feature", "properties": { "fid": 67, "layer": "specieslink", "status": 0 }, "geometry": { "type": "Point", "coordinates": [ -47.060001, -22.9, 0.0 ] } },
{ "type": "Feature", "properties": { "fid": 68, "layer": "specieslink", "status": 0 }, "geometry": { "type": "Point", "coordinates": [ -47.855, -21.169444, 0.0 ] } },
{ "type": "Feature", "properties": { "fid": 69, "layer": "specieslink", "status": 0 }, "geometry": { "type": "Point", "coordinates": [ -47.810278, -21.166667, 0.0 ] } },
{ "type": "Feature", "properties": { "fid": 70, "layer": "specieslink", "status": 0 }, "geometry": { "type": "Point", "coordinates": [ -47.810001, -21.17, 0.0 ] } },
{ "type": "Feature", "properties": { "fid": 71, "layer": "specieslink", "status": 0 }, "geometry": { "type": "Point", "coordinates": [ -47.8, -21.166667, 0.0 ] } },
{ "type": "Feature", "properties": { "fid": 72, "layer": "specieslink", "status": 0 }, "geometry": { "type": "Point", "coordinates": [ -49.369999, -20.82, 0.0 ] } },
{ "type": "Feature", "properties": { "fid": 73, "layer": "specieslink", "status": 0 }, "geometry": { "type": "Point", "coordinates": [ -47.290001, -22.77, 0.0 ] } },
{ "type": "Feature", "properties": { "fid": 74, "layer": "specieslink", "status": 0 }, "geometry": { "type": "Point", "coordinates": [ -46.630001, -23.540001, 0.0 ] } },
{ "type": "Feature", "properties": { "fid": 75, "layer": "specieslink", "status": 0 }, "geometry": { "type": "Point", "coordinates": [ -47.130001, -23.52, 0.0 ] } },
{ "type": "Feature", "properties": { "fid": 76, "layer": "specieslink", "status": 0 }, "geometry": { "type": "Point", "coordinates": [ -51.566667, -20.783333, 0.0 ] } },
{ "type": "Feature", "properties": { "fid": 77, "layer": "specieslink", "status": 0 }, "geometry": { "type": "Point", "coordinates": [ -45.005556, -22.396111, 0.0 ] } },
{ "type": "Feature", "properties": { "fid": 78, "layer": "specieslink", "status": 0 }, "geometry": { "type": "Point", "coordinates": [ -47.560001, -22.41, 0.0 ] } },
{ "type": "Feature", "properties": { "fid": 79, "layer": "specieslink", "status": 0 }, "geometry": { "type": "Point", "coordinates": [ -46.84, -23.709999, 0.0 ] } },
{ "type": "Feature", "properties": { "fid": 80, "layer": "specieslink", "status": 0 }, "geometry": { "type": "Point", "coordinates": [ -48.833333, -23.016667, 0.0 ] } },
{ "type": "Feature", "properties": { "fid": 81, "layer": "specieslink", "status": 0 }, "geometry": { "type": "Point", "coordinates": [ -49.0, -22.0, 0.0 ] } },
{ "type": "Feature", "properties": { "fid": 82, "layer": "specieslink", "status": 0 }, "geometry": { "type": "Point", "coordinates": [ -47.8, -21.166667, 0.0 ] } },
{ "type": "Feature", "properties": { "fid": 83, "layer": "specieslink", "status": 0 }, "geometry": { "type": "Point", "coordinates": [ -47.8, -21.166667, 0.0 ] } },
{ "type": "Feature", "properties": { "fid": 84, "layer": "specieslink", "status": 0 }, "geometry": { "type": "Point", "coordinates": [ -47.060001, -22.9, 0.0 ] } },
{ "type": "Feature", "properties": { "fid": 85, "layer": "specieslink", "status": 0 }, "geometry": { "type": "Point", "coordinates": [ -47.060001, -22.9, 0.0 ] } },
{ "type": "Feature", "properties": { "fid": 86, "layer": "specieslink", "status": 0 }, "geometry": { "type": "Point", "coordinates": [ -47.060001, -22.9, 0.0 ] } },
{ "type": "Feature", "properties": { "fid": 87, "layer": "specieslink", "status": 0 }, "geometry": { "type": "Point", "coordinates": [ -45.005556, -23.396111, 0.0 ] } },
{ "type": "Feature", "properties": { "fid": 88, "layer": "specieslink", "status": 0 }, "geometry": { "type": "Point", "coordinates": [ -47.060001, -22.9, 0.0 ] } },
{ "type": "Feature", "properties": { "fid": 89, "layer": "specieslink", "status": 0 }, "geometry": { "type": "Point", "coordinates": [ -47.419998, -21.99, 0.0 ] } },
{ "type": "Feature", "properties": { "fid": 90, "layer": "specieslink", "status": 0 }, "geometry": { "type": "Point", "coordinates": [ -47.419998, -21.99, 0.0 ] } },
{ "type": "Feature", "properties": { "fid": 91, "layer": "specieslink", "status": 0 }, "geometry": { "type": "Point", "coordinates": [ -52.616901, -22.7094, 0.0 ] } },
{ "type": "Feature", "properties": { "fid": 92, "layer": "specieslink", "status": 0 }, "geometry": { "type": "Point", "coordinates": [ -47.060001, -22.9, 0.0 ] } },
{ "type": "Feature", "properties": { "fid": 93, "layer": "specieslink", "status": 0 }, "geometry": { "type": "Point", "coordinates": [ -46.630001, -23.540001, 0.0 ] } },
{ "type": "Feature", "properties": { "fid": 94, "layer": "specieslink", "status": 0 }, "geometry": { "type": "Point", "coordinates": [ -49.369999, -20.82, 0.0 ] } },
{ "type": "Feature", "properties": { "fid": 95, "layer": "specieslink", "status": 0 }, "geometry": { "type": "Point", "coordinates": [ -46.630001, -23.540001, 0.0 ] } },
{ "type": "Feature", "properties": { "fid": 96, "layer": "specieslink", "status": 0 }, "geometry": { "type": "Point", "coordinates": [ -46.619999, -23.68, 0.0 ] } },
{ "type": "Feature", "properties": { "fid": 97, "layer": "specieslink", "status": 0 }, "geometry": { "type": "Point", "coordinates": [ -46.630001, -23.540001, 0.0 ] } },
{ "type": "Feature", "properties": { "fid": 98, "layer": "specieslink", "status": 0 }, "geometry": { "type": "Point", "coordinates": [ -47.060001, -22.9, 0.0 ] } },
{ "type": "Feature", "properties": { "fid": 99, "layer": "specieslink", "status": 0 }, "geometry": { "type": "Point", "coordinates": [ -46.716667, -23.55, 0.0 ] } },
{ "type": "Feature", "properties": { "fid": 100, "layer": "specieslink", "status": 0 }, "geometry": { "type": "Point", "coordinates": [ -47.06, -22.9, 0.0 ] } },
{ "type": "Feature", "properties": { "fid": 101, "layer": "specieslink", "status": 0 }, "geometry": { "type": "Point", "coordinates": [ -46.630001, -23.540001, 0.0 ] } },
{ "type": "Feature", "properties": { "fid": 102, "layer": "specieslink", "status": 0 }, "geometry": { "type": "Point", "coordinates": [ -48.900002, -21.18, 0.0 ] } },
{ "type": "Feature", "properties": { "fid": 103, "layer": "specieslink", "status": 0 }, "geometry": { "type": "Point", "coordinates": [ -46.7286, -23.565599, 0.0 ] } },
{ "type": "Feature", "properties": { "fid": 104, "layer": "specieslink", "status": 0 }, "geometry": { "type": "Point", "coordinates": [ -46.657398, -23.586399, 0.0 ] } },
{ "type": "Feature", "properties": { "fid": 105, "layer": "specieslink", "status": 0 }, "geometry": { "type": "Point", "coordinates": [ -46.492802, -23.606899, 0.0 ] } },
{ "type": "Feature", "properties": { "fid": 106, "layer": "specieslink", "status": 0 }, "geometry": { "type": "Point", "coordinates": [ -47.060001, -22.9, 0.0 ] } },
{ "type": "Feature", "properties": { "fid": 107, "layer": "specieslink", "status": 0 }, "geometry": { "type": "Point", "coordinates": [ -47.060001, -22.9, 0.0 ] } },
{ "type": "Feature", "properties": { "fid": 108, "layer": "specieslink", "status": 0 }, "geometry": { "type": "Point", "coordinates": [ -47.290001, -23.26, 0.0 ] } },
{ "type": "Feature", "properties": { "fid": 109, "layer": "specieslink", "status": 0 }, "geometry": { "type": "Point", "coordinates": [ -47.584778, -22.50675, 0.0 ] } },
{ "type": "Feature", "properties": { "fid": 110, "layer": "specieslink", "status": 0 }, "geometry": { "type": "Point", "coordinates": [ -52.616901, -22.7094, 0.0 ] } },
{ "type": "Feature", "properties": { "fid": 111, "layer": "specieslink", "status": 0 }, "geometry": { "type": "Point", "coordinates": [ -47.290001, -22.77, 0.0 ] } },
{ "type": "Feature", "properties": { "fid": 112, "layer": "specieslink", "status": 0 }, "geometry": { "type": "Point", "coordinates": [ -46.630001, -23.540001, 0.0 ] } },
{ "type": "Feature", "properties": { "fid": 113, "layer": "specieslink", "status": 0 }, "geometry": { "type": "Point", "coordinates": [ -46.630001, -23.540001, 0.0 ] } },
{ "type": "Feature", "properties": { "fid": 114, "layer": "specieslink", "status": 0 }, "geometry": { "type": "Point", "coordinates": [ -46.630001, -23.540001, 0.0 ] } },
{ "type": "Feature", "properties": { "fid": 115, "layer": "specieslink", "status": 0 }, "geometry": { "type": "Point", "coordinates": [ -45.07, -23.43, 0.0 ] } },
{ "type": "Feature", "properties": { "fid": 116, "layer": "specieslink", "status": 0 }, "geometry": { "type": "Point", "coordinates": [ -48.59, -23.790001, 0.0 ] } },
{ "type": "Feature", "properties": { "fid": 117, "layer": "specieslink", "status": 0 }, "geometry": { "type": "Point", "coordinates": [ -47.060001, -22.9, 0.0 ] } },
{ "type": "Feature", "properties": { "fid": 118, "layer": "specieslink", "status": 0 }, "geometry": { "type": "Point", "coordinates": [ -47.150002, -22.76, 0.0 ] } },
{ "type": "Feature", "properties": { "fid": 119, "layer": "specieslink", "status": 0 }, "geometry": { "type": "Point", "coordinates": [ -47.639999, -22.719999, 0.0 ] } },
{ "type": "Feature", "properties": { "fid": 120, "layer": "specieslink", "status": 0 }, "geometry": { "type": "Point", "coordinates": [ -47.639999, -22.719999, 0.0 ] } },
{ "type": "Feature", "properties": { "fid": 121, "layer": "specieslink", "status": 0 }, "geometry": { "type": "Point", "coordinates": [ -47.639999, -22.719999, 0.0 ] } },
{ "type": "Feature", "properties": { "fid": 122, "layer": "specieslink", "status": 0 }, "geometry": { "type": "Point", "coordinates": [ -47.639999, -22.719999, 0.0 ] } },
{ "type": "Feature", "properties": { "fid": 123, "layer": "specieslink", "status": 0 }, "geometry": { "type": "Point", "coordinates": [ -47.639999, -22.719999, 0.0 ] } },
{ "type": "Feature", "properties": { "fid": 124, "layer": "specieslink", "status": 0 }, "geometry": { "type": "Point", "coordinates": [ -47.639999, -22.719999, 0.0 ] } },
{ "type": "Feature", "properties": { "fid": 125, "layer": "specieslink", "status": 0 }, "geometry": { "type": "Point", "coordinates": [ -47.639999, -22.719999, 0.0 ] } },
{ "type": "Feature", "properties": { "fid": 126, "layer": "specieslink", "status": 0 }, "geometry": { "type": "Point", "coordinates": [ -47.639999, -22.719999, 0.0 ] } },
{ "type": "Feature", "properties": { "fid": 127, "layer": "specieslink", "status": 0 }, "geometry": { "type": "Point", "coordinates": [ -48.900002, -21.18, 0.0 ] } },
{ "type": "Feature", "properties": { "fid": 128, "layer": "specieslink", "status": 0 }, "geometry": { "type": "Point", "coordinates": [ -51.84, -21.870001, 0.0 ] } },
{ "type": "Feature", "properties": { "fid": 129, "layer": "specieslink", "status": 0 }, "geometry": { "type": "Point", "coordinates": [ -47.810001, -21.17, 0.0 ] } },
{ "type": "Feature", "properties": { "fid": 130, "layer": "specieslink", "status": 0 }, "geometry": { "type": "Point", "coordinates": [ -47.669998, -22.84, 0.0 ] } },
{ "type": "Feature", "properties": { "fid": 131, "layer": "specieslink", "status": 0 }, "geometry": { "type": "Point", "coordinates": [ -49.310001, -23.629999, 0.0 ] } },
{ "type": "Feature", "properties": { "fid": 132, "layer": "specieslink", "status": 0 }, "geometry": { "type": "Point", "coordinates": [ -47.639999, -22.719999, 0.0 ] } },
{ "type": "Feature", "properties": { "fid": 133, "layer": "specieslink", "status": 0 }, "geometry": { "type": "Point", "coordinates": [ -47.639999, -22.719999, 0.0 ] } },
{ "type": "Feature", "properties": { "fid": 134, "layer": "specieslink", "status": 0 }, "geometry": { "type": "Point", "coordinates": [ -47.639999, -22.719999, 0.0 ] } },
{ "type": "Feature", "properties": { "fid": 135, "layer": "specieslink", "status": 0 }, "geometry": { "type": "Point", "coordinates": [ -47.639999, -22.719999, 0.0 ] } },
{ "type": "Feature", "properties": { "fid": 136, "layer": "specieslink", "status": 0 }, "geometry": { "type": "Point", "coordinates": [ -47.639999, -22.719999, 0.0 ] } },
{ "type": "Feature", "properties": { "fid": 137, "layer": "specieslink", "status": 0 }, "geometry": { "type": "Point", "coordinates": [ -47.639999, -22.719999, 0.0 ] } },
{ "type": "Feature", "properties": { "fid": 138, "layer": "specieslink", "status": 0 }, "geometry": { "type": "Point", "coordinates": [ -47.639999, -22.719999, 0.0 ] } },
{ "type": "Feature", "properties": { "fid": 139, "layer": "specieslink", "status": 0 }, "geometry": { "type": "Point", "coordinates": [ -47.639999, -22.719999, 0.0 ] } },
{ "type": "Feature", "properties": { "fid": 140, "layer": "specieslink", "status": 0 }, "geometry": { "type": "Point", "coordinates": [ -47.639999, -22.719999, 0.0 ] } },
{ "type": "Feature", "properties": { "fid": 141, "layer": "specieslink", "status": 0 }, "geometry": { "type": "Point", "coordinates": [ -47.639999, -22.719999, 0.0 ] } },
{ "type": "Feature", "properties": { "fid": 142, "layer": "specieslink", "status": 0 }, "geometry": { "type": "Point", "coordinates": [ -47.639999, -22.719999, 0.0 ] } },
{ "type": "Feature", "properties": { "fid": 143, "layer": "specieslink", "status": 0 }, "geometry": { "type": "Point", "coordinates": [ -47.060001, -22.9, 0.0 ] } },
{ "type": "Feature", "properties": { "fid": 144, "layer": "specieslink", "status": 0 }, "geometry": { "type": "Point", "coordinates": [ -46.716667, -23.55, 0.0 ] } },
{ "type": "Feature", "properties": { "fid": 145, "layer": "specieslink", "status": 0 }, "geometry": { "type": "Point", "coordinates": [ -45.005561, -23.396333, 0.0 ] } },
{ "type": "Feature", "properties": { "fid": 146, "layer": "specieslink", "status": 0 }, "geometry": { "type": "Point", "coordinates": [ -46.716667, -23.55, 0.0 ] } },
{ "type": "Feature", "properties": { "fid": 147, "layer": "specieslink", "status": 0 }, "geometry": { "type": "Point", "coordinates": [ -49.3575, -20.1922222, 0.0 ] } },
{ "type": "Feature", "properties": { "fid": 148, "layer": "specieslink", "status": 0 }, "geometry": { "type": "Point", "coordinates": [ -47.06, -22.9, 0.0 ] } },
{ "type": "Feature", "properties": { "fid": 149, "layer": "specieslink", "status": 0 }, "geometry": { "type": "Point", "coordinates": [ -47.060001, -22.9, 0.0 ] } },
{ "type": "Feature", "properties": { "fid": 150, "layer": "specieslink", "status": 0 }, "geometry": { "type": "Point", "coordinates": [ -48.900002, -21.18, 0.0 ] } },
{ "type": "Feature", "properties": { "fid": 151, "layer": "specieslink", "status": 0 }, "geometry": { "type": "Point", "coordinates": [ -44.563301, -22.496099, 0.0 ] } },
{ "type": "Feature", "properties": { "fid": 152, "layer": "specieslink", "status": 0 }, "geometry": { "type": "Point", "coordinates": [ -47.639999, -22.719999, 0.0 ] } },
{ "type": "Feature", "properties": { "fid": 153, "layer": "specieslink", "status": 0 }, "geometry": { "type": "Point", "coordinates": [ -51.7166667, -20.8, 0.0 ] } },
{ "type": "Feature", "properties": { "fid": 154, "layer": "specieslink", "status": 0 }, "geometry": { "type": "Point", "coordinates": [ -48.36, -21.6, 0.0 ] } },
{ "type": "Feature", "properties": { "fid": 155, "layer": "specieslink", "status": 0 }, "geometry": { "type": "Point", "coordinates": [ -47.2905555, -20.5005556, 0.0 ] } },
{ "type": "Feature", "properties": { "fid": 156, "layer": "specieslink", "status": 0 }, "geometry": { "type": "Point", "coordinates": [ -47.639999, -22.719999, 0.0 ] } },
{ "type": "Feature", "properties": { "fid": 157, "layer": "specieslink", "status": 0 }, "geometry": { "type": "Point", "coordinates": [ -47.584722, -22.506667, 0.0 ] } },
{ "type": "Feature", "properties": { "fid": 158, "layer": "specieslink", "status": 0 }, "geometry": { "type": "Point", "coordinates": [ -47.639999, -22.719999, 0.0 ] } },
{ "type": "Feature", "properties": { "fid": 159, "layer": "specieslink", "status": 0 }, "geometry": { "type": "Point", "coordinates": [ -47.450001, -23.5, 0.0 ] } },
{ "type": "Feature", "properties": { "fid": 160, "layer": "specieslink", "status": 0 }, "geometry": { "type": "Point", "coordinates": [ -47.639999, -22.719999, 0.0 ] } },
{ "type": "Feature", "properties": { "fid": 161, "layer": "specieslink", "status": 0 }, "geometry": { "type": "Point", "coordinates": [ -47.639999, -22.719999, 0.0 ] } },
{ "type": "Feature", "properties": { "fid": 162, "layer": "specieslink", "status": 0 }, "geometry": { "type": "Point", "coordinates": [ -47.150002, -22.76, 0.0 ] } },
{ "type": "Feature", "properties": { "fid": 163, "layer": "specieslink", "status": 0 }, "geometry": { "type": "Point", "coordinates": [ -47.060001, -22.9, 0.0 ] } },
{ "type": "Feature", "properties": { "fid": 164, "layer": "specieslink", "status": 0 }, "geometry": { "type": "Point", "coordinates": [ -47.669998, -22.84, 0.0 ] } },
{ "type": "Feature", "properties": { "fid": 165, "layer": "specieslink", "status": 0 }, "geometry": { "type": "Point", "coordinates": [ -47.450001, -23.5, 0.0 ] } },
{ "type": "Feature", "properties": { "fid": 166, "layer": "specieslink", "status": 0 }, "geometry": { "type": "Point", "coordinates": [ -47.599617, -23.426765, 0.0 ] } },
{ "type": "Feature", "properties": { "fid": 167, "layer": "specieslink", "status": 0 }, "geometry": { "type": "Point", "coordinates": [ -47.639999, -22.719999, 0.0 ] } },
{ "type": "Feature", "properties": { "fid": 168, "layer": "specieslink", "status": 0 }, "geometry": { "type": "Point", "coordinates": [ -51.84, -21.870001, 0.0 ] } },
{ "type": "Feature", "properties": { "fid": 169, "layer": "specieslink", "status": 0 }, "geometry": { "type": "Point", "coordinates": [ -47.639999, -22.719999, 0.0 ] } },
{ "type": "Feature", "properties": { "fid": 170, "layer": "specieslink", "status": 0 }, "geometry": { "type": "Point", "coordinates": [ -47.450001, -23.5, 0.0 ] } },
{ "type": "Feature", "properties": { "fid": 171, "layer": "specieslink", "status": 0 }, "geometry": { "type": "Point", "coordinates": [ -47.450001, -23.5, 0.0 ] } },
{ "type": "Feature", "properties": { "fid": 172, "layer": "specieslink", "status": 0 }, "geometry": { "type": "Point", "coordinates": [ -46.630001, -23.540001, 0.0 ] } },
{ "type": "Feature", "properties": { "fid": 173, "layer": "crowdmapping", "status": 0 }, "geometry": { "type": "Point", "coordinates": [ -47.60161799983473, -22.722378999804462, 0.0 ] } },
{ "type": "Feature", "properties": { "fid": 174, "layer": "crowdmapping", "status": 0 }, "geometry": { "type": "Point", "coordinates": [ -47.601833999834753, -22.721808999804455, 0.0 ] } },
{ "type": "Feature", "properties": { "fid": 175, "layer": "crowdmapping", "status": 0 }, "geometry": { "type": "Point", "coordinates": [ -47.602675999835242, -22.713149999805005, 0.0 ] } },
{ "type": "Feature", "properties": { "fid": 176, "layer": "crowdmapping", "status": 0 }, "geometry": { "type": "Point", "coordinates": [ -47.624305999833801, -22.720939999803434, 0.0 ] } },
{ "type": "Feature", "properties": { "fid": 177, "layer": "crowdmapping", "status": 1 }, "geometry": { "type": "Point", "coordinates": [ -47.644338999834019, -22.702101999803812, 0.0 ] } },
{ "type": "Feature", "properties": { "fid": 178, "layer": "crowdmapping", "status": 0 }, "geometry": { "type": "Point", "coordinates": [ -47.639741999834392, -22.699203999804237, 0.0 ] } },
{ "type": "Feature", "properties": { "fid": 179, "layer": "crowdmapping", "status": 1 }, "geometry": { "type": "Point", "coordinates": [ -47.634518699834963, -22.693426899804862, 0.0 ] } },
{ "type": "Feature", "properties": { "fid": 180, "layer": "crowdmapping", "status": 0 }, "geometry": { "type": "Point", "coordinates": [ -47.606544999835869, -22.699293999805835, 0.0 ] } },
{ "type": "Feature", "properties": { "fid": 181, "layer": "crowdmapping", "status": 0 }, "geometry": { "type": "Point", "coordinates": [ -47.601721999836002, -22.700960999805961, 0.0 ] } },
{ "type": "Feature", "properties": { "fid": 182, "layer": "crowdmapping", "status": 0 }, "geometry": { "type": "Point", "coordinates": [ -47.676875999830763, -22.732377999800089, 0.0 ] } },
{ "type": "Feature", "properties": { "fid": 183, "layer": "crowdmapping", "status": 0 }, "geometry": { "type": "Point", "coordinates": [ -47.603624299831793, -22.770462099801009, 0.0 ] } },
{ "type": "Feature", "properties": { "fid": 184, "layer": "crowdmapping", "status": 0 }, "geometry": { "type": "Point", "coordinates": [ -47.543563599834307, -22.773670399803681, 0.0 ] } },
{ "type": "Feature", "properties": { "fid": 185, "layer": "crowdmapping", "status": 0 }, "geometry": { "type": "Point", "coordinates": [ -47.630737799831344, -22.75748609980057, 0.0 ] } },
{ "type": "Feature", "properties": { "fid": 186, "layer": "crowdmapping", "status": 0 }, "geometry": { "type": "Point", "coordinates": [ -47.631548099831264, -22.758488599800476, 0.0 ] } },
{ "type": "Feature", "properties": { "fid": 187, "layer": "crowdmapping", "status": 0 }, "geometry": { "type": "Point", "coordinates": [ -47.662251199830528, -22.747528399799748, 0.0 ] } },
{ "type": "Feature", "properties": { "fid": 188, "layer": "crowdmapping", "status": 0 }, "geometry": { "type": "Point", "coordinates": [ -47.108609999846252, -22.898635999816136, 0.0 ] } },
{ "type": "Feature", "properties": { "fid": 189, "layer": "crowdmapping", "status": 0 }, "geometry": { "type": "Point", "coordinates": [ -47.414247199883675, -22.028629399861757, 0.0 ] } },
{ "type": "Feature", "properties": { "fid": 190, "layer": "crowdmapping", "status": 0 }, "geometry": { "type": "Point", "coordinates": [ -47.077213899853326, -22.801668099824461, 0.0 ] } },
{ "type": "Feature", "properties": { "fid": 191, "layer": "crowdmapping", "status": 0 }, "geometry": { "type": "Point", "coordinates": [ -48.19453979986325, -21.783517099840164, 0.0 ] } },
{ "type": "Feature", "properties": { "fid": 192, "layer": "crowdmapping", "status": 0 }, "geometry": { "type": "Point", "coordinates": [ -48.195445799863208, -21.783819099840088, 0.0 ] } },
{ "type": "Feature", "properties": { "fid": 193, "layer": "crowdmapping", "status": 0 }, "geometry": { "type": "Point", "coordinates": [ -47.41775329988365, -22.026548399861735, 0.0 ] } },
{ "type": "Feature", "properties": { "fid": 194, "layer": "crowdmapping", "status": 0 }, "geometry": { "type": "Point", "coordinates": [ -47.529634899791759, -23.498111799753499, 0.0 ] } },
{ "type": "Feature", "properties": { "fid": 195, "layer": "crowdmapping", "status": 0 }, "geometry": { "type": "Point", "coordinates": [ -47.399014399873742, -22.21104549984992, 0.0 ] } },
{ "type": "Feature", "properties": { "fid": 196, "layer": "crowdmapping", "status": 0 }, "geometry": { "type": "Point", "coordinates": [ -46.9652778998841, -22.358076399860924, 0.0 ] } },
{ "type": "Feature", "properties": { "fid": 197, "layer": "crowdmapping", "status": 0 }, "geometry": { "type": "Point", "coordinates": [ -46.964166299884226, -22.356666299861029, 0.0 ] } },
{ "type": "Feature", "properties": { "fid": 198, "layer": "crowdmapping", "status": 0 }, "geometry": { "type": "Point", "coordinates": [ -46.964287499884065, -22.359224699860853, 0.0 ] } },
{ "type": "Feature", "properties": { "fid": 199, "layer": "crowdmapping", "status": 0 }, "geometry": { "type": "Point", "coordinates": [ -46.678094899828977, -23.511165799793641, 0.0 ] } },
{ "type": "Feature", "properties": { "fid": 200, "layer": "crowdmapping", "status": 0 }, "geometry": { "type": "Point", "coordinates": [ -47.684977499767434, -23.783835399725714, 0.0 ] } },
{ "type": "Feature", "properties": { "fid": 201, "layer": "crowdmapping", "status": 0 }, "geometry": { "type": "Point", "coordinates": [ -47.136289899844954, -22.899892599814716, 0.0 ] } },
{ "type": "Feature", "properties": { "fid": 202, "layer": "crowdmapping", "status": 0 }, "geometry": { "type": "Point", "coordinates": [ -48.431869999788759, -22.856455899754522, 0.0 ] } },
{ "type": "Feature", "properties": { "fid": 203, "layer": "crowdmapping", "status": 0 }, "geometry": { "type": "Point", "coordinates": [ -47.57803609978167, -23.629079399741844, 0.0 ] } },
{ "type": "Feature", "properties": { "fid": 204, "layer": "crowdmapping", "status": 0 }, "geometry": { "type": "Point", "coordinates": [ -47.576831799781772, -23.628473599741998, 0.0 ] } },
{ "type": "Feature", "properties": { "fid": 205, "layer": "crowdmapping", "status": 0 }, "geometry": { "type": "Point", "coordinates": [ -47.578377299781529, -23.631406299741659, 0.0 ] } },
{ "type": "Feature", "properties": { "fid": 206, "layer": "crowdmapping", "status": 0 }, "geometry": { "type": "Point", "coordinates": [ -46.523383999859071, -23.11444379982925, 0.0 ] } },
{ "type": "Feature", "properties": { "fid": 207, "layer": "crowdmapping", "status": 1 }, "geometry": { "type": "Point", "coordinates": [ -47.071303399854358, -22.788312899825684, 0.0 ] } },
{ "type": "Feature", "properties": { "fid": 208, "layer": "crowdmapping", "status": 0 }, "geometry": { "type": "Point", "coordinates": [ -47.078440699852898, -22.808299699823934, 0.0 ] } },
{ "type": "Feature", "properties": { "fid": 209, "layer": "crowdmapping", "status": 0 }, "geometry": { "type": "Point", "coordinates": [ -47.076297799850487, -22.850495299821098, 0.0 ] } },
{ "type": "Feature", "properties": { "fid": 210, "layer": "crowdmapping", "status": 0 }, "geometry": { "type": "Point", "coordinates": [ -47.4006524997978, -23.495166799759943, 0.0 ] } },
{ "type": "Feature", "properties": { "fid": 211, "layer": "crowdmapping", "status": 1 }, "geometry": { "type": "Point", "coordinates": [ -47.544581599856379, -22.398246499829792, 0.0 ] } },
{ "type": "Feature", "properties": { "fid": 212, "layer": "crowdmapping", "status": 0 }, "geometry": { "type": "Point", "coordinates": [ -48.432411899788903, -22.853396999754715, 0.0 ] } },
{ "type": "Feature", "properties": { "fid": 213, "layer": "crowdmapping", "status": 0 }, "geometry": { "type": "Point", "coordinates": [ -47.077096699853413, -22.800347899824576, 0.0 ] } },
{ "type": "Feature", "properties": { "fid": 214, "layer": "crowdmapping", "status": 0 }, "geometry": { "type": "Point", "coordinates": [ -47.643241999830195, -22.767468999799277, 0.0 ] } },
{ "type": "Feature", "properties": { "fid": 215, "layer": "crowdmapping", "status": 0 }, "geometry": { "type": "Point", "coordinates": [ -47.080570999852164, -22.818858799823101, 0.0 ] } },
{ "type": "Feature", "properties": { "fid": 216, "layer": "crowdmapping", "status": 0 }, "geometry": { "type": "Point", "coordinates": [ -47.643169299830198, -22.767491899799285, 0.0 ] } },
{ "type": "Feature", "properties": { "fid": 217, "layer": "crowdmapping", "status": 0 }, "geometry": { "type": "Point", "coordinates": [ -47.6431195998302, -22.767491899799296, 0.0 ] } },
{ "type": "Feature", "properties": { "fid": 218, "layer": "crowdmapping", "status": 0 }, "geometry": { "type": "Point", "coordinates": [ -47.643061999830216, -22.767465899799298, 0.0 ] } },
{ "type": "Feature", "properties": { "fid": 219, "layer": "crowdmapping", "status": 0 }, "geometry": { "type": "Point", "coordinates": [ -46.982416799852793, -22.881488999823475, 0.0 ] } },
{ "type": "Feature", "properties": { "fid": 220, "layer": "crowdmapping", "status": 0 }, "geometry": { "type": "Point", "coordinates": [ -46.982435599852799, -22.881427899823436, 0.0 ] } },
{ "type": "Feature", "properties": { "fid": 221, "layer": "crowdmapping", "status": 0 }, "geometry": { "type": "Point", "coordinates": [ -46.982438299852809, -22.881361799823495, 0.0 ] } },
{ "type": "Feature", "properties": { "fid": 222, "layer": "crowdmapping", "status": 0 }, "geometry": { "type": "Point", "coordinates": [ -46.982438399852803, -22.881300899823479, 0.0 ] } },
{ "type": "Feature", "properties": { "fid": 223, "layer": "crowdmapping", "status": 0 }, "geometry": { "type": "Point", "coordinates": [ -46.982381199852782, -22.88151529982348, 0.0 ] } },
{ "type": "Feature", "properties": { "fid": 224, "layer": "crowdmapping", "status": 0 }, "geometry": { "type": "Point", "coordinates": [ -46.982346999852794, -22.88153569982348, 0.0 ] } },
{ "type": "Feature", "properties": { "fid": 225, "layer": "crowdmapping", "status": 0 }, "geometry": { "type": "Point", "coordinates": [ -46.982299399852792, -22.881557999823499, 0.0 ] } },
{ "type": "Feature", "properties": { "fid": 226, "layer": "crowdmapping", "status": 0 }, "geometry": { "type": "Point", "coordinates": [ -46.98225239985279, -22.881577099823485, 0.0 ] } },
{ "type": "Feature", "properties": { "fid": 227, "layer": "crowdmapping", "status": 0 }, "geometry": { "type": "Point", "coordinates": [ -46.982192099852803, -22.881603099823465, 0.0 ] } },
{ "type": "Feature", "properties": { "fid": 228, "layer": "crowdmapping", "status": 0 }, "geometry": { "type": "Point", "coordinates": [ -47.008687099850725, -22.897120699821112, 0.0 ] } },
{ "type": "Feature", "properties": { "fid": 229, "layer": "crowdmapping", "status": 0 }, "geometry": { "type": "Point", "coordinates": [ -47.008248599850752, -22.896920599821133, 0.0 ] } },
{ "type": "Feature", "properties": { "fid": 230, "layer": "crowdmapping", "status": 0 }, "geometry": { "type": "Point", "coordinates": [ -47.008088999850742, -22.896953999821136, 0.0 ] } },
{ "type": "Feature", "properties": { "fid": 231, "layer": "crowdmapping", "status": 0 }, "geometry": { "type": "Point", "coordinates": [ -47.008009899850762, -22.896861299821129, 0.0 ] } },
{ "type": "Feature", "properties": { "fid": 232, "layer": "crowdmapping", "status": 0 }, "geometry": { "type": "Point", "coordinates": [ -47.00795219985077, -22.896788399821137, 0.0 ] } },
{ "type": "Feature", "properties": { "fid": 233, "layer": "crowdmapping", "status": 0 }, "geometry": { "type": "Point", "coordinates": [ -47.007596799850795, -22.896804499821165, 0.0 ] } },
{ "type": "Feature", "properties": { "fid": 234, "layer": "crowdmapping", "status": 0 }, "geometry": { "type": "Point", "coordinates": [ -47.007490899850794, -22.896804499821162, 0.0 ] } },
{ "type": "Feature", "properties": { "fid": 235, "layer": "crowdmapping", "status": 0 }, "geometry": { "type": "Point", "coordinates": [ -47.007396999850798, -22.896804499821211, 0.0 ] } },
{ "type": "Feature", "properties": { "fid": 236, "layer": "crowdmapping", "status": 0 }, "geometry": { "type": "Point", "coordinates": [ -47.007320599850814, -22.89675259982118, 0.0 ] } },
{ "type": "Feature", "properties": { "fid": 237, "layer": "crowdmapping", "status": 0 }, "geometry": { "type": "Point", "coordinates": [ -47.00753509985082, -22.896263399821205, 0.0 ] } },
{ "type": "Feature", "properties": { "fid": 238, "layer": "crowdmapping", "status": 0 }, "geometry": { "type": "Point", "coordinates": [ -47.007733599850816, -22.896422099821187, 0.0 ] } },
{ "type": "Feature", "properties": { "fid": 256, "layer": "crowdmapping", "status": 0 }, "geometry": { "type": "Point", "coordinates": [ -47.065895599854812, -22.784655199826183, 0.0 ] } },
{ "type": "Feature", "properties": { "fid": 257, "layer": "crowdmapping", "status": 0 }, "geometry": { "type": "Point", "coordinates": [ -47.033640199853323, -22.834322699824305, 0.0 ] } },
{ "type": "Feature", "properties": { "fid": 258, "layer": "crowdmapping", "status": 0 }, "geometry": { "type": "Point", "coordinates": [ -47.044084099850018, -22.882716499820386, 0.0 ] } },
{ "type": "Feature", "properties": { "fid": 259, "layer": "crowdmapping", "status": 0 }, "geometry": { "type": "Point", "coordinates": [ -47.052410999849371, -22.88728259981967, 0.0 ] } },
{ "type": "Feature", "properties": { "fid": 260, "layer": "crowdmapping", "status": 0 }, "geometry": { "type": "Point", "coordinates": [ -47.628091099833959, -22.71544099980364, 0.0 ] } },
{ "type": "Feature", "properties": { "fid": 261, "layer": "crowdmapping", "status": 0 }, "geometry": { "type": "Point", "coordinates": [ -47.620414999834246, -22.71638729980398, 0.0 ] } },
{ "type": "Feature", "properties": { "fid": 262, "layer": "crowdmapping", "status": 0 }, "geometry": { "type": "Point", "coordinates": [ -47.385585299799324, -23.480898199761697, 0.0 ] } },
{ "type": "Feature", "properties": { "fid": 263, "layer": "crowdmapping", "status": 0 }, "geometry": { "type": "Point", "coordinates": [ -47.391104499798324, -23.493361199760521, 0.0 ] } },
{ "type": "Feature", "properties": { "fid": 264, "layer": "crowdmapping", "status": 0 }, "geometry": { "type": "Point", "coordinates": [ -47.399578899797746, -23.496784199759837, 0.0 ] } },
{ "type": "Feature", "properties": { "fid": 265, "layer": "crowdmapping", "status": 0 }, "geometry": { "type": "Point", "coordinates": [ -47.400737799797767, -23.495296899759918, 0.0 ] } },
{ "type": "Feature", "properties": { "fid": 266, "layer": "crowdmapping", "status": 0 }, "geometry": { "type": "Point", "coordinates": [ -47.403795799797628, -23.495483599759758, 0.0 ] } },
{ "type": "Feature", "properties": { "fid": 267, "layer": "crowdmapping", "status": 0 }, "geometry": { "type": "Point", "coordinates": [ -47.405245699797483, -23.496789199759576, 0.0 ] } },
{ "type": "Feature", "properties": { "fid": 268, "layer": "crowdmapping", "status": 0 }, "geometry": { "type": "Point", "coordinates": [ -47.414495399796579, -23.505000099758558, 0.0 ] } },
{ "type": "Feature", "properties": { "fid": 269, "layer": "crowdmapping", "status": 0 }, "geometry": { "type": "Point", "coordinates": [ -47.413633399796595, -23.505212599758593, 0.0 ] } },
{ "type": "Feature", "properties": { "fid": 270, "layer": "crowdmapping", "status": 0 }, "geometry": { "type": "Point", "coordinates": [ -47.4182710997962, -23.508468199758145, 0.0 ] } },
{ "type": "Feature", "properties": { "fid": 271, "layer": "crowdmapping", "status": 0 }, "geometry": { "type": "Point", "coordinates": [ -47.420661699795907, -23.5114127997578, 0.0 ] } },
{ "type": "Feature", "properties": { "fid": 272, "layer": "crowdmapping", "status": 0 }, "geometry": { "type": "Point", "coordinates": [ -47.120811599851088, -22.80707109982194, 0.0 ] } },
{ "type": "Feature", "properties": { "fid": 273, "layer": "crowdmapping", "status": 0 }, "geometry": { "type": "Point", "coordinates": [ -47.277251699843106, -22.825565399813037, 0.0 ] } },
{ "type": "Feature", "properties": { "fid": 274, "layer": "crowdmapping", "status": 0 }, "geometry": { "type": "Point", "coordinates": [ -47.080775499850674, -22.844145599821307, 0.0 ] } },
{ "type": "Feature", "properties": { "fid": 275, "layer": "crowdmapping", "status": 0 }, "geometry": { "type": "Point", "coordinates": [ -47.10293679984936, -22.84977449981983, 0.0 ] } },
{ "type": "Feature", "properties": { "fid": 276, "layer": "crowdmapping", "status": 0 }, "geometry": { "type": "Point", "coordinates": [ -47.11169969984892, -22.850867199819326, 0.0 ] } },
{ "type": "Feature", "properties": { "fid": 277, "layer": "crowdmapping", "status": 0 }, "geometry": { "type": "Point", "coordinates": [ -47.121915599848364, -22.852865099818704, 0.0 ] } },
{ "type": "Feature", "properties": { "fid": 278, "layer": "crowdmapping", "status": 0 }, "geometry": { "type": "Point", "coordinates": [ -47.215006999846899, -22.807984899817313, 0.0 ] } },
{ "type": "Feature", "properties": { "fid": 279, "layer": "crowdmapping", "status": 0 }, "geometry": { "type": "Point", "coordinates": [ -47.251829599844655, -22.818401999814778, 0.0 ] } },
{ "type": "Feature", "properties": { "fid": 280, "layer": "crowdmapping", "status": 0 }, "geometry": { "type": "Point", "coordinates": [ -47.259861999844198, -22.81998039981433, 0.0 ] } },
{ "type": "Feature", "properties": { "fid": 281, "layer": "crowdmapping", "status": 0 }, "geometry": { "type": "Point", "coordinates": [ -47.26315999984412, -22.818992199814193, 0.0 ] } },
{ "type": "Feature", "properties": { "fid": 282, "layer": "crowdmapping", "status": 0 }, "geometry": { "type": "Point", "coordinates": [ -47.26387719984416, -22.81798799981425, 0.0 ] } },
{ "type": "Feature", "properties": { "fid": 283, "layer": "crowdmapping", "status": 0 }, "geometry": { "type": "Point", "coordinates": [ -47.264586499844135, -22.81754309981422, 0.0 ] } },
{ "type": "Feature", "properties": { "fid": 284, "layer": "crowdmapping", "status": 0 }, "geometry": { "type": "Point", "coordinates": [ -47.644209999831361, -22.747049599800661, 0.0 ] } },
{ "type": "Feature", "properties": { "fid": 285, "layer": "crowdmapping", "status": 0 }, "geometry": { "type": "Point", "coordinates": [ -50.4220595997039, -22.662367799669969, 0.0 ] } },
{ "type": "Feature", "properties": { "fid": 286, "layer": "crowdmapping", "status": 0 }, "geometry": { "type": "Point", "coordinates": [ -47.484986799838083, -22.75399319980794, 0.0 ] } },
{ "type": "Feature", "properties": { "fid": 287, "layer": "crowdmapping", "status": 0 }, "geometry": { "type": "Point", "coordinates": [ -47.477557399838304, -22.756184699808131, 0.0 ] } },
{ "type": "Feature", "properties": { "fid": 288, "layer": "crowdmapping", "status": 0 }, "geometry": { "type": "Point", "coordinates": [ -47.466170099838642, -22.758748699808503, 0.0 ] } },
{ "type": "Feature", "properties": { "fid": 289, "layer": "crowdmapping", "status": 0 }, "geometry": { "type": "Point", "coordinates": [ -47.462179199838708, -22.760739299808577, 0.0 ] } },
{ "type": "Feature", "properties": { "fid": 290, "layer": "crowdmapping", "status": 0 }, "geometry": { "type": "Point", "coordinates": [ -47.098936199840651, -23.000985299809408, 0.0 ] } },
{ "type": "Feature", "properties": { "fid": 291, "layer": "crowdmapping", "status": 0 }, "geometry": { "type": "Point", "coordinates": [ -46.930333599836587, -23.195577499803857, 0.0 ] } },
{ "type": "Feature", "properties": { "fid": 292, "layer": "crowdmapping", "status": 0 }, "geometry": { "type": "Point", "coordinates": [ -47.006952099850501, -22.902201299820806, 0.0 ] } },
{ "type": "Feature", "properties": { "fid": 293, "layer": "crowdmapping", "status": 0 }, "geometry": { "type": "Point", "coordinates": [ -47.013523299849517, -22.914119799819645, 0.0 ] } },
{ "type": "Feature", "properties": { "fid": 294, "layer": "crowdmapping", "status": 0 }, "geometry": { "type": "Point", "coordinates": [ -47.069794899853065, -22.811613499824116, 0.0 ] } },
{ "type": "Feature", "properties": { "fid": 295, "layer": "crowdmapping", "status": 0 }, "geometry": { "type": "Point", "coordinates": [ -48.434403999788515, -22.858254699754298, 0.0 ] } },
{ "type": "Feature", "properties": { "fid": 296, "layer": "crowdmapping", "status": 0 }, "geometry": { "type": "Point", "coordinates": [ -47.207301499841662, -22.90235339981108, 0.0 ] } },
{ "type": "Feature", "properties": { "fid": 297, "layer": "crowdmapping", "status": 0 }, "geometry": { "type": "Point", "coordinates": [ -47.204344599841683, -22.904263299811085, 0.0 ] } },
{ "type": "Feature", "properties": { "fid": 298, "layer": "crowdmapping", "status": 0 }, "geometry": { "type": "Point", "coordinates": [ -47.202951699841783, -22.903898499811199, 0.0 ] } },
{ "type": "Feature", "properties": { "fid": 299, "layer": "crowdmapping", "status": 0 }, "geometry": { "type": "Point", "coordinates": [ -47.193948199842438, -22.89931199981195, 0.0 ] } },
{ "type": "Feature", "properties": { "fid": 300, "layer": "crowdmapping", "status": 0 }, "geometry": { "type": "Point", "coordinates": [ -47.178565799843518, -22.892729099813142, 0.0 ] } },
{ "type": "Feature", "properties": { "fid": 301, "layer": "crowdmapping", "status": 0 }, "geometry": { "type": "Point", "coordinates": [ -47.165709199844216, -22.890508699813942, 0.0 ] } },
{ "type": "Feature", "properties": { "fid": 302, "layer": "crowdmapping", "status": 0 }, "geometry": { "type": "Point", "coordinates": [ -47.360120399839076, -22.831443399808624, 0.0 ] } },
{ "type": "Feature", "properties": { "fid": 303, "layer": "crowdmapping", "status": 0 }, "geometry": { "type": "Point", "coordinates": [ -47.014431799854357, -22.830975999825458, 0.0 ] } },
{ "type": "Feature", "properties": { "fid": 304, "layer": "crowdmapping", "status": 0 }, "geometry": { "type": "Point", "coordinates": [ -47.009158599855517, -22.815139299826846, 0.0 ] } },
{ "type": "Feature", "properties": { "fid": 305, "layer": "crowdmapping", "status": 0 }, "geometry": { "type": "Point", "coordinates": [ -47.03064609985212, -22.856910299822822, 0.0 ] } },
{ "type": "Feature", "properties": { "fid": 306, "layer": "crowdmapping", "status": 0 }, "geometry": { "type": "Point", "coordinates": [ -47.030741599851858, -22.861466999822554, 0.0 ] } },
{ "type": "Feature", "properties": { "fid": 307, "layer": "crowdmapping", "status": 0 }, "geometry": { "type": "Point", "coordinates": [ -47.036600299850889, -22.87352319982136, 0.0 ] } },
{ "type": "Feature", "properties": { "fid": 308, "layer": "crowdmapping", "status": 0 }, "geometry": { "type": "Point", "coordinates": [ -47.027320399849636, -22.901833399819854, 0.0 ] } },
{ "type": "Feature", "properties": { "fid": 309, "layer": "crowdmapping", "status": 0 }, "geometry": { "type": "Point", "coordinates": [ -46.920392899838291, -23.174203699805844, 0.0 ] } },
{ "type": "Feature", "properties": { "fid": 310, "layer": "crowdmapping", "status": 0 }, "geometry": { "type": "Point", "coordinates": [ -46.907687199837923, -23.189682899805383, 0.0 ] } },
{ "type": "Feature", "properties": { "fid": 311, "layer": "crowdmapping", "status": 0 }, "geometry": { "type": "Point", "coordinates": [ -46.802686099825841, -23.471974199790456, 0.0 ] } },
{ "type": "Feature", "properties": { "fid": 312, "layer": "crowdmapping", "status": 0 }, "geometry": { "type": "Point", "coordinates": [ -46.820613099820285, -23.552261999783873, 0.0 ] } },
{ "type": "Feature", "properties": { "fid": 313, "layer": "crowdmapping", "status": 0 }, "geometry": { "type": "Point", "coordinates": [ -46.817284799819589, -23.566433399783062, 0.0 ] } },
{ "type": "Feature", "properties": { "fid": 314, "layer": "crowdmapping", "status": 0 }, "geometry": { "type": "Point", "coordinates": [ -46.811576599817826, -23.600286199780893, 0.0 ] } },
{ "type": "Feature", "properties": { "fid": 315, "layer": "crowdmapping", "status": 0 }, "geometry": { "type": "Point", "coordinates": [ -46.81333029981775, -23.600125599780821, 0.0 ] } },
{ "type": "Feature", "properties": { "fid": 316, "layer": "crowdmapping", "status": 0 }, "geometry": { "type": "Point", "coordinates": [ -47.006855399789359, -23.931124399747898, 0.0 ] } },
{ "type": "Feature", "properties": { "fid": 317, "layer": "crowdmapping", "status": 0 }, "geometry": { "type": "Point", "coordinates": [ -47.503075577672597, -24.309280090379428, 0.0 ] } },
{ "type": "Feature", "properties": { "fid": 318, "layer": "crowdmapping", "status": 0 }, "geometry": { "type": "Point", "coordinates": [ -47.747773499726371, -24.408588999678141, 0.0 ] } },
{ "type": "Feature", "properties": { "fid": 319, "layer": "crowdmapping", "status": 0 }, "geometry": { "type": "Point", "coordinates": [ -51.509050599721377, -21.475318099695766, 0.0 ] } },
{ "type": "Feature", "properties": { "fid": 320, "layer": "crowdmapping", "status": 0 }, "geometry": { "type": "Point", "coordinates": [ -51.514621299720758, -21.480701599695127, 0.0 ] } },
{ "type": "Feature", "properties": { "fid": 321, "layer": "crowdmapping", "status": 0 }, "geometry": { "type": "Point", "coordinates": [ -51.513126699720502, -21.486278899694796, 0.0 ] } },
{ "type": "Feature", "properties": { "fid": 322, "layer": "crowdmapping", "status": 0 }, "geometry": { "type": "Point", "coordinates": [ -51.264264999729043, -21.555698699702674, 0.0 ] } },
{ "type": "Feature", "properties": { "fid": 323, "layer": "crowdmapping", "status": 0 }, "geometry": { "type": "Point", "coordinates": [ -51.244133199729909, -21.558057999703511, 0.0 ] } },
{ "type": "Feature", "properties": { "fid": 324, "layer": "crowdmapping", "status": 0 }, "geometry": { "type": "Point", "coordinates": [ -51.224091899730546, -21.564569599704114, 0.0 ] } },
{ "type": "Feature", "properties": { "fid": 325, "layer": "crowdmapping", "status": 0 }, "geometry": { "type": "Point", "coordinates": [ -51.156237699731228, -21.610038099704468, 0.0 ] } },
{ "type": "Feature", "properties": { "fid": 326, "layer": "crowdmapping", "status": 0 }, "geometry": { "type": "Point", "coordinates": [ -51.15493029973122, -21.6110847997045, 0.0 ] } },
{ "type": "Feature", "properties": { "fid": 327, "layer": "crowdmapping", "status": 0 }, "geometry": { "type": "Point", "coordinates": [ -51.081745299731914, -21.66108149970481, 0.0 ] } },
{ "type": "Feature", "properties": { "fid": 328, "layer": "crowdmapping", "status": 0 }, "geometry": { "type": "Point", "coordinates": [ -51.052419699732013, -21.683854099704742, 0.0 ] } },
{ "type": "Feature", "properties": { "fid": 329, "layer": "crowdmapping", "status": 0 }, "geometry": { "type": "Point", "coordinates": [ -48.434403999788515, -22.858254699754298, 0.0 ] } },
{ "type": "Feature", "properties": { "fid": 330, "layer": "crowdmapping", "status": 0 }, "geometry": { "type": "Point", "coordinates": [ -48.426927499789578, -22.846376999755478, 0.0 ] } },
{ "type": "Feature", "properties": { "fid": 331, "layer": "crowdmapping", "status": 0 }, "geometry": { "type": "Point", "coordinates": [ -48.434536599788501, -22.858472499754292, 0.0 ] } },
{ "type": "Feature", "properties": { "fid": 332, "layer": "crowdmapping", "status": 0 }, "geometry": { "type": "Point", "coordinates": [ -47.084619299840789, -23.009257399809538, 0.0 ] } },
{ "type": "Feature", "properties": { "fid": 333, "layer": "crowdmapping", "status": 0 }, "geometry": { "type": "Point", "coordinates": [ -47.080721099840439, -23.017890399809112, 0.0 ] } },
{ "type": "Feature", "properties": { "fid": 334, "layer": "crowdmapping", "status": 0 }, "geometry": { "type": "Point", "coordinates": [ -47.071312299839846, -23.035150899808357, 0.0 ] } },
{ "type": "Feature", "properties": { "fid": 335, "layer": "crowdmapping", "status": 0 }, "geometry": { "type": "Point", "coordinates": [ -47.040646799839656, -23.061194499807982, 0.0 ] } },
{ "type": "Feature", "properties": { "fid": 336, "layer": "crowdmapping", "status": 0 }, "geometry": { "type": "Point", "coordinates": [ -47.013021199838654, -23.098806499806702, 0.0 ] } },
{ "type": "Feature", "properties": { "fid": 337, "layer": "crowdmapping", "status": 0 }, "geometry": { "type": "Point", "coordinates": [ -46.978839799837935, -23.136489699805701, 0.0 ] } },
{ "type": "Feature", "properties": { "fid": 338, "layer": "crowdmapping", "status": 0 }, "geometry": { "type": "Point", "coordinates": [ -46.954858899837888, -23.155183399805519, 0.0 ] } },
{ "type": "Feature", "properties": { "fid": 339, "layer": "crowdmapping", "status": 0 }, "geometry": { "type": "Point", "coordinates": [ -46.947385099837696, -23.163987499805273, 0.0 ] } },
{ "type": "Feature", "properties": { "fid": 340, "layer": "crowdmapping", "status": 0 }, "geometry": { "type": "Point", "coordinates": [ -46.921537399835977, -23.212570099803091, 0.0 ] } },
{ "type": "Feature", "properties": { "fid": 341, "layer": "crowdmapping", "status": 0 }, "geometry": { "type": "Point", "coordinates": [ -46.782674899833076, -23.364557099799015, 0.0 ] } },
{ "type": "Feature", "properties": { "fid": 342, "layer": "crowdmapping", "status": 0 }, "geometry": { "type": "Point", "coordinates": [ -46.744108099828225, -23.475104799793023, 0.0 ] } },
{ "type": "Feature", "properties": { "fid": 343, "layer": "crowdmapping", "status": 0 }, "geometry": { "type": "Point", "coordinates": [ -46.721010899827242, -23.50892319979177, 0.0 ] } },
{ "type": "Feature", "properties": { "fid": 344, "layer": "crowdmapping", "status": 0 }, "geometry": { "type": "Point", "coordinates": [ -46.740883499824463, -23.540861499788537, 0.0 ] } },
{ "type": "Feature", "properties": { "fid": 345, "layer": "crowdmapping", "status": 0 }, "geometry": { "type": "Point", "coordinates": [ -46.709907199824961, -23.555518999788987, 0.0 ] } },
{ "type": "Feature", "properties": { "fid": 346, "layer": "crowdmapping", "status": 0 }, "geometry": { "type": "Point", "coordinates": [ -47.626372399834132, -22.713711099803859, 0.0 ] } },
{ "type": "Feature", "properties": { "fid": 347, "layer": "crowdmapping", "status": 0 }, "geometry": { "type": "Point", "coordinates": [ -51.341054499795291, -20.392646399775597, 0.0 ] } },
{ "type": "Feature", "properties": { "fid": 348, "layer": "crowdmapping", "status": 0 }, "geometry": { "type": "Point", "coordinates": [ -51.340904299795262, -20.39344079977554, 0.0 ] } },
{ "type": "Feature", "properties": { "fid": 349, "layer": "crowdmapping", "status": 0 }, "geometry": { "type": "Point", "coordinates": [ -51.346064899795216, -20.389728699775546, 0.0 ] } },
{ "type": "Feature", "properties": { "fid": 350, "layer": "crowdmapping", "status": 0 }, "geometry": { "type": "Point", "coordinates": [ -51.351933599794272, -20.400732699774526, 0.0 ] } },
{ "type": "Feature", "properties": { "fid": 351, "layer": "crowdmapping", "status": 0 }, "geometry": { "type": "Point", "coordinates": [ -51.361070499792, -20.430839899772081, 0.0 ] } },
{ "type": "Feature", "properties": { "fid": 352, "layer": "crowdmapping", "status": 0 }, "geometry": { "type": "Point", "coordinates": [ -47.60170649983035, -22.796431399799268, 0.0 ] } },
{ "type": "Feature", "properties": { "fid": 353, "layer": "crowdmapping", "status": 0 }, "geometry": { "type": "Point", "coordinates": [ -48.880287199699595, -23.966832499654966, 0.0 ] } },
{ "type": "Feature", "properties": { "fid": 354, "layer": "crowdmapping", "status": 0 }, "geometry": { "type": "Point", "coordinates": [ -48.879160599699617, -23.967406099654962, 0.0 ] } },
{ "type": "Feature", "properties": { "fid": 355, "layer": "crowdmapping", "status": 0 }, "geometry": { "type": "Point", "coordinates": [ -48.88043199969961, -23.966307999654965, 0.0 ] } },
{ "type": "Feature", "properties": { "fid": 356, "layer": "crowdmapping", "status": 0 }, "geometry": { "type": "Point", "coordinates": [ -48.879106999699559, -23.968493199654887, 0.0 ] } },
{ "type": "Feature", "properties": { "fid": 357, "layer": "crowdmapping", "status": 0 }, "geometry": { "type": "Point", "coordinates": [ -48.878849499699513, -23.969238299654826, 0.0 ] } },
{ "type": "Feature", "properties": { "fid": 358, "layer": "crowdmapping", "status": 0 }, "geometry": { "type": "Point", "coordinates": [ -48.876016799699478, -23.972102699654787, 0.0 ] } },
{ "type": "Feature", "properties": { "fid": 359, "layer": "crowdmapping", "status": 0 }, "geometry": { "type": "Point", "coordinates": [ -48.868283499699587, -23.976283999654875, 0.0 ] } },
{ "type": "Feature", "properties": { "fid": 360, "layer": "crowdmapping", "status": 0 }, "geometry": { "type": "Point", "coordinates": [ -48.86978589969943, -23.977820499654669, 0.0 ] } },
{ "type": "Feature", "properties": { "fid": 361, "layer": "crowdmapping", "status": 0 }, "geometry": { "type": "Point", "coordinates": [ -48.883292599697995, -23.990207599653129, 0.0 ] } },
{ "type": "Feature", "properties": { "fid": 362, "layer": "crowdmapping", "status": 0 }, "geometry": { "type": "Point", "coordinates": [ -48.884660499697532, -23.996637499652671, 0.0 ] } },
{ "type": "Feature", "properties": { "fid": 363, "layer": "crowdmapping", "status": 0 }, "geometry": { "type": "Point", "coordinates": [ -46.557797999824238, -23.679921999787428, 660.4 ] } },
{ "type": "Feature", "properties": { "fid": 364, "layer": "crowdmapping", "status": 0 }, "geometry": { "type": "Point", "coordinates": [ -47.110238999840675, -22.992033999809493, 642.6 ] } },
{ "type": "Feature", "properties": { "fid": 365, "layer": "crowdmapping", "status": 0 }, "geometry": { "type": "Point", "coordinates": [ -46.72708799982442, -23.5517169997884, 720.0 ] } },
{ "type": "Feature", "properties": { "fid": 366, "layer": "crowdmapping", "status": 0 }, "geometry": { "type": "Point", "coordinates": [ -47.474399876381348, -22.966975420194544, 536.8 ] } },
{ "type": "Feature", "properties": { "fid": 367, "layer": "crowdmapping", "status": 0 }, "geometry": { "type": "Point", "coordinates": [ -47.455216054418166, -22.999857289320534, 575.8 ] } },
{ "type": "Feature", "properties": { "fid": 368, "layer": "crowdmapping", "status": 0 }, "geometry": { "type": "Point", "coordinates": [ -47.441280999824649, -23.013897999791869, 517.4 ] } },
{ "type": "Feature", "properties": { "fid": 369, "layer": "crowdmapping", "status": 0 }, "geometry": { "type": "Point", "coordinates": [ -47.427972289163861, -23.030197769628838, 568.8 ] } },
{ "type": "Feature", "properties": { "fid": 370, "layer": "crowdmapping", "status": 0 }, "geometry": { "type": "Point", "coordinates": [ -47.350247826453405, -23.14974716772959, 551.0 ] } },
{ "type": "Feature", "properties": { "fid": 371, "layer": "crowdmapping", "status": 0 }, "geometry": { "type": "Point", "coordinates": [ -47.345508271283556, -23.156912418751258, 548.6 ] } },
{ "type": "Feature", "properties": { "fid": 372, "layer": "crowdmapping", "status": 0 }, "geometry": { "type": "Point", "coordinates": [ -47.337799263322133, -23.169129595950704, 543.8 ] } },
{ "type": "Feature", "properties": { "fid": 373, "layer": "crowdmapping", "status": 0 }, "geometry": { "type": "Point", "coordinates": [ -47.430849187582687, -23.025670318229803, 500.0 ] } },
{ "type": "Feature", "properties": { "fid": 374, "layer": "crowdmapping", "status": 0 }, "geometry": { "type": "Point", "coordinates": [ -47.442884999824678, -23.012245999791883, 519.0 ] } },
{ "type": "Feature", "properties": { "fid": 375, "layer": "crowdmapping", "status": 0 }, "geometry": { "type": "Point", "coordinates": [ -47.454417772953427, -23.000751981590188, 564.4 ] } },
{ "type": "Feature", "properties": { "fid": 376, "layer": "crowdmapping", "status": 0 }, "geometry": { "type": "Point", "coordinates": [ -47.470834604815231, -22.974890747278465, 530.4 ] } },
{ "type": "Feature", "properties": { "fid": 377, "layer": "crowdmapping", "status": 0 }, "geometry": { "type": "Point", "coordinates": [ -47.473395275793898, -22.967594377562122, 540.0 ] } },
{ "type": "Feature", "properties": { "fid": 378, "layer": "crowdmapping", "status": 0 }, "geometry": { "type": "Point", "coordinates": [ -47.474700678092702, -22.962852894176166, 528.8 ] } },
{ "type": "Feature", "properties": { "fid": 379, "layer": "crowdmapping", "status": 0 }, "geometry": { "type": "Point", "coordinates": [ -47.476829428665198, -22.957650567142682, 532.0 ] } },
{ "type": "Feature", "properties": { "fid": 380, "layer": "crowdmapping", "status": 0 }, "geometry": { "type": "Point", "coordinates": [ -47.477442601384617, -22.952698908201988, 534.4 ] } },
{ "type": "Feature", "properties": { "fid": 381, "layer": "crowdmapping", "status": 0 }, "geometry": { "type": "Point", "coordinates": [ -47.483647600789183, -22.941677224983547, 548.8 ] } },
{ "type": "Feature", "properties": { "fid": 382, "layer": "crowdmapping", "status": 0 }, "geometry": { "type": "Point", "coordinates": [ -47.490141999827131, -22.935393999795004, 561.8 ] } },
{ "type": "Feature", "properties": { "fid": 383, "layer": "crowdmapping", "status": 0 }, "geometry": { "type": "Point", "coordinates": [ -47.507169908973616, -22.910513396401221, 652.2 ] } },
{ "type": "Feature", "properties": { "fid": 384, "layer": "crowdmapping", "status": 0 }, "geometry": { "type": "Point", "coordinates": [ -47.570396114840136, -22.828930573277912, 583.4 ] } },
{ "type": "Feature", "properties": { "fid": 385, "layer": "crowdmapping", "status": 0 }, "geometry": { "type": "Point", "coordinates": [ -47.605508929992027, -22.725470210302184, 589.0 ] } },
{ "type": "Feature", "properties": { "fid": 386, "layer": "crowdmapping", "status": 0 }, "geometry": { "type": "Point", "coordinates": [ -44.966105754668, -22.644131909082756, 576.8 ] } },
{ "type": "Feature", "properties": { "fid": 387, "layer": "crowdmapping", "status": 0 }, "geometry": { "type": "Point", "coordinates": [ -44.971582999952908, -22.593142999940902, 515.2 ] } },
{ "type": "Feature", "properties": { "fid": 388, "layer": "crowdmapping", "status": 0 }, "geometry": { "type": "Point", "coordinates": [ -47.672551613562078, -22.698663488632597, 0.0 ] } },
{ "type": "Feature", "properties": { "fid": 389, "layer": "crowdmapping", "status": 0 }, "geometry": { "type": "Point", "coordinates": [ -47.673688441067434, -22.701358190867513, 0.0 ] } },
{ "type": "Feature", "properties": { "fid": 390, "layer": "crowdmapping", "status": 0 }, "geometry": { "type": "Point", "coordinates": [ -47.675611223391307, -22.702607297632657, 0.0 ] } },
{ "type": "Feature", "properties": { "fid": 391, "layer": "crowdmapping", "status": 0 }, "geometry": { "type": "Point", "coordinates": [ -47.686081264366557, -22.706663385892512, 0.0 ] } },
{ "type": "Feature", "properties": { "fid": 392, "layer": "crowdmapping", "status": 0 }, "geometry": { "type": "Point", "coordinates": [ -47.685470745891458, -22.704684463938747, 0.0 ] } },
{ "type": "Feature", "properties": { "fid": 393, "layer": "crowdmapping", "status": 0 }, "geometry": { "type": "Point", "coordinates": [ -47.687997029236691, -22.707624777054448, 0.0 ] } },
{ "type": "Feature", "properties": { "fid": 394, "layer": "crowdmapping", "status": 0 }, "geometry": { "type": "Point", "coordinates": [ -47.688372463011561, -22.683463683838767, 0.0 ] } },
{ "type": "Feature", "properties": { "fid": 395, "layer": "crowdmapping", "status": 0 }, "geometry": { "type": "Point", "coordinates": [ -47.68278656983707, -22.685954879915336, 0.0 ] } },
{ "type": "Feature", "properties": { "fid": 396, "layer": "crowdmapping", "status": 0 }, "geometry": { "type": "Point", "coordinates": [ -47.679740994915242, -22.654137744672738, 0.0 ] } },
{ "type": "Feature", "properties": { "fid": 397, "layer": "crowdmapping", "status": 0 }, "geometry": { "type": "Point", "coordinates": [ -47.68842860264138, -22.63556956208522, 0.0 ] } },
{ "type": "Feature", "properties": { "fid": 398, "layer": "crowdmapping", "status": 0 }, "geometry": { "type": "Point", "coordinates": [ -47.696751302773194, -22.631022252063779, 0.0 ] } },
{ "type": "Feature", "properties": { "fid": 399, "layer": "crowdmapping", "status": 0 }, "geometry": { "type": "Point", "coordinates": [ -48.278218659267864, -23.192832557758386, 0.0 ] } },
{ "type": "Feature", "properties": { "fid": 400, "layer": "crowdmapping", "status": 0 }, "geometry": { "type": "Point", "coordinates": [ -46.227503779037143, -23.164319487492104, 0.0 ] } },
{ "type": "Feature", "properties": { "fid": 401, "layer": "crowdmapping", "status": 0 }, "geometry": { "type": "Point", "coordinates": [ -46.241836776842916, -23.1689406211106, 0.0 ] } },
{ "type": "Feature", "properties": { "fid": 402, "layer": "crowdmapping", "status": 0 }, "geometry": { "type": "Point", "coordinates": [ -47.857129888534011, -22.013829367851162, 0.0 ] } },
{ "type": "Feature", "properties": { "fid": 403, "layer": "crowdmapping", "status": 0 }, "geometry": { "type": "Point", "coordinates": [ -45.375430311951135, -22.884699776390022, 0.0 ] } },
{ "type": "Feature", "properties": { "fid": 404, "layer": "crowdmapping", "status": 0 }, "geometry": { "type": "Point", "coordinates": [ -45.462289682351404, -22.946672286570813, 0.0 ] } },
{ "type": "Feature", "properties": { "fid": 405, "layer": "crowdmapping", "status": 0 }, "geometry": { "type": "Point", "coordinates": [ -48.818016906092794, -22.54617174467019, 0.0 ] } },
{ "type": "Feature", "properties": { "fid": 406, "layer": "crowdmapping", "status": 0 }, "geometry": { "type": "Point", "coordinates": [ -47.6051811332553, -22.724833898989711, 0.0 ] } },
{ "type": "Feature", "properties": { "fid": 407, "layer": "crowdmapping", "status": 0 }, "geometry": { "type": "Point", "coordinates": [ -47.601062463669081, -22.725821145632086, 0.0 ] } },
{ "type": "Feature", "properties": { "fid": 408, "layer": "crowdmapping", "status": 0 }, "geometry": { "type": "Point", "coordinates": [ -47.601617789905426, -22.731289566487153, 0.0 ] } },
{ "type": "Feature", "properties": { "fid": 409, "layer": "crowdmapping", "status": 0 }, "geometry": { "type": "Point", "coordinates": [ -47.574298824223291, -22.825000868869374, 0.0 ] } },
{ "type": "Feature", "properties": { "fid": 410, "layer": "crowdmapping", "status": 0 }, "geometry": { "type": "Point", "coordinates": [ -47.490128335095939, -22.93509429522361, 0.0 ] } },
{ "type": "Feature", "properties": { "fid": 411, "layer": "crowdmapping", "status": 0 }, "geometry": { "type": "Point", "coordinates": [ -47.475282999354278, -22.960172673799384, 0.0 ] } },
{ "type": "Feature", "properties": { "fid": 412, "layer": "crowdmapping", "status": 0 }, "geometry": { "type": "Point", "coordinates": [ -47.476131414437582, -22.960442624053162, 0.0 ] } },
{ "type": "Feature", "properties": { "fid": 413, "layer": "crowdmapping", "status": 0 }, "geometry": { "type": "Point", "coordinates": [ -47.475319635460124, -22.963082351891863, 0.0 ] } },
{ "type": "Feature", "properties": { "fid": 414, "layer": "crowdmapping", "status": 0 }, "geometry": { "type": "Point", "coordinates": [ -47.471652168440947, -22.974960163058007, 0.0 ] } },
{ "type": "Feature", "properties": { "fid": 415, "layer": "crowdmapping", "status": 0 }, "geometry": { "type": "Point", "coordinates": [ -47.403715330645966, -23.073397523097388, 0.0 ] } },
{ "type": "Feature", "properties": { "fid": 416, "layer": "crowdmapping", "status": 0 }, "geometry": { "type": "Point", "coordinates": [ -47.404100973865624, -23.073374384504209, 0.0 ] } },
{ "type": "Feature", "properties": { "fid": 417, "layer": "crowdmapping", "status": 0 }, "geometry": { "type": "Point", "coordinates": [ -47.28852779838671, -23.26796175823625, 0.0 ] } },
{ "type": "Feature", "properties": { "fid": 418, "layer": "crowdmapping", "status": 0 }, "geometry": { "type": "Point", "coordinates": [ -47.285460488628175, -23.264534354121341, 0.0 ] } },
{ "type": "Feature", "properties": { "fid": 419, "layer": "crowdmapping", "status": 0 }, "geometry": { "type": "Point", "coordinates": [ -44.974155815851809, -22.633671818802966, 0.0 ] } },
{ "type": "Feature", "properties": { "fid": 420, "layer": "gbif", "status": 0 }, "geometry": { "type": "Point", "coordinates": [ -46.688074, -23.488314, 0.0 ] } },
{ "type": "Feature", "properties": { "fid": 421, "layer": "gbif", "status": 0 }, "geometry": { "type": "Point", "coordinates": [ -46.626778, -23.573697, 0.0 ] } },
{ "type": "Feature", "properties": { "fid": 422, "layer": "gbif", "status": 0 }, "geometry": { "type": "Point", "coordinates": [ -46.640047, -23.46916, 0.0 ] } },
{ "type": "Feature", "properties": { "fid": 423, "layer": "gbif", "status": 0 }, "geometry": { "type": "Point", "coordinates": [ -46.73263, -23.562153, 0.0 ] } },
{ "type": "Feature", "properties": { "fid": 424, "layer": "gbif", "status": 0 }, "geometry": { "type": "Point", "coordinates": [ -46.717738, -23.562878, 0.0 ] } },
{ "type": "Feature", "properties": { "fid": 425, "layer": "gbif", "status": 0 }, "geometry": { "type": "Point", "coordinates": [ -51.698954, -20.771632, 0.0 ] } },
{ "type": "Feature", "properties": { "fid": 426, "layer": "gbif", "status": 0 }, "geometry": { "type": "Point", "coordinates": [ -48.444405, -22.91468, 0.0 ] } },
{ "type": "Feature", "properties": { "fid": 427, "layer": "gbif", "status": 0 }, "geometry": { "type": "Point", "coordinates": [ -46.290662, -23.000744, 0.0 ] } },
{ "type": "Feature", "properties": { "fid": 428, "layer": "gbif", "status": 0 }, "geometry": { "type": "Point", "coordinates": [ -45.375354, -22.884799, 0.0 ] } },
{ "type": "Feature", "properties": { "fid": 429, "layer": "gbif", "status": 0 }, "geometry": { "type": "Point", "coordinates": [ -46.822919, -23.485376, 0.0 ] } },
{ "type": "Feature", "properties": { "fid": 430, "layer": "gbif", "status": 0 }, "geometry": { "type": "Point", "coordinates": [ -46.355353, -23.950558, 0.0 ] } },
{ "type": "Feature", "properties": { "fid": 431, "layer": "gbif", "status": 0 }, "geometry": { "type": "Point", "coordinates": [ -46.569941, -23.660851, 0.0 ] } },
{ "type": "Feature", "properties": { "fid": 432, "layer": "gbif", "status": 0 }, "geometry": { "type": "Point", "coordinates": [ -47.087748, -22.818515, 0.0 ] } },
{ "type": "Feature", "properties": { "fid": 433, "layer": "gbif", "status": 0 }, "geometry": { "type": "Point", "coordinates": [ -46.71712, -23.573238, 0.0 ] } },
{ "type": "Feature", "properties": { "fid": 434, "layer": "gbif", "status": 0 }, "geometry": { "type": "Point", "coordinates": [ -46.924193, -22.433893, 0.0 ] } },
{ "type": "Feature", "properties": { "fid": 435, "layer": "gbif", "status": 0 }, "geometry": { "type": "Point", "coordinates": [ -47.218176, -23.078306, 0.0 ] } },
{ "type": "Feature", "properties": { "fid": 436, "layer": "gbif", "status": 0 }, "geometry": { "type": "Point", "coordinates": [ -46.630458, -23.665427, 0.0 ] } },
{ "type": "Feature", "properties": { "fid": 437, "layer": "gbif", "status": 0 }, "geometry": { "type": "Point", "coordinates": [ -46.64028, -23.0569, 0.0 ] } },
{ "type": "Feature", "properties": { "fid": 438, "layer": "gbif", "status": 0 }, "geometry": { "type": "Point", "coordinates": [ -46.557207, -23.680052, 0.0 ] } },
{ "type": "Feature", "properties": { "fid": 439, "layer": "gbif", "status": 0 }, "geometry": { "type": "Point", "coordinates": [ -46.56569, -23.588143, 0.0 ] } },
{ "type": "Feature", "properties": { "fid": 440, "layer": "gbif", "status": 0 }, "geometry": { "type": "Point", "coordinates": [ -46.993978, -22.976858, 0.0 ] } },
{ "type": "Feature", "properties": { "fid": 441, "layer": "gbif", "status": 0 }, "geometry": { "type": "Point", "coordinates": [ -46.71421, -23.480851, 0.0 ] } },
{ "type": "Feature", "properties": { "fid": 442, "layer": "gbif", "status": 0 }, "geometry": { "type": "Point", "coordinates": [ -46.97625, -22.948583, 0.0 ] } },
{ "type": "Feature", "properties": { "fid": 443, "layer": "gbif", "status": 0 }, "geometry": { "type": "Point", "coordinates": [ -46.683339, -23.550429, 0.0 ] } },
{ "type": "Feature", "properties": { "fid": 444, "layer": "gbif", "status": 0 }, "geometry": { "type": "Point", "coordinates": [ -45.462317, -22.946696, 0.0 ] } },
{ "type": "Feature", "properties": { "fid": 445, "layer": "gbif", "status": 0 }, "geometry": { "type": "Point", "coordinates": [ -46.400495, -23.47327, 0.0 ] } },
{ "type": "Feature", "properties": { "fid": 446, "layer": "gbif", "status": 0 }, "geometry": { "type": "Point", "coordinates": [ -51.002026, -20.175939, 0.0 ] } },
{ "type": "Feature", "properties": { "fid": 447, "layer": "gbif", "status": 0 }, "geometry": { "type": "Point", "coordinates": [ -47.635045, -22.71493, 0.0 ] } },
{ "type": "Feature", "properties": { "fid": 448, "layer": "gbif", "status": 0 }, "geometry": { "type": "Point", "coordinates": [ -51.0019, -20.175806, 0.0 ] } },
{ "type": "Feature", "properties": { "fid": 449, "layer": "gbif", "status": 0 }, "geometry": { "type": "Point", "coordinates": [ -47.845631, -24.505326, 0.0 ] } },
{ "type": "Feature", "properties": { "fid": 450, "layer": "gbif", "status": 0 }, "geometry": { "type": "Point", "coordinates": [ -46.830562, -22.999638, 0.0 ] } },
{ "type": "Feature", "properties": { "fid": 451, "layer": "gbif", "status": 0 }, "geometry": { "type": "Point", "coordinates": [ -47.683469, -22.684251, 0.0 ] } },
{ "type": "Feature", "properties": { "fid": 452, "layer": "gbif", "status": 0 }, "geometry": { "type": "Point", "coordinates": [ -46.641312, -23.458406, 0.0 ] } },
{ "type": "Feature", "properties": { "fid": 453, "layer": "gbif", "status": 0 }, "geometry": { "type": "Point", "coordinates": [ -51.48988, -21.499414, 0.0 ] } },
{ "type": "Feature", "properties": { "fid": 454, "layer": "gbif", "status": 0 }, "geometry": { "type": "Point", "coordinates": [ -47.683342, -22.684648, 0.0 ] } },
{ "type": "Feature", "properties": { "fid": 455, "layer": "gbif", "status": 0 }, "geometry": { "type": "Point", "coordinates": [ -46.77354, -22.703054, 0.0 ] } },
{ "type": "Feature", "properties": { "fid": 456, "layer": "gbif", "status": 0 }, "geometry": { "type": "Point", "coordinates": [ -49.341731, -20.824741, 0.0 ] } },
{ "type": "Feature", "properties": { "fid": 457, "layer": "gbif", "status": 0 }, "geometry": { "type": "Point", "coordinates": [ -46.565986, -23.538872, 0.0 ] } },
{ "type": "Feature", "properties": { "fid": 458, "layer": "gbif", "status": 0 }, "geometry": { "type": "Point", "coordinates": [ -47.719767, -22.682987, 0.0 ] } },
{ "type": "Feature", "properties": { "fid": 459, "layer": "gbif", "status": 0 }, "geometry": { "type": "Point", "coordinates": [ -47.217785, -23.095243, 0.0 ] } },
{ "type": "Feature", "properties": { "fid": 460, "layer": "gbif", "status": 0 }, "geometry": { "type": "Point", "coordinates": [ -47.225727, -23.096494, 0.0 ] } },
{ "type": "Feature", "properties": { "fid": 461, "layer": "gbif", "status": 0 }, "geometry": { "type": "Point", "coordinates": [ -46.664167, -23.548333, 0.0 ] } },
{ "type": "Feature", "properties": { "fid": 462, "layer": "gbif", "status": 0 }, "geometry": { "type": "Point", "coordinates": [ -47.879403, -21.983842, 0.0 ] } },
{ "type": "Feature", "properties": { "fid": 463, "layer": "gbif", "status": 0 }, "geometry": { "type": "Point", "coordinates": [ -47.8, -21.166667, 0.0 ] } },
{ "type": "Feature", "properties": { "fid": 464, "layer": "gbif", "status": 0 }, "geometry": { "type": "Point", "coordinates": [ -47.810278, -21.166667, 0.0 ] } },
{ "type": "Feature", "properties": { "fid": 465, "layer": "gbif", "status": 0 }, "geometry": { "type": "Point", "coordinates": [ -47.855, -21.169444, 0.0 ] } },
{ "type": "Feature", "properties": { "fid": 466, "layer": "gbif", "status": 0 }, "geometry": { "type": "Point", "coordinates": [ -47.8, -21.166667, 0.0 ] } },
{ "type": "Feature", "properties": { "fid": 467, "layer": "gbif", "status": 0 }, "geometry": { "type": "Point", "coordinates": [ -47.8, -21.166667, 0.0 ] } },
{ "type": "Feature", "properties": { "fid": 468, "layer": "gbif", "status": 0 }, "geometry": { "type": "Point", "coordinates": [ -46.730477, -23.569786, 0.0 ] } },
{ "type": "Feature", "properties": { "fid": 469, "layer": "gbif", "status": 0 }, "geometry": { "type": "Point", "coordinates": [ -46.872282, -23.479069, 0.0 ] } },
{ "type": "Feature", "properties": { "fid": 470, "layer": "gbif", "status": 0 }, "geometry": { "type": "Point", "coordinates": [ -46.566111, -23.676667, 0.0 ] } },
{ "type": "Feature", "properties": { "fid": 471, "layer": "gbif", "status": 0 }, "geometry": { "type": "Point", "coordinates": [ -47.599617, -23.426765, 0.0 ] } },
{ "type": "Feature", "properties": { "fid": 472, "layer": "gbif", "status": 0 }, "geometry": { "type": "Point", "coordinates": [ -51.83561, -21.877809, 0.0 ] } },
{ "type": "Feature", "properties": { "fid": 473, "layer": "gbif", "status": 0 }, "geometry": { "type": "Point", "coordinates": [ -46.518439, -23.49292, 0.0 ] } },
{ "type": "Feature", "properties": { "fid": 474, "layer": "gbif", "status": 0 }, "geometry": { "type": "Point", "coordinates": [ -47.286938, -23.27603, 0.0 ] } },
{ "type": "Feature", "properties": { "fid": 475, "layer": "gbif", "status": 0 }, "geometry": { "type": "Point", "coordinates": [ -47.630766, -22.716668, 0.0 ] } },
{ "type": "Feature", "properties": { "fid": 476, "layer": "gbif", "status": 0 }, "geometry": { "type": "Point", "coordinates": [ -47.137694, -22.952101, 0.0 ] } },
{ "type": "Feature", "properties": { "fid": 477, "layer": "gbif", "status": 0 }, "geometry": { "type": "Point", "coordinates": [ -47.584722, -22.59, 0.0 ] } },
{ "type": "Feature", "properties": { "fid": 478, "layer": "gbif", "status": 0 }, "geometry": { "type": "Point", "coordinates": [ -47.0, -22.0, 0.0 ] } },
{ "type": "Feature", "properties": { "fid": 479, "layer": "gbif", "status": 0 }, "geometry": { "type": "Point", "coordinates": [ -47.0, -22.0, 0.0 ] } },
{ "type": "Feature", "properties": { "fid": 480, "layer": "gbif", "status": 0 }, "geometry": { "type": "Point", "coordinates": [ -47.0, -22.0, 0.0 ] } },
{ "type": "Feature", "properties": { "fid": 481, "layer": "gbif", "status": 0 }, "geometry": { "type": "Point", "coordinates": [ -46.729177, -23.560579, 0.0 ] } },
{ "type": "Feature", "properties": { "fid": 482, "layer": "gbif", "status": 0 }, "geometry": { "type": "Point", "coordinates": [ -46.759473, -23.538128, 0.0 ] } },
{ "type": "Feature", "properties": { "fid": 483, "layer": "gbif", "status": 0 }, "geometry": { "type": "Point", "coordinates": [ -46.610884, -23.588034, 0.0 ] } },
{ "type": "Feature", "properties": { "fid": 484, "layer": "gbif", "status": 0 }, "geometry": { "type": "Point", "coordinates": [ -47.311378, -23.248015, 0.0 ] } },
{ "type": "Feature", "properties": { "fid": 485, "layer": "gbif", "status": 0 }, "geometry": { "type": "Point", "coordinates": [ -47.613488, -22.397873, 0.0 ] } },
{ "type": "Feature", "properties": { "fid": 486, "layer": "gbif", "status": 0 }, "geometry": { "type": "Point", "coordinates": [ -46.759421, -23.537828, 0.0 ] } },
{ "type": "Feature", "properties": { "fid": 487, "layer": "gbif", "status": 0 }, "geometry": { "type": "Point", "coordinates": [ -46.42692, -23.688377, 0.0 ] } },
{ "type": "Feature", "properties": { "fid": 488, "layer": "gbif", "status": 0 }, "geometry": { "type": "Point", "coordinates": [ -46.16553, -23.286875, 0.0 ] } },
{ "type": "Feature", "properties": { "fid": 489, "layer": "gbif", "status": 0 }, "geometry": { "type": "Point", "coordinates": [ -46.786655, -23.648514, 0.0 ] } },
{ "type": "Feature", "properties": { "fid": 490, "layer": "gbif", "status": 0 }, "geometry": { "type": "Point", "coordinates": [ -45.055153, -23.416588, 0.0 ] } },
{ "type": "Feature", "properties": { "fid": 491, "layer": "gbif", "status": 0 }, "geometry": { "type": "Point", "coordinates": [ -48.438605, -22.894117, 0.0 ] } },
{ "type": "Feature", "properties": { "fid": 492, "layer": "gbif", "status": 0 }, "geometry": { "type": "Point", "coordinates": [ -49.09008, -22.303421, 0.0 ] } },
{ "type": "Feature", "properties": { "fid": 493, "layer": "gbif", "status": 0 }, "geometry": { "type": "Point", "coordinates": [ -47.012947, -22.976206, 0.0 ] } },
{ "type": "Feature", "properties": { "fid": 494, "layer": "gbif", "status": 0 }, "geometry": { "type": "Point", "coordinates": [ -47.474013, -22.994417, 0.0 ] } },
{ "type": "Feature", "properties": { "fid": 495, "layer": "gbif", "status": 0 }, "geometry": { "type": "Point", "coordinates": [ -47.501923, -23.486607, 0.0 ] } },
{ "type": "Feature", "properties": { "fid": 496, "layer": "gbif", "status": 0 }, "geometry": { "type": "Point", "coordinates": [ -46.585781, -23.574553, 0.0 ] } },
{ "type": "Feature", "properties": { "fid": 497, "layer": "gbif", "status": 0 }, "geometry": { "type": "Point", "coordinates": [ -46.729495, -23.544722, 0.0 ] } },
{ "type": "Feature", "properties": { "fid": 498, "layer": "gbif", "status": 0 }, "geometry": { "type": "Point", "coordinates": [ -46.724546, -23.466931, 0.0 ] } },
{ "type": "Feature", "properties": { "fid": 499, "layer": "gbif", "status": 0 }, "geometry": { "type": "Point", "coordinates": [ -47.474013, -22.994417, 0.0 ] } },
{ "type": "Feature", "properties": { "fid": 500, "layer": "gbif", "status": 0 }, "geometry": { "type": "Point", "coordinates": [ -48.133131, -20.549017, 0.0 ] } },
{ "type": "Feature", "properties": { "fid": 501, "layer": "gbif", "status": 0 }, "geometry": { "type": "Point", "coordinates": [ -46.641312, -23.458406, 0.0 ] } },
{ "type": "Feature", "properties": { "fid": 502, "layer": "gbif", "status": 0 }, "geometry": { "type": "Point", "coordinates": [ -47.510697, -23.51393, 0.0 ] } },
{ "type": "Feature", "properties": { "fid": 503, "layer": "gbif", "status": 0 }, "geometry": { "type": "Point", "coordinates": [ -46.649514, -23.587021, 0.0 ] } },
{ "type": "Feature", "properties": { "fid": 504, "layer": "gbif", "status": 0 }, "geometry": { "type": "Point", "coordinates": [ -46.46547, -23.511089, 0.0 ] } },
{ "type": "Feature", "properties": { "fid": 505, "layer": "gbif", "status": 0 }, "geometry": { "type": "Point", "coordinates": [ -45.055194, -23.416613, 0.0 ] } },
{ "type": "Feature", "properties": { "fid": 506, "layer": "gbif", "status": 0 }, "geometry": { "type": "Point", "coordinates": [ -48.194831, -21.784999, 0.0 ] } },
{ "type": "Feature", "properties": { "fid": 507, "layer": "gbif", "status": 0 }, "geometry": { "type": "Point", "coordinates": [ -45.426119, -23.645894, 0.0 ] } },
{ "type": "Feature", "properties": { "fid": 508, "layer": "gbif", "status": 0 }, "geometry": { "type": "Point", "coordinates": [ -46.917641, -23.184278, 0.0 ] } },
{ "type": "Feature", "properties": { "fid": 509, "layer": "gbif", "status": 0 }, "geometry": { "type": "Point", "coordinates": [ -47.204554, -22.654276, 0.0 ] } },
{ "type": "Feature", "properties": { "fid": 510, "layer": "gbif", "status": 0 }, "geometry": { "type": "Point", "coordinates": [ -46.63695, -23.503568, 0.0 ] } },
{ "type": "Feature", "properties": { "fid": 511, "layer": "gbif", "status": 0 }, "geometry": { "type": "Point", "coordinates": [ -46.927417, -23.153543, 0.0 ] } },
{ "type": "Feature", "properties": { "fid": 512, "layer": "gbif", "status": 0 }, "geometry": { "type": "Point", "coordinates": [ -47.001685, -24.317229, 0.0 ] } },
{ "type": "Feature", "properties": { "fid": 513, "layer": "gbif", "status": 0 }, "geometry": { "type": "Point", "coordinates": [ -46.4932003, -23.6073774, 0.0 ] } },
{ "type": "Feature", "properties": { "fid": 514, "layer": "gbif", "status": 0 }, "geometry": { "type": "Point", "coordinates": [ -46.7289998, -23.5660767, 0.0 ] } },
{ "type": "Feature", "properties": { "fid": 515, "layer": "gbif", "status": 0 }, "geometry": { "type": "Point", "coordinates": [ -46.6577974, -23.586877, 0.0 ] } },
{ "type": "Feature", "properties": { "fid": 516, "layer": "gbif", "status": 0 }, "geometry": { "type": "Point", "coordinates": [ -46.371958, -23.057342, 0.0 ] } },
{ "type": "Feature", "properties": { "fid": 517, "layer": "gbif", "status": 0 }, "geometry": { "type": "Point", "coordinates": [ -46.903334, -23.16648, 0.0 ] } },
{ "type": "Feature", "properties": { "fid": 518, "layer": "gbif", "status": 0 }, "geometry": { "type": "Point", "coordinates": [ -46.717616, -23.548577, 0.0 ] } },
{ "type": "Feature", "properties": { "fid": 519, "layer": "gbif", "status": 0 }, "geometry": { "type": "Point", "coordinates": [ -46.942572, -23.077203, 0.0 ] } },
{ "type": "Feature", "properties": { "fid": 520, "layer": "gbif", "status": 0 }, "geometry": { "type": "Point", "coordinates": [ -51.440672, -22.113637, 0.0 ] } },
{ "type": "Feature", "properties": { "fid": 521, "layer": "gbif", "status": 0 }, "geometry": { "type": "Point", "coordinates": [ -45.415207, -23.627836, 0.0 ] } },
{ "type": "Feature", "properties": { "fid": 522, "layer": "gbif", "status": 0 }, "geometry": { "type": "Point", "coordinates": [ -46.759503, -23.539562, 0.0 ] } },
{ "type": "Feature", "properties": { "fid": 523, "layer": "gbif", "status": 0 }, "geometry": { "type": "Point", "coordinates": [ -49.003545, -22.305884, 0.0 ] } },
{ "type": "Feature", "properties": { "fid": 524, "layer": "gbif", "status": 0 }, "geometry": { "type": "Point", "coordinates": [ -49.275799, -22.112717, 0.0 ] } },
{ "type": "Feature", "properties": { "fid": 525, "layer": "gbif", "status": 0 }, "geometry": { "type": "Point", "coordinates": [ -48.817867, -22.546152, 0.0 ] } },
{ "type": "Feature", "properties": { "fid": 526, "layer": "gbif", "status": 0 }, "geometry": { "type": "Point", "coordinates": [ -46.403257, -23.98669, 0.0 ] } },
{ "type": "Feature", "properties": { "fid": 527, "layer": "gbif", "status": 0 }, "geometry": { "type": "Point", "coordinates": [ -47.499388, -23.542562, 0.0 ] } },
{ "type": "Feature", "properties": { "fid": 528, "layer": "gbif", "status": 0 }, "geometry": { "type": "Point", "coordinates": [ -45.402643, -23.811563, 0.0 ] } },
{ "type": "Feature", "properties": { "fid": 529, "layer": "gbif", "status": 0 }, "geometry": { "type": "Point", "coordinates": [ -47.35149, -22.716547, 0.0 ] } },
{ "type": "Feature", "properties": { "fid": 530, "layer": "gbif", "status": 0 }, "geometry": { "type": "Point", "coordinates": [ -46.509991, -23.617409, 0.0 ] } },
{ "type": "Feature", "properties": { "fid": 531, "layer": "gbif", "status": 0 }, "geometry": { "type": "Point", "coordinates": [ -45.312222, -23.221389, 0.0 ] } },
{ "type": "Feature", "properties": { "fid": 532, "layer": "gbif", "status": 0 }, "geometry": { "type": "Point", "coordinates": [ -46.778423, -22.709947, 0.0 ] } },
{ "type": "Feature", "properties": { "fid": 533, "layer": "gbif", "status": 0 }, "geometry": { "type": "Point", "coordinates": [ -46.766515, -22.987468, 0.0 ] } },
{ "type": "Feature", "properties": { "fid": 534, "layer": "gbif", "status": 0 }, "geometry": { "type": "Point", "coordinates": [ -46.536155, -23.51154, 0.0 ] } },
{ "type": "Feature", "properties": { "fid": 535, "layer": "gbif", "status": 0 }, "geometry": { "type": "Point", "coordinates": [ -44.178837, -22.583035, 0.0 ] } },
{ "type": "Feature", "properties": { "fid": 536, "layer": "gbif", "status": 0 }, "geometry": { "type": "Point", "coordinates": [ -46.962338, -23.193661, 0.0 ] } },
{ "type": "Feature", "properties": { "fid": 537, "layer": "gbif", "status": 0 }, "geometry": { "type": "Point", "coordinates": [ -47.873944, -20.590775, 0.0 ] } },
{ "type": "Feature", "properties": { "fid": 538, "layer": "gbif", "status": 0 }, "geometry": { "type": "Point", "coordinates": [ -49.887283, -22.986858, 0.0 ] } },
{ "type": "Feature", "properties": { "fid": 539, "layer": "gbif", "status": 0 }, "geometry": { "type": "Point", "coordinates": [ -46.744435, -23.632813, 0.0 ] } },
{ "type": "Feature", "properties": { "fid": 540, "layer": "gbif", "status": 0 }, "geometry": { "type": "Point", "coordinates": [ -47.186925, -22.954675, 0.0 ] } },
{ "type": "Feature", "properties": { "fid": 541, "layer": "gbif", "status": 0 }, "geometry": { "type": "Point", "coordinates": [ -47.014268, -22.867815, 0.0 ] } },
{ "type": "Feature", "properties": { "fid": 542, "layer": "gbif", "status": 0 }, "geometry": { "type": "Point", "coordinates": [ -47.205769, -23.421525, 0.0 ] } },
{ "type": "Feature", "properties": { "fid": 543, "layer": "gbif", "status": 0 }, "geometry": { "type": "Point", "coordinates": [ -47.512558, -23.451086, 0.0 ] } },
{ "type": "Feature", "properties": { "fid": 544, "layer": "gbif", "status": 0 }, "geometry": { "type": "Point", "coordinates": [ -46.74602, -23.598635, 0.0 ] } },
{ "type": "Feature", "properties": { "fid": 545, "layer": "gbif", "status": 0 }, "geometry": { "type": "Point", "coordinates": [ -46.528173, -23.564384, 0.0 ] } },
{ "type": "Feature", "properties": { "fid": 546, "layer": "gbif", "status": 0 }, "geometry": { "type": "Point", "coordinates": [ -46.321476, -23.547916, 0.0 ] } },
{ "type": "Feature", "properties": { "fid": 547, "layer": "gbif", "status": 0 }, "geometry": { "type": "Point", "coordinates": [ -46.699875, -23.505098, 0.0 ] } },
{ "type": "Feature", "properties": { "fid": 548, "layer": "gbif", "status": 0 }, "geometry": { "type": "Point", "coordinates": [ -47.099791, -23.50831, 0.0 ] } },
{ "type": "Feature", "properties": { "fid": 549, "layer": "gbif", "status": 0 }, "geometry": { "type": "Point", "coordinates": [ -46.739872, -23.690242, 0.0 ] } },
{ "type": "Feature", "properties": { "fid": 550, "layer": "gbif", "status": 0 }, "geometry": { "type": "Point", "coordinates": [ -46.557835, -23.688194, 0.0 ] } },
{ "type": "Feature", "properties": { "fid": 551, "layer": "gbif", "status": 0 }, "geometry": { "type": "Point", "coordinates": [ -47.147508, -22.748741, 0.0 ] } },
{ "type": "Feature", "properties": { "fid": 552, "layer": "gbif", "status": 0 }, "geometry": { "type": "Point", "coordinates": [ -46.947922, -22.354416, 0.0 ] } },
{ "type": "Feature", "properties": { "fid": 553, "layer": "gbif", "status": 0 }, "geometry": { "type": "Point", "coordinates": [ -48.742694, -22.297845, 0.0 ] } },
{ "type": "Feature", "properties": { "fid": 554, "layer": "gbif", "status": 0 }, "geometry": { "type": "Point", "coordinates": [ -47.063333, -22.786111, 0.0 ] } },
{ "type": "Feature", "properties": { "fid": 555, "layer": "gbif", "status": 0 }, "geometry": { "type": "Point", "coordinates": [ -46.638531, -23.556074, 0.0 ] } },
{ "type": "Feature", "properties": { "fid": 556, "layer": "gbif", "status": 0 }, "geometry": { "type": "Point", "coordinates": [ -46.887357, -23.605753, 0.0 ] } },
{ "type": "Feature", "properties": { "fid": 557, "layer": "gbif", "status": 0 }, "geometry": { "type": "Point", "coordinates": [ -45.624771, -23.789581, 0.0 ] } },
{ "type": "Feature", "properties": { "fid": 558, "layer": "gbif", "status": 0 }, "geometry": { "type": "Point", "coordinates": [ -47.182812, -22.579283, 0.0 ] } },
{ "type": "Feature", "properties": { "fid": 559, "layer": "gbif", "status": 0 }, "geometry": { "type": "Point", "coordinates": [ -46.717616, -23.548577, 0.0 ] } },
{ "type": "Feature", "properties": { "fid": 560, "layer": "gbif", "status": 0 }, "geometry": { "type": "Point", "coordinates": [ -48.915, -20.726111, 0.0 ] } },
{ "type": "Feature", "properties": { "fid": 561, "layer": "gbif", "status": 0 }, "geometry": { "type": "Point", "coordinates": [ -46.699875, -23.505098, 0.0 ] } },
{ "type": "Feature", "properties": { "fid": 562, "layer": "gbif", "status": 0 }, "geometry": { "type": "Point", "coordinates": [ -49.038607, -22.340263, 0.0 ] } },
{ "type": "Feature", "properties": { "fid": 563, "layer": "gbif", "status": 0 }, "geometry": { "type": "Point", "coordinates": [ -46.544247, -22.958425, 0.0 ] } },
{ "type": "Feature", "properties": { "fid": 564, "layer": "gbif", "status": 0 }, "geometry": { "type": "Point", "coordinates": [ -46.739872, -23.690242, 0.0 ] } },
{ "type": "Feature", "properties": { "fid": 565, "layer": "gbif", "status": 0 }, "geometry": { "type": "Point", "coordinates": [ -47.680486, -22.685886, 0.0 ] } },
{ "type": "Feature", "properties": { "fid": 566, "layer": "gbif", "status": 0 }, "geometry": { "type": "Point", "coordinates": [ -46.82798, -23.563693, 0.0 ] } },
{ "type": "Feature", "properties": { "fid": 567, "layer": "gbif", "status": 0 }, "geometry": { "type": "Point", "coordinates": [ -46.744435, -23.632813, 0.0 ] } },
{ "type": "Feature", "properties": { "fid": 568, "layer": "gbif", "status": 0 }, "geometry": { "type": "Point", "coordinates": [ -46.653194, -23.586824, 0.0 ] } },
{ "type": "Feature", "properties": { "fid": 569, "layer": "gbif", "status": 0 }, "geometry": { "type": "Point", "coordinates": [ -46.541897, -23.53276, 0.0 ] } },
{ "type": "Feature", "properties": { "fid": 570, "layer": "gbif", "status": 0 }, "geometry": { "type": "Point", "coordinates": [ -46.728056, -23.444444, 0.0 ] } },
{ "type": "Feature", "properties": { "fid": 571, "layer": "gbif", "status": 0 }, "geometry": { "type": "Point", "coordinates": [ -47.629707, -24.312191, 0.0 ] } },
{ "type": "Feature", "properties": { "fid": 572, "layer": "gbif", "status": 0 }, "geometry": { "type": "Point", "coordinates": [ -46.766944, -23.209167, 0.0 ] } },
{ "type": "Feature", "properties": { "fid": 573, "layer": "gbif", "status": 0 }, "geometry": { "type": "Point", "coordinates": [ -51.857392, -21.888095, 0.0 ] } },
{ "type": "Feature", "properties": { "fid": 574, "layer": "gbif", "status": 0 }, "geometry": { "type": "Point", "coordinates": [ -44.95721, -22.574492, 0.0 ] } },
{ "type": "Feature", "properties": { "fid": 575, "layer": "gbif", "status": 0 }, "geometry": { "type": "Point", "coordinates": [ -46.682936, -23.521386, 0.0 ] } },
{ "type": "Feature", "properties": { "fid": 576, "layer": "gbif", "status": 0 }, "geometry": { "type": "Point", "coordinates": [ -46.453094, -23.629577, 0.0 ] } },
{ "type": "Feature", "properties": { "fid": 577, "layer": "gbif", "status": 0 }, "geometry": { "type": "Point", "coordinates": [ -46.942651, -23.077098, 0.0 ] } },
{ "type": "Feature", "properties": { "fid": 578, "layer": "gbif", "status": 0 }, "geometry": { "type": "Point", "coordinates": [ -46.820282, -23.830013, 0.0 ] } },
{ "type": "Feature", "properties": { "fid": 579, "layer": "gbif", "status": 0 }, "geometry": { "type": "Point", "coordinates": [ -48.598992, -22.743628, 0.0 ] } },
{ "type": "Feature", "properties": { "fid": 580, "layer": "gbif", "status": 0 }, "geometry": { "type": "Point", "coordinates": [ -47.114978, -22.905115, 0.0 ] } },
{ "type": "Feature", "properties": { "fid": 581, "layer": "gbif", "status": 0 }, "geometry": { "type": "Point", "coordinates": [ -48.497767, -20.924845, 0.0 ] } },
{ "type": "Feature", "properties": { "fid": 582, "layer": "gbif", "status": 0 }, "geometry": { "type": "Point", "coordinates": [ -46.106242, -22.85257, 0.0 ] } },
{ "type": "Feature", "properties": { "fid": 583, "layer": "gbif", "status": 0 }, "geometry": { "type": "Point", "coordinates": [ -46.777614, -23.574082, 0.0 ] } },
{ "type": "Feature", "properties": { "fid": 584, "layer": "gbif", "status": 0 }, "geometry": { "type": "Point", "coordinates": [ -46.793904, -21.969466, 0.0 ] } },
{ "type": "Feature", "properties": { "fid": 585, "layer": "gbif", "status": 0 }, "geometry": { "type": "Point", "coordinates": [ -49.709409, -23.041299, 0.0 ] } },
{ "type": "Feature", "properties": { "fid": 586, "layer": "gbif", "status": 0 }, "geometry": { "type": "Point", "coordinates": [ -47.433173, -20.51531, 0.0 ] } },
{ "type": "Feature", "properties": { "fid": 587, "layer": "gbif", "status": 0 }, "geometry": { "type": "Point", "coordinates": [ -46.490385, -23.582166, 0.0 ] } },
{ "type": "Feature", "properties": { "fid": 588, "layer": "gbif", "status": 0 }, "geometry": { "type": "Point", "coordinates": [ -46.681111, -22.6875, 0.0 ] } },
{ "type": "Feature", "properties": { "fid": 589, "layer": "gbif", "status": 0 }, "geometry": { "type": "Point", "coordinates": [ -46.663996, -23.482957, 0.0 ] } },
{ "type": "Feature", "properties": { "fid": 590, "layer": "gbif", "status": 0 }, "geometry": { "type": "Point", "coordinates": [ -46.766543, -22.987504, 0.0 ] } },
{ "type": "Feature", "properties": { "fid": 591, "layer": "gbif", "status": 0 }, "geometry": { "type": "Point", "coordinates": [ -46.810641, -23.549907, 0.0 ] } },
{ "type": "Feature", "properties": { "fid": 592, "layer": "gbif", "status": 0 }, "geometry": { "type": "Point", "coordinates": [ -48.843295, -21.75925, 0.0 ] } },
{ "type": "Feature", "properties": { "fid": 593, "layer": "gbif", "status": 0 }, "geometry": { "type": "Point", "coordinates": [ -48.048488, -23.594387, 0.0 ] } },
{ "type": "Feature", "properties": { "fid": 594, "layer": "gbif", "status": 0 }, "geometry": { "type": "Point", "coordinates": [ -46.950546, -23.557891, 0.0 ] } },
{ "type": "Feature", "properties": { "fid": 595, "layer": "gbif", "status": 0 }, "geometry": { "type": "Point", "coordinates": [ -46.556258, -22.061136, 0.0 ] } },
{ "type": "Feature", "properties": { "fid": 596, "layer": "gbif", "status": 0 }, "geometry": { "type": "Point", "coordinates": [ -46.961313, -22.846373, 0.0 ] } },
{ "type": "Feature", "properties": { "fid": 597, "layer": "gbif", "status": 0 }, "geometry": { "type": "Point", "coordinates": [ -47.146968, -22.749344, 0.0 ] } },
{ "type": "Feature", "properties": { "fid": 598, "layer": "gbif", "status": 0 }, "geometry": { "type": "Point", "coordinates": [ -46.620392, -23.482115, 0.0 ] } },
{ "type": "Feature", "properties": { "fid": 599, "layer": "gbif", "status": 0 }, "geometry": { "type": "Point", "coordinates": [ -47.4758, -22.991544, 0.0 ] } },
{ "type": "Feature", "properties": { "fid": 600, "layer": "gbif", "status": 0 }, "geometry": { "type": "Point", "coordinates": [ -46.758333, -23.561944, 0.0 ] } },
{ "type": "Feature", "properties": { "fid": 601, "layer": "gbif", "status": 0 }, "geometry": { "type": "Point", "coordinates": [ -46.327502, -23.519557, 0.0 ] } },
{ "type": "Feature", "properties": { "fid": 602, "layer": "gbif", "status": 0 }, "geometry": { "type": "Point", "coordinates": [ -47.219249, -22.86678, 0.0 ] } },
{ "type": "Feature", "properties": { "fid": 603, "layer": "gbif", "status": 0 }, "geometry": { "type": "Point", "coordinates": [ -46.597647, -23.581792, 0.0 ] } },
{ "type": "Feature", "properties": { "fid": 604, "layer": "gbif", "status": 0 }, "geometry": { "type": "Point", "coordinates": [ -47.014268, -22.867815, 0.0 ] } },
{ "type": "Feature", "properties": { "fid": 605, "layer": "gbif", "status": 0 }, "geometry": { "type": "Point", "coordinates": [ -46.666241, -23.476315, 0.0 ] } },
{ "type": "Feature", "properties": { "fid": 606, "layer": "gbif", "status": 0 }, "geometry": { "type": "Point", "coordinates": [ -46.522417, -23.496451, 0.0 ] } },
{ "type": "Feature", "properties": { "fid": 607, "layer": "gbif", "status": 0 }, "geometry": { "type": "Point", "coordinates": [ -47.589888, -22.759184, 0.0 ] } },
{ "type": "Feature", "properties": { "fid": 608, "layer": "gbif", "status": 0 }, "geometry": { "type": "Point", "coordinates": [ -46.887357, -23.605753, 0.0 ] } },
{ "type": "Feature", "properties": { "fid": 609, "layer": "gbif", "status": 0 }, "geometry": { "type": "Point", "coordinates": [ -46.711561, -23.515789, 0.0 ] } },
{ "type": "Feature", "properties": { "fid": 610, "layer": "gbif", "status": 0 }, "geometry": { "type": "Point", "coordinates": [ -46.978484, -22.44179, 0.0 ] } },
{ "type": "Feature", "properties": { "fid": 611, "layer": "gbif", "status": 0 }, "geometry": { "type": "Point", "coordinates": [ -47.097888, -22.934244, 0.0 ] } },
{ "type": "Feature", "properties": { "fid": 612, "layer": "gbif", "status": 0 }, "geometry": { "type": "Point", "coordinates": [ -51.378593, -22.129229, 0.0 ] } },
{ "type": "Feature", "properties": { "fid": 613, "layer": "gbif", "status": 0 }, "geometry": { "type": "Point", "coordinates": [ -46.431992, -23.553448, 0.0 ] } },
{ "type": "Feature", "properties": { "fid": 614, "layer": "gbif", "status": 0 }, "geometry": { "type": "Point", "coordinates": [ -46.619306, -23.477789, 0.0 ] } },
{ "type": "Feature", "properties": { "fid": 615, "layer": "gbif", "status": 0 }, "geometry": { "type": "Point", "coordinates": [ -47.680486, -22.685886, 0.0 ] } },
{ "type": "Feature", "properties": { "fid": 616, "layer": "gbif", "status": 0 }, "geometry": { "type": "Point", "coordinates": [ -47.123653, -23.544776, 0.0 ] } },
{ "type": "Feature", "properties": { "fid": 617, "layer": "gbif", "status": 0 }, "geometry": { "type": "Point", "coordinates": [ -46.562508, -23.53706, 0.0 ] } },
{ "type": "Feature", "properties": { "fid": 618, "layer": "gbif", "status": 0 }, "geometry": { "type": "Point", "coordinates": [ -47.235907, -23.116397, 0.0 ] } },
{ "type": "Feature", "properties": { "fid": 619, "layer": "gbif", "status": 0 }, "geometry": { "type": "Point", "coordinates": [ -46.935366, -23.544108, 0.0 ] } },
{ "type": "Feature", "properties": { "fid": 620, "layer": "gbif", "status": 0 }, "geometry": { "type": "Point", "coordinates": [ -46.713168, -22.62175, 0.0 ] } },
{ "type": "Feature", "properties": { "fid": 621, "layer": "gbif", "status": 0 }, "geometry": { "type": "Point", "coordinates": [ -47.460167, -23.519367, 0.0 ] } },
{ "type": "Feature", "properties": { "fid": 622, "layer": "gbif", "status": 0 }, "geometry": { "type": "Point", "coordinates": [ -46.771662, -22.713738, 0.0 ] } },
{ "type": "Feature", "properties": { "fid": 623, "layer": "gbif", "status": 0 }, "geometry": { "type": "Point", "coordinates": [ -46.58014, -23.499406, 0.0 ] } },
{ "type": "Feature", "properties": { "fid": 624, "layer": "gbif", "status": 0 }, "geometry": { "type": "Point", "coordinates": [ -47.246868, -23.122965, 0.0 ] } },
{ "type": "Feature", "properties": { "fid": 625, "layer": "gbif", "status": 0 }, "geometry": { "type": "Point", "coordinates": [ -46.7268, -23.55984, 0.0 ] } },
{ "type": "Feature", "properties": { "fid": 626, "layer": "gbif", "status": 0 }, "geometry": { "type": "Point", "coordinates": [ -48.150451, -21.794261, 0.0 ] } },
{ "type": "Feature", "properties": { "fid": 627, "layer": "gbif", "status": 0 }, "geometry": { "type": "Point", "coordinates": [ -47.273604, -21.810589, 0.0 ] } },
{ "type": "Feature", "properties": { "fid": 628, "layer": "gbif", "status": 0 }, "geometry": { "type": "Point", "coordinates": [ -47.587669, -22.731144, 0.0 ] } },
{ "type": "Feature", "properties": { "fid": 629, "layer": "gbif", "status": 0 }, "geometry": { "type": "Point", "coordinates": [ -48.048363, -23.594492, 0.0 ] } },
{ "type": "Feature", "properties": { "fid": 630, "layer": "gbif", "status": 0 }, "geometry": { "type": "Point", "coordinates": [ -46.689761, -23.589976, 0.0 ] } },
{ "type": "Feature", "properties": { "fid": 631, "layer": "gbif", "status": 0 }, "geometry": { "type": "Point", "coordinates": [ -48.150307, -21.794152, 0.0 ] } },
{ "type": "Feature", "properties": { "fid": 632, "layer": "gbif", "status": 0 }, "geometry": { "type": "Point", "coordinates": [ -47.537868, -24.728998, 0.0 ] } },
{ "type": "Feature", "properties": { "fid": 633, "layer": "gbif", "status": 0 }, "geometry": { "type": "Point", "coordinates": [ -47.538753, -22.410903, 0.0 ] } },
{ "type": "Feature", "properties": { "fid": 634, "layer": "gbif", "status": 0 }, "geometry": { "type": "Point", "coordinates": [ -47.604061, -22.395253, 0.0 ] } },
{ "type": "Feature", "properties": { "fid": 635, "layer": "gbif", "status": 0 }, "geometry": { "type": "Point", "coordinates": [ -47.539233, -22.410553, 0.0 ] } },
{ "type": "Feature", "properties": { "fid": 636, "layer": "gbif", "status": 0 }, "geometry": { "type": "Point", "coordinates": [ -51.407222, -20.361111, 0.0 ] } },
{ "type": "Feature", "properties": { "fid": 637, "layer": "gbif", "status": 0 }, "geometry": { "type": "Point", "coordinates": [ -51.340278, -20.430556, 0.0 ] } },
{ "type": "Feature", "properties": { "fid": 638, "layer": "gbif", "status": 0 }, "geometry": { "type": "Point", "coordinates": [ -51.340278, -20.430556, 0.0 ] } },
{ "type": "Feature", "properties": { "fid": 639, "layer": "gbif", "status": 0 }, "geometry": { "type": "Point", "coordinates": [ -51.340278, -20.430556, 0.0 ] } },
{ "type": "Feature", "properties": { "fid": 640, "layer": "gbif", "status": 0 }, "geometry": { "type": "Point", "coordinates": [ -51.340278, -20.430556, 0.0 ] } },
{ "type": "Feature", "properties": { "fid": 641, "layer": "gbif", "status": 0 }, "geometry": { "type": "Point", "coordinates": [ -46.519442, -23.495176, 0.0 ] } },
{ "type": "Feature", "properties": { "fid": 642, "layer": "gbif", "status": 0 }, "geometry": { "type": "Point", "coordinates": [ -46.720074, -23.546552, 0.0 ] } },
{ "type": "Feature", "properties": { "fid": 643, "layer": "gbif", "status": 0 }, "geometry": { "type": "Point", "coordinates": [ -46.376906, -23.056777, 0.0 ] } },
{ "type": "Feature", "properties": { "fid": 644, "layer": "gbif", "status": 0 }, "geometry": { "type": "Point", "coordinates": [ -47.042213, -22.883795, 0.0 ] } },
{ "type": "Feature", "properties": { "fid": 645, "layer": "gbif", "status": 0 }, "geometry": { "type": "Point", "coordinates": [ -47.042555, -22.891383, 0.0 ] } },
{ "type": "Feature", "properties": { "fid": 646, "layer": "gbif", "status": 0 }, "geometry": { "type": "Point", "coordinates": [ -47.4597, -23.51833, 0.0 ] } },
{ "type": "Feature", "properties": { "fid": 647, "layer": "gbif", "status": 0 }, "geometry": { "type": "Point", "coordinates": [ -46.700167, -23.540799, 0.0 ] } },
{ "type": "Feature", "properties": { "fid": 648, "layer": "gbif", "status": 0 }, "geometry": { "type": "Point", "coordinates": [ -46.580587, -23.708928, 0.0 ] } },
{ "type": "Feature", "properties": { "fid": 649, "layer": "gbif", "status": 0 }, "geometry": { "type": "Point", "coordinates": [ -46.716667, -23.55, 0.0 ] } },
{ "type": "Feature", "properties": { "fid": 650, "layer": "gbif", "status": 0 }, "geometry": { "type": "Point", "coordinates": [ -47.06, -22.9, 0.0 ] } },
{ "type": "Feature", "properties": { "fid": 651, "layer": "gbif", "status": 0 }, "geometry": { "type": "Point", "coordinates": [ -46.716667, -23.55, 0.0 ] } },
{ "type": "Feature", "properties": { "fid": 652, "layer": "gbif", "status": 0 }, "geometry": { "type": "Point", "coordinates": [ -46.716667, -23.55, 0.0 ] } },
{ "type": "Feature", "properties": { "fid": 653, "layer": "gbif", "status": 0 }, "geometry": { "type": "Point", "coordinates": [ -45.005556, -23.396389, 0.0 ] } },
{ "type": "Feature", "properties": { "fid": 654, "layer": "gbif", "status": 0 }, "geometry": { "type": "Point", "coordinates": [ -47.215753, -23.512189, 0.0 ] } },
{ "type": "Feature", "properties": { "fid": 655, "layer": "gbif", "status": 0 }, "geometry": { "type": "Point", "coordinates": [ -46.62647, -23.684475, 0.0 ] } },
{ "type": "Feature", "properties": { "fid": 656, "layer": "gbif", "status": 0 }, "geometry": { "type": "Point", "coordinates": [ -47.099758, -23.508371, 0.0 ] } },
{ "type": "Feature", "properties": { "fid": 657, "layer": "gbif", "status": 0 }, "geometry": { "type": "Point", "coordinates": [ -46.613068, -23.690768, 0.0 ] } },
{ "type": "Feature", "properties": { "fid": 658, "layer": "gbif", "status": 0 }, "geometry": { "type": "Point", "coordinates": [ -46.626518, -23.684388, 0.0 ] } },
{ "type": "Feature", "properties": { "fid": 659, "layer": "gbif", "status": 0 }, "geometry": { "type": "Point", "coordinates": [ -46.929444, -23.159444, 0.0 ] } },
{ "type": "Feature", "properties": { "fid": 660, "layer": "gbif", "status": 0 }, "geometry": { "type": "Point", "coordinates": [ -46.928056, -23.160278, 0.0 ] } },
{ "type": "Feature", "properties": { "fid": 661, "layer": "gbif", "status": 0 }, "geometry": { "type": "Point", "coordinates": [ -47.679308, -23.285662, 0.0 ] } },
{ "type": "Feature", "properties": { "fid": 662, "layer": "gbif", "status": 0 }, "geometry": { "type": "Point", "coordinates": [ -46.732139, -23.568833, 0.0 ] } },
{ "type": "Feature", "properties": { "fid": 663, "layer": "gbif", "status": 0 }, "geometry": { "type": "Point", "coordinates": [ -46.732139, -23.568833, 0.0 ] } },
{ "type": "Feature", "properties": { "fid": 664, "layer": "gbif", "status": 0 }, "geometry": { "type": "Point", "coordinates": [ -46.732139, -23.568833, 0.0 ] } },
{ "type": "Feature", "properties": { "fid": 665, "layer": "gbif", "status": 0 }, "geometry": { "type": "Point", "coordinates": [ -46.732139, -23.568833, 0.0 ] } },
{ "type": "Feature", "properties": { "fid": 666, "layer": "gbif", "status": 0 }, "geometry": { "type": "Point", "coordinates": [ -46.732139, -23.568833, 0.0 ] } },
{ "type": "Feature", "properties": { "fid": 667, "layer": "gbif", "status": 0 }, "geometry": { "type": "Point", "coordinates": [ -46.732139, -23.568833, 0.0 ] } },
{ "type": "Feature", "properties": { "fid": 668, "layer": "gbif", "status": 0 }, "geometry": { "type": "Point", "coordinates": [ -46.732139, -23.568833, 0.0 ] } },
{ "type": "Feature", "properties": { "fid": 669, "layer": "gbif", "status": 0 }, "geometry": { "type": "Point", "coordinates": [ -46.72447, -23.560784, 0.0 ] } },
{ "type": "Feature", "properties": { "fid": 670, "layer": "gbif", "status": 0 }, "geometry": { "type": "Point", "coordinates": [ -48.497486, -22.88715, 0.0 ] } },
{ "type": "Feature", "properties": { "fid": 671, "layer": "gbif", "status": 0 }, "geometry": { "type": "Point", "coordinates": [ -48.497486, -22.88715, 0.0 ] } },
{ "type": "Feature", "properties": { "fid": 672, "layer": "gbif", "status": 0 }, "geometry": { "type": "Point", "coordinates": [ -46.746685, -23.60021, 0.0 ] } },
{ "type": "Feature", "properties": { "fid": 673, "layer": "gbif", "status": 0 }, "geometry": { "type": "Point", "coordinates": [ -48.497486, -22.88715, 0.0 ] } },
{ "type": "Feature", "properties": { "fid": 674, "layer": "gbif", "status": 0 }, "geometry": { "type": "Point", "coordinates": [ -46.781667, -23.203889, 0.0 ] } },
{ "type": "Feature", "properties": { "fid": 675, "layer": "gbif", "status": 0 }, "geometry": { "type": "Point", "coordinates": [ -46.781667, -23.203889, 0.0 ] } },
{ "type": "Feature", "properties": { "fid": 676, "layer": "gbif", "status": 0 }, "geometry": { "type": "Point", "coordinates": [ -48.497486, -22.88715, 0.0 ] } },
{ "type": "Feature", "properties": { "fid": 677, "layer": "gbif", "status": 0 }, "geometry": { "type": "Point", "coordinates": [ -48.497486, -22.88715, 0.0 ] } },
{ "type": "Feature", "properties": { "fid": 678, "layer": "gbif", "status": 0 }, "geometry": { "type": "Point", "coordinates": [ -48.497486, -22.88715, 0.0 ] } },
{ "type": "Feature", "properties": { "fid": 679, "layer": "gbif", "status": 0 }, "geometry": { "type": "Point", "coordinates": [ -48.497486, -22.88715, 0.0 ] } },
{ "type": "Feature", "properties": { "fid": 680, "layer": "gbif", "status": 0 }, "geometry": { "type": "Point", "coordinates": [ -48.497486, -22.88715, 0.0 ] } },
{ "type": "Feature", "properties": { "fid": 681, "layer": "gbif", "status": 0 }, "geometry": { "type": "Point", "coordinates": [ -48.497486, -22.88715, 0.0 ] } },
{ "type": "Feature", "properties": { "fid": 682, "layer": "gbif", "status": 0 }, "geometry": { "type": "Point", "coordinates": [ -46.519967, -23.598699, 0.0 ] } },
{ "type": "Feature", "properties": { "fid": 683, "layer": "gbif", "status": 0 }, "geometry": { "type": "Point", "coordinates": [ -45.010556, -22.653056, 0.0 ] } },
{ "type": "Feature", "properties": { "fid": 684, "layer": "gbif", "status": 0 }, "geometry": { "type": "Point", "coordinates": [ -46.675402, -23.680785, 0.0 ] } },
{ "type": "Feature", "properties": { "fid": 685, "layer": "gbif", "status": 0 }, "geometry": { "type": "Point", "coordinates": [ -46.523001, -23.515783, 0.0 ] } },
{ "type": "Feature", "properties": { "fid": 686, "layer": "gbif", "status": 0 }, "geometry": { "type": "Point", "coordinates": [ -46.781667, -23.203889, 0.0 ] } },
{ "type": "Feature", "properties": { "fid": 687, "layer": "gbif", "status": 0 }, "geometry": { "type": "Point", "coordinates": [ -46.898175, -23.502523, 0.0 ] } },
{ "type": "Feature", "properties": { "fid": 688, "layer": "gbif", "status": 0 }, "geometry": { "type": "Point", "coordinates": [ -46.588515, -23.129828, 0.0 ] } },
{ "type": "Feature", "properties": { "fid": 689, "layer": "gbif", "status": 0 }, "geometry": { "type": "Point", "coordinates": [ -49.31934, -23.007198, 0.0 ] } },
{ "type": "Feature", "properties": { "fid": 690, "layer": "gbif", "status": 0 }, "geometry": { "type": "Point", "coordinates": [ -49.024495, -22.333125, 0.0 ] } },
{ "type": "Feature", "properties": { "fid": 691, "layer": "gbif", "status": 0 }, "geometry": { "type": "Point", "coordinates": [ -47.249315, -23.122444, 0.0 ] } },
{ "type": "Feature", "properties": { "fid": 692, "layer": "gbif", "status": 0 }, "geometry": { "type": "Point", "coordinates": [ -46.988758, -23.047833, 0.0 ] } },
{ "type": "Feature", "properties": { "fid": 693, "layer": "gbif", "status": 0 }, "geometry": { "type": "Point", "coordinates": [ -49.316962, -23.006399, 0.0 ] } },
{ "type": "Feature", "properties": { "fid": 694, "layer": "gbif", "status": 0 }, "geometry": { "type": "Point", "coordinates": [ -47.02502, -22.902883, 0.0 ] } },
{ "type": "Feature", "properties": { "fid": 695, "layer": "gbif", "status": 0 }, "geometry": { "type": "Point", "coordinates": [ -48.833333, -23.016667, 0.0 ] } },
{ "type": "Feature", "properties": { "fid": 696, "layer": "gbif", "status": 0 }, "geometry": { "type": "Point", "coordinates": [ -48.833333, -23.016667, 0.0 ] } },
{ "type": "Feature", "properties": { "fid": 697, "layer": "gbif", "status": 0 }, "geometry": { "type": "Point", "coordinates": [ -47.584778, -22.50675, 0.0 ] } },
{ "type": "Feature", "properties": { "fid": 698, "layer": "gbif", "status": 0 }, "geometry": { "type": "Point", "coordinates": [ -51.566667, -20.783333, 0.0 ] } },
{ "type": "Feature", "properties": { "fid": 699, "layer": "gbif", "status": 0 }, "geometry": { "type": "Point", "coordinates": [ -45.005556, -22.396111, 0.0 ] } },
{ "type": "Feature", "properties": { "fid": 700, "layer": "gbif", "status": 0 }, "geometry": { "type": "Point", "coordinates": [ -47.077171, -22.870251, 0.0 ] } },
{ "type": "Feature", "properties": { "fid": 701, "layer": "gbif", "status": 0 }, "geometry": { "type": "Point", "coordinates": [ -46.994583, -22.943097, 0.0 ] } },
{ "type": "Feature", "properties": { "fid": 702, "layer": "gbif", "status": 0 }, "geometry": { "type": "Point", "coordinates": [ -47.0, -22.0, 0.0 ] } },
{ "type": "Feature", "properties": { "fid": 703, "layer": "gbif", "status": 0 }, "geometry": { "type": "Point", "coordinates": [ -47.0, -22.0, 0.0 ] } },
{ "type": "Feature", "properties": { "fid": 704, "layer": "gbif", "status": 0 }, "geometry": { "type": "Point", "coordinates": [ -47.584722, -22.506667, 0.0 ] } },
{ "type": "Feature", "properties": { "fid": 705, "layer": "gbif", "status": 0 }, "geometry": { "type": "Point", "coordinates": [ -47.060434, -22.9038525, 0.0 ] } },
{ "type": "Feature", "properties": { "fid": 706, "layer": "gbif", "status": 0 }, "geometry": { "type": "Point", "coordinates": [ -46.628056, -23.574722, 0.0 ] } },
{ "type": "Feature", "properties": { "fid": 707, "layer": "gbif", "status": 0 }, "geometry": { "type": "Point", "coordinates": [ -46.716667, -23.55, 0.0 ] } },
{ "type": "Feature", "properties": { "fid": 708, "layer": "gbif", "status": 0 }, "geometry": { "type": "Point", "coordinates": [ -46.716667, -23.55, 0.0 ] } },
{ "type": "Feature", "properties": { "fid": 709, "layer": "gbif", "status": 0 }, "geometry": { "type": "Point", "coordinates": [ -46.716667, -23.55, 0.0 ] } },
{ "type": "Feature", "properties": { "fid": 710, "layer": "gbif", "status": 0 }, "geometry": { "type": "Point", "coordinates": [ -45.005561, -23.396333, 0.0 ] } },
{ "type": "Feature", "properties": { "fid": 711, "layer": "gbif", "status": 0 }, "geometry": { "type": "Point", "coordinates": [ -47.045278, -22.884722, 0.0 ] } },
{ "type": "Feature", "properties": { "fid": 712, "layer": "gbif", "status": 0 }, "geometry": { "type": "Point", "coordinates": [ -47.077222, -22.870278, 0.0 ] } },
{ "type": "Feature", "properties": { "fid": 713, "layer": "gbif", "status": 0 }, "geometry": { "type": "Point", "coordinates": [ -49.0, -22.0, 0.0 ] } },
{ "type": "Feature", "properties": { "fid": 714, "layer": "gbif", "status": 0 }, "geometry": { "type": "Point", "coordinates": [ -48.36, -21.6, 0.0 ] } },
{ "type": "Feature", "properties": { "fid": 715, "layer": "gbif", "status": 0 }, "geometry": { "type": "Point", "coordinates": [ -47.06, -22.9, 0.0 ] } },
{ "type": "Feature", "properties": { "fid": 716, "layer": "gbif", "status": 0 }, "geometry": { "type": "Point", "coordinates": [ -48.222778, -20.024167, 0.0 ] } },
{ "type": "Feature", "properties": { "fid": 717, "layer": "gbif", "status": 0 }, "geometry": { "type": "Point", "coordinates": [ -47.0608, -22.9056, 0.0 ] } },
{ "type": "Feature", "properties": { "fid": 718, "layer": "gbif", "status": 0 }, "geometry": { "type": "Point", "coordinates": [ -47.966592, -21.32433, 0.0 ] } },
{ "type": "Feature", "properties": { "fid": 719, "layer": "gbif", "status": 0 }, "geometry": { "type": "Point", "coordinates": [ -47.838526, -21.28073, 0.0 ] } },
{ "type": "Feature", "properties": { "fid": 720, "layer": "gbif", "status": 0 }, "geometry": { "type": "Point", "coordinates": [ -47.850014, -21.170976, 0.0 ] } },
{ "type": "Feature", "properties": { "fid": 721, "layer": "gbif", "status": 0 }, "geometry": { "type": "Point", "coordinates": [ -46.6361, -23.5475, 0.0 ] } },
{ "type": "Feature", "properties": { "fid": 722, "layer": "gbif", "status": 0 }, "geometry": { "type": "Point", "coordinates": [ -46.7006, -22.6122, 0.0 ] } },
{ "type": "Feature", "properties": { "fid": 723, "layer": "gbif", "status": 0 }, "geometry": { "type": "Point", "coordinates": [ -47.2181, -23.0903, 0.0 ] } },
{ "type": "Feature", "properties": { "fid": 724, "layer": "gbif", "status": 0 }, "geometry": { "type": "Point", "coordinates": [ -47.0608, -22.9056, 0.0 ] } },
{ "type": "Feature", "properties": { "fid": 725, "layer": "gbif", "status": 0 }, "geometry": { "type": "Point", "coordinates": [ -47.077171, -22.870251, 0.0 ] } },
{ "type": "Feature", "properties": { "fid": 726, "layer": "gbif", "status": 0 }, "geometry": { "type": "Point", "coordinates": [ -47.077171, -22.870251, 0.0 ] } },
{ "type": "Feature", "properties": { "fid": 727, "layer": "gbif", "status": 0 }, "geometry": { "type": "Point", "coordinates": [ -47.0608, -22.9056, 0.0 ] } },
{ "type": "Feature", "properties": { "fid": 728, "layer": "gbif", "status": 0 }, "geometry": { "type": "Point", "coordinates": [ -47.077171, -22.870251, 0.0 ] } },
{ "type": "Feature", "properties": { "fid": 729, "layer": "gbif", "status": 0 }, "geometry": { "type": "Point", "coordinates": [ -47.0608, -22.9056, 0.0 ] } },
{ "type": "Feature", "properties": { "fid": 730, "layer": "gbif", "status": 0 }, "geometry": { "type": "Point", "coordinates": [ -48.901072, -21.220292, 0.0 ] } },
{ "type": "Feature", "properties": { "fid": 731, "layer": "gbif", "status": 0 }, "geometry": { "type": "Point", "coordinates": [ -47.077171, -22.870251, 0.0 ] } },
{ "type": "Feature", "properties": { "fid": 732, "layer": "gbif", "status": 0 }, "geometry": { "type": "Point", "coordinates": [ -47.077171, -22.870251, 0.0 ] } },
{ "type": "Feature", "properties": { "fid": 733, "layer": "gbif", "status": 0 }, "geometry": { "type": "Point", "coordinates": [ -47.077171, -22.870251, 0.0 ] } },
{ "type": "Feature", "properties": { "fid": 734, "layer": "gbif", "status": 0 }, "geometry": { "type": "Point", "coordinates": [ -47.077171, -22.870251, 0.0 ] } },
{ "type": "Feature", "properties": { "fid": 735, "layer": "gbif", "status": 0 }, "geometry": { "type": "Point", "coordinates": [ -47.077171, -22.870251, 0.0 ] } },
{ "type": "Feature", "properties": { "fid": 736, "layer": "gbif", "status": 0 }, "geometry": { "type": "Point", "coordinates": [ -47.077171, -22.870251, 0.0 ] } },
{ "type": "Feature", "properties": { "fid": 737, "layer": "gbif", "status": 0 }, "geometry": { "type": "Point", "coordinates": [ -45.005556, -23.396111, 0.0 ] } },
{ "type": "Feature", "properties": { "fid": 738, "layer": "gbif", "status": 0 }, "geometry": { "type": "Point", "coordinates": [ -48.4, -22.8, 0.0 ] } },
{ "type": "Feature", "properties": { "fid": 739, "layer": "gbif", "status": 0 }, "geometry": { "type": "Point", "coordinates": [ -51.716667, -20.8, 0.0 ] } },
{ "type": "Feature", "properties": { "fid": 740, "layer": "inaturalist", "status": 0 }, "geometry": { "type": "Point", "coordinates": [ -47.02502, -22.9028833333, 0.0 ] } },
{ "type": "Feature", "properties": { "fid": 741, "layer": "inaturalist", "status": 0 }, "geometry": { "type": "Point", "coordinates": [ -46.9945833333, -22.943096666700001, 0.0 ] } },
{ "type": "Feature", "properties": { "fid": 742, "layer": "inaturalist", "status": 0 }, "geometry": { "type": "Point", "coordinates": [ -45.399628333300001, -23.7793383333, 0.0 ] } },
{ "type": "Feature", "properties": { "fid": 743, "layer": "inaturalist", "status": 0 }, "geometry": { "type": "Point", "coordinates": [ -47.869204214100002, -24.5327273009, 0.0 ] } },
{ "type": "Feature", "properties": { "fid": 744, "layer": "inaturalist", "status": 0 }, "geometry": { "type": "Point", "coordinates": [ -47.869128326899997, -24.5326587819, 0.0 ] } },
{ "type": "Feature", "properties": { "fid": 745, "layer": "inaturalist", "status": 0 }, "geometry": { "type": "Point", "coordinates": [ -47.042213439900003, -22.883794784500001, 0.0 ] } },
{ "type": "Feature", "properties": { "fid": 746, "layer": "inaturalist", "status": 0 }, "geometry": { "type": "Point", "coordinates": [ -47.042555, -22.891383333299999, 0.0 ] } },
{ "type": "Feature", "properties": { "fid": 747, "layer": "inaturalist", "status": 0 }, "geometry": { "type": "Point", "coordinates": [ -46.5230133333, -23.500711666699999, 0.0 ] } },
{ "type": "Feature", "properties": { "fid": 748, "layer": "inaturalist", "status": 0 }, "geometry": { "type": "Point", "coordinates": [ -47.4094810486, -23.4611206055, 0.0 ] } },
{ "type": "Feature", "properties": { "fid": 749, "layer": "inaturalist", "status": 0 }, "geometry": { "type": "Point", "coordinates": [ -46.724470325799999, -23.560783835700001, 0.0 ] } },
{ "type": "Feature", "properties": { "fid": 750, "layer": "inaturalist", "status": 0 }, "geometry": { "type": "Point", "coordinates": [ -47.494026, -23.6106219, 0.0 ] } },
{ "type": "Feature", "properties": { "fid": 751, "layer": "inaturalist", "status": 0 }, "geometry": { "type": "Point", "coordinates": [ -45.401333235199999, -23.774209069200001, 0.0 ] } },
{ "type": "Feature", "properties": { "fid": 752, "layer": "inaturalist", "status": 0 }, "geometry": { "type": "Point", "coordinates": [ -46.677534, -23.526163, 0.0 ] } },
{ "type": "Feature", "properties": { "fid": 753, "layer": "inaturalist", "status": 0 }, "geometry": { "type": "Point", "coordinates": [ -46.72425, -23.5468533333, 0.0 ] } },
{ "type": "Feature", "properties": { "fid": 754, "layer": "inaturalist", "status": 0 }, "geometry": { "type": "Point", "coordinates": [ -47.6538587362, -22.741862536199999, 0.0 ] } },
{ "type": "Feature", "properties": { "fid": 755, "layer": "inaturalist", "status": 0 }, "geometry": { "type": "Point", "coordinates": [ -46.53106766, -23.67202135, 0.0 ] } },
{ "type": "Feature", "properties": { "fid": 756, "layer": "inaturalist", "status": 0 }, "geometry": { "type": "Point", "coordinates": [ -48.1254845, -22.2807812, 0.0 ] } },
{ "type": "Feature", "properties": { "fid": 757, "layer": "inaturalist", "status": 0 }, "geometry": { "type": "Point", "coordinates": [ -46.580587242199996, -23.708928006200001, 0.0 ] } },
{ "type": "Feature", "properties": { "fid": 758, "layer": "inaturalist", "status": 0 }, "geometry": { "type": "Point", "coordinates": [ -46.72216025, -23.545434305600001, 0.0 ] } },
{ "type": "Feature", "properties": { "fid": 759, "layer": "inaturalist", "status": 0 }, "geometry": { "type": "Point", "coordinates": [ -46.700167033500001, -23.540798756200001, 0.0 ] } },
{ "type": "Feature", "properties": { "fid": 760, "layer": "inaturalist", "status": 0 }, "geometry": { "type": "Point", "coordinates": [ -46.680870120100003, -23.5580924864, 0.0 ] } },
{ "type": "Feature", "properties": { "fid": 761, "layer": "inaturalist", "status": 0 }, "geometry": { "type": "Point", "coordinates": [ -47.459699792599999, -23.518330359899998, 0.0 ] } },
{ "type": "Feature", "properties": { "fid": 762, "layer": "inaturalist", "status": 0 }, "geometry": { "type": "Point", "coordinates": [ -51.306446380899999, -22.218829584600002, 0.0 ] } },
{ "type": "Feature", "properties": { "fid": 763, "layer": "inaturalist", "status": 0 }, "geometry": { "type": "Point", "coordinates": [ -47.539233333299997, -22.4105527778, 0.0 ] } },
{ "type": "Feature", "properties": { "fid": 764, "layer": "inaturalist", "status": 0 }, "geometry": { "type": "Point", "coordinates": [ -46.553146362299998, -23.6059894562, 0.0 ] } },
{ "type": "Feature", "properties": { "fid": 765, "layer": "inaturalist", "status": 0 }, "geometry": { "type": "Point", "coordinates": [ -46.306813471, -23.978174617099999, 0.0 ] } },
{ "type": "Feature", "properties": { "fid": 766, "layer": "inaturalist", "status": 0 }, "geometry": { "type": "Point", "coordinates": [ -46.632065, -23.553616666700002, 0.0 ] } },
{ "type": "Feature", "properties": { "fid": 767, "layer": "inaturalist", "status": 0 }, "geometry": { "type": "Point", "coordinates": [ -45.692713333299999, -22.71285, 0.0 ] } },
{ "type": "Feature", "properties": { "fid": 768, "layer": "inaturalist", "status": 0 }, "geometry": { "type": "Point", "coordinates": [ -47.604061111100002, -22.3952527778, 0.0 ] } },
{ "type": "Feature", "properties": { "fid": 769, "layer": "inaturalist", "status": 0 }, "geometry": { "type": "Point", "coordinates": [ -46.6098317597, -23.594064801, 0.0 ] } },
{ "type": "Feature", "properties": { "fid": 770, "layer": "inaturalist", "status": 0 }, "geometry": { "type": "Point", "coordinates": [ -49.4588, -20.9204416667, 0.0 ] } },
{ "type": "Feature", "properties": { "fid": 771, "layer": "inaturalist", "status": 0 }, "geometry": { "type": "Point", "coordinates": [ -46.376906382, -23.056776970600001, 0.0 ] } },
{ "type": "Feature", "properties": { "fid": 772, "layer": "inaturalist", "status": 0 }, "geometry": { "type": "Point", "coordinates": [ -46.315586729899998, -23.5343627281, 0.0 ] } },
{ "type": "Feature", "properties": { "fid": 773, "layer": "inaturalist", "status": 0 }, "geometry": { "type": "Point", "coordinates": [ -46.720073688600003, -23.546551775699999, 0.0 ] } },
{ "type": "Feature", "properties": { "fid": 774, "layer": "inaturalist", "status": 0 }, "geometry": { "type": "Point", "coordinates": [ -47.538752777799999, -22.410902777800001, 0.0 ] } },
{ "type": "Feature", "properties": { "fid": 775, "layer": "inaturalist", "status": 0 }, "geometry": { "type": "Point", "coordinates": [ -48.15854237, -21.75427818, 0.0 ] } },
{ "type": "Feature", "properties": { "fid": 776, "layer": "inaturalist", "status": 0 }, "geometry": { "type": "Point", "coordinates": [ -46.542179826599998, -23.7026670668, 0.0 ] } },
{ "type": "Feature", "properties": { "fid": 777, "layer": "inaturalist", "status": 0 }, "geometry": { "type": "Point", "coordinates": [ -47.521192999699998, -22.453673099700001, 0.0 ] } },
{ "type": "Feature", "properties": { "fid": 778, "layer": "inaturalist", "status": 0 }, "geometry": { "type": "Point", "coordinates": [ -49.03060497, -21.12556982, 0.0 ] } },
{ "type": "Feature", "properties": { "fid": 779, "layer": "inaturalist", "status": 0 }, "geometry": { "type": "Point", "coordinates": [ -46.5194425, -23.4951757, 0.0 ] } },
{ "type": "Feature", "properties": { "fid": 780, "layer": "inaturalist", "status": 0 }, "geometry": { "type": "Point", "coordinates": [ -47.001685, -24.317229, 0.0 ] } },
{ "type": "Feature", "properties": { "fid": 781, "layer": "inaturalist", "status": 0 }, "geometry": { "type": "Point", "coordinates": [ -46.6410478, -23.0572729, 0.0 ] } },
{ "type": "Feature", "properties": { "fid": 782, "layer": "inaturalist", "status": 0 }, "geometry": { "type": "Point", "coordinates": [ -46.426920108499999, -23.688377180100002, 0.0 ] } },
{ "type": "Feature", "properties": { "fid": 783, "layer": "inaturalist", "status": 0 }, "geometry": { "type": "Point", "coordinates": [ -46.1655305, -23.286875, 0.0 ] } },
{ "type": "Feature", "properties": { "fid": 784, "layer": "inaturalist", "status": 0 }, "geometry": { "type": "Point", "coordinates": [ -46.610883772400001, -23.588033856199999, 0.0 ] } },
{ "type": "Feature", "properties": { "fid": 785, "layer": "inaturalist", "status": 0 }, "geometry": { "type": "Point", "coordinates": [ -46.759420543799997, -23.537827928399999, 0.0 ] } },
{ "type": "Feature", "properties": { "fid": 786, "layer": "inaturalist", "status": 0 }, "geometry": { "type": "Point", "coordinates": [ -47.597117, -23.422578, 0.0 ] } },
{ "type": "Feature", "properties": { "fid": 787, "layer": "inaturalist", "status": 0 }, "geometry": { "type": "Point", "coordinates": [ -47.61348835, -22.3978726, 0.0 ] } },
{ "type": "Feature", "properties": { "fid": 788, "layer": "inaturalist", "status": 0 }, "geometry": { "type": "Point", "coordinates": [ -47.592026777599997, -22.3787713159, 0.0 ] } },
{ "type": "Feature", "properties": { "fid": 789, "layer": "inaturalist", "status": 0 }, "geometry": { "type": "Point", "coordinates": [ -47.887545085, -21.1481833548, 0.0 ] } },
{ "type": "Feature", "properties": { "fid": 790, "layer": "inaturalist", "status": 0 }, "geometry": { "type": "Point", "coordinates": [ -46.73297984, -23.55877149, 0.0 ] } },
{ "type": "Feature", "properties": { "fid": 791, "layer": "inaturalist", "status": 0 }, "geometry": { "type": "Point", "coordinates": [ -46.62827067, -23.57353323, 0.0 ] } },
{ "type": "Feature", "properties": { "fid": 792, "layer": "inaturalist", "status": 0 }, "geometry": { "type": "Point", "coordinates": [ -46.675321891400003, -23.497568086099999, 0.0 ] } },
{ "type": "Feature", "properties": { "fid": 793, "layer": "inaturalist", "status": 0 }, "geometry": { "type": "Point", "coordinates": [ -45.40261399, -23.800999188700001, 0.0 ] } },
{ "type": "Feature", "properties": { "fid": 794, "layer": "inaturalist", "status": 0 }, "geometry": { "type": "Point", "coordinates": [ -46.719851948100001, -23.559229062499998, 0.0 ] } },
{ "type": "Feature", "properties": { "fid": 795, "layer": "inaturalist", "status": 0 }, "geometry": { "type": "Point", "coordinates": [ -47.2869383333, -23.27603, 0.0 ] } },
{ "type": "Feature", "properties": { "fid": 796, "layer": "inaturalist", "status": 0 }, "geometry": { "type": "Point", "coordinates": [ -46.741804741300001, -23.479115781200001, 0.0 ] } },
{ "type": "Feature", "properties": { "fid": 797, "layer": "inaturalist", "status": 0 }, "geometry": { "type": "Point", "coordinates": [ -46.520660972199998, -23.4979219722, 0.0 ] } },
{ "type": "Feature", "properties": { "fid": 798, "layer": "inaturalist", "status": 0 }, "geometry": { "type": "Point", "coordinates": [ -47.111325, -22.7949716667, 0.0 ] } },
{ "type": "Feature", "properties": { "fid": 799, "layer": "inaturalist", "status": 0 }, "geometry": { "type": "Point", "coordinates": [ -47.311377786100003, -23.248014944400001, 0.0 ] } },
{ "type": "Feature", "properties": { "fid": 800, "layer": "inaturalist", "status": 0 }, "geometry": { "type": "Point", "coordinates": [ -47.311049799700001, -23.2498864, 0.0 ] } },
{ "type": "Feature", "properties": { "fid": 801, "layer": "inaturalist", "status": 0 }, "geometry": { "type": "Point", "coordinates": [ -47.0626332, -22.9099384, 0.0 ] } },
{ "type": "Feature", "properties": { "fid": 802, "layer": "inaturalist", "status": 0 }, "geometry": { "type": "Point", "coordinates": [ -49.949980694399997, -22.185804555600001, 0.0 ] } },
{ "type": "Feature", "properties": { "fid": 803, "layer": "inaturalist", "status": 0 }, "geometry": { "type": "Point", "coordinates": [ -46.484111785899998, -23.421819686900001, 0.0 ] } },
{ "type": "Feature", "properties": { "fid": 804, "layer": "inaturalist", "status": 0 }, "geometry": { "type": "Point", "coordinates": [ -46.7121696, -23.5574805, 0.0 ] } },
{ "type": "Feature", "properties": { "fid": 805, "layer": "inaturalist", "status": 0 }, "geometry": { "type": "Point", "coordinates": [ -47.860076888899997, -21.165716166700001, 0.0 ] } },
{ "type": "Feature", "properties": { "fid": 806, "layer": "inaturalist", "status": 0 }, "geometry": { "type": "Point", "coordinates": [ -46.759473001099998, -23.53812827, 0.0 ] } },
{ "type": "Feature", "properties": { "fid": 807, "layer": "inaturalist", "status": 0 }, "geometry": { "type": "Point", "coordinates": [ -46.731327055599998, -23.558256138899999, 0.0 ] } },
{ "type": "Feature", "properties": { "fid": 808, "layer": "inaturalist", "status": 0 }, "geometry": { "type": "Point", "coordinates": [ -45.371569444400002, -23.817486111099999, 0.0 ] } },
{ "type": "Feature", "properties": { "fid": 809, "layer": "inaturalist", "status": 0 }, "geometry": { "type": "Point", "coordinates": [ -46.957441099699999, -23.1593531, 0.0 ] } },
{ "type": "Feature", "properties": { "fid": 810, "layer": "inaturalist", "status": 0 }, "geometry": { "type": "Point", "coordinates": [ -46.729177498699997, -23.560578660899999, 0.0 ] } },
{ "type": "Feature", "properties": { "fid": 811, "layer": "inaturalist", "status": 0 }, "geometry": { "type": "Point", "coordinates": [ -45.400883333300001, -23.62298, 0.0 ] } },
{ "type": "Feature", "properties": { "fid": 812, "layer": "inaturalist", "status": 0 }, "geometry": { "type": "Point", "coordinates": [ -45.062668653499998, -23.464094516700001, 0.0 ] } },
{ "type": "Feature", "properties": { "fid": 813, "layer": "inaturalist", "status": 0 }, "geometry": { "type": "Point", "coordinates": [ -48.561061666699999, -22.501436666699998, 0.0 ] } },
{ "type": "Feature", "properties": { "fid": 814, "layer": "inaturalist", "status": 0 }, "geometry": { "type": "Point", "coordinates": [ -46.732788831, -23.5580050308, 0.0 ] } },
{ "type": "Feature", "properties": { "fid": 815, "layer": "inaturalist", "status": 0 }, "geometry": { "type": "Point", "coordinates": [ -46.889260523, -23.185631030900002, 0.0 ] } },
{ "type": "Feature", "properties": { "fid": 816, "layer": "inaturalist", "status": 0 }, "geometry": { "type": "Point", "coordinates": [ -47.109383549500002, -22.949449340800001, 0.0 ] } },
{ "type": "Feature", "properties": { "fid": 817, "layer": "inaturalist", "status": 0 }, "geometry": { "type": "Point", "coordinates": [ -47.563458333299998, -22.395171666700001, 0.0 ] } },
{ "type": "Feature", "properties": { "fid": 818, "layer": "inaturalist", "status": 0 }, "geometry": { "type": "Point", "coordinates": [ -45.3715858459, -23.817657470699999, 0.0 ] } },
{ "type": "Feature", "properties": { "fid": 819, "layer": "inaturalist", "status": 0 }, "geometry": { "type": "Point", "coordinates": [ -46.491851359599998, -23.556534127500001, 0.0 ] } },
{ "type": "Feature", "properties": { "fid": 820, "layer": "inaturalist", "status": 0 }, "geometry": { "type": "Point", "coordinates": [ -46.5382914618, -23.5506288355, 0.0 ] } },
{ "type": "Feature", "properties": { "fid": 821, "layer": "inaturalist", "status": 0 }, "geometry": { "type": "Point", "coordinates": [ -46.725028299, -23.494257449599999, 0.0 ] } },
{ "type": "Feature", "properties": { "fid": 822, "layer": "inaturalist", "status": 0 }, "geometry": { "type": "Point", "coordinates": [ -46.5993409955, -23.5826120967, 0.0 ] } },
{ "type": "Feature", "properties": { "fid": 823, "layer": "inaturalist", "status": 0 }, "geometry": { "type": "Point", "coordinates": [ -46.771210972299997, -23.675648169599999, 0.0 ] } },
{ "type": "Feature", "properties": { "fid": 824, "layer": "inaturalist", "status": 0 }, "geometry": { "type": "Point", "coordinates": [ -46.670993345200003, -23.5575653344, 0.0 ] } },
{ "type": "Feature", "properties": { "fid": 825, "layer": "inaturalist", "status": 0 }, "geometry": { "type": "Point", "coordinates": [ -46.75647485, -22.69910355, 0.0 ] } },
{ "type": "Feature", "properties": { "fid": 826, "layer": "inaturalist", "status": 0 }, "geometry": { "type": "Point", "coordinates": [ -47.879869444400001, -22.0012472222, 0.0 ] } },
{ "type": "Feature", "properties": { "fid": 827, "layer": "inaturalist", "status": 0 }, "geometry": { "type": "Point", "coordinates": [ -47.137693595099996, -22.952100872100001, 0.0 ] } },
{ "type": "Feature", "properties": { "fid": 828, "layer": "inaturalist", "status": 0 }, "geometry": { "type": "Point", "coordinates": [ -48.5510103, -22.51412822, 0.0 ] } },
{ "type": "Feature", "properties": { "fid": 829, "layer": "inaturalist", "status": 0 }, "geometry": { "type": "Point", "coordinates": [ -46.557907083300002, -23.134214388899998, 0.0 ] } },
{ "type": "Feature", "properties": { "fid": 830, "layer": "inaturalist", "status": 0 }, "geometry": { "type": "Point", "coordinates": [ -46.858971761600003, -23.729372187500001, 0.0 ] } },
{ "type": "Feature", "properties": { "fid": 831, "layer": "inaturalist", "status": 0 }, "geometry": { "type": "Point", "coordinates": [ -47.630766, -22.7166676997, 0.0 ] } },
{ "type": "Feature", "properties": { "fid": 832, "layer": "inaturalist", "status": 0 }, "geometry": { "type": "Point", "coordinates": [ -48.2798783, -21.62049, 0.0 ] } },
{ "type": "Feature", "properties": { "fid": 833, "layer": "inaturalist", "status": 0 }, "geometry": { "type": "Point", "coordinates": [ -46.5587278828, -21.838085982799999, 0.0 ] } },
{ "type": "Feature", "properties": { "fid": 834, "layer": "inaturalist", "status": 0 }, "geometry": { "type": "Point", "coordinates": [ -48.161537099699999, -21.7997568997, 0.0 ] } },
{ "type": "Feature", "properties": { "fid": 835, "layer": "inaturalist", "status": 0 }, "geometry": { "type": "Point", "coordinates": [ -46.3996649722, -23.934765972200001, 0.0 ] } },
{ "type": "Feature", "properties": { "fid": 836, "layer": "inaturalist", "status": 0 }, "geometry": { "type": "Point", "coordinates": [ -47.407314777400003, -22.7307453526, 0.0 ] } },
{ "type": "Feature", "properties": { "fid": 837, "layer": "inaturalist", "status": 0 }, "geometry": { "type": "Point", "coordinates": [ -46.518438648500002, -23.492919890900001, 0.0 ] } },
{ "type": "Feature", "properties": { "fid": 838, "layer": "inaturalist", "status": 0 }, "geometry": { "type": "Point", "coordinates": [ -48.498384, -22.8852976, 0.0 ] } },
{ "type": "Feature", "properties": { "fid": 839, "layer": "inaturalist", "status": 0 }, "geometry": { "type": "Point", "coordinates": [ -47.239900678399998, -23.134231123199999, 0.0 ] } },
{ "type": "Feature", "properties": { "fid": 840, "layer": "inaturalist", "status": 0 }, "geometry": { "type": "Point", "coordinates": [ -46.493663787800003, -22.960021972700002, 0.0 ] } },
{ "type": "Feature", "properties": { "fid": 841, "layer": "inaturalist", "status": 0 }, "geometry": { "type": "Point", "coordinates": [ -51.835609699700001, -21.877808999700001, 0.0 ] } },
{ "type": "Feature", "properties": { "fid": 842, "layer": "inaturalist", "status": 0 }, "geometry": { "type": "Point", "coordinates": [ -46.661548333299997, -23.587578333300002, 0.0 ] } },
{ "type": "Feature", "properties": { "fid": 843, "layer": "inaturalist", "status": 0 }, "geometry": { "type": "Point", "coordinates": [ -46.394596807699997, -23.971164098100001, 0.0 ] } },
{ "type": "Feature", "properties": { "fid": 844, "layer": "inaturalist", "status": 0 }, "geometry": { "type": "Point", "coordinates": [ -47.2408495098, -23.136940572899999, 0.0 ] } },
{ "type": "Feature", "properties": { "fid": 845, "layer": "inaturalist", "status": 0 }, "geometry": { "type": "Point", "coordinates": [ -46.872281899699999, -23.479069299700001, 0.0 ] } },
{ "type": "Feature", "properties": { "fid": 846, "layer": "inaturalist", "status": 0 }, "geometry": { "type": "Point", "coordinates": [ -46.6110855, -23.580282799700001, 0.0 ] } },
{ "type": "Feature", "properties": { "fid": 847, "layer": "inaturalist", "status": 0 }, "geometry": { "type": "Point", "coordinates": [ -45.112236111100003, -22.7288388889, 0.0 ] } },
{ "type": "Feature", "properties": { "fid": 848, "layer": "inaturalist", "status": 0 }, "geometry": { "type": "Point", "coordinates": [ -48.1254401, -22.2862718, 0.0 ] } },
{ "type": "Feature", "properties": { "fid": 849, "layer": "inaturalist", "status": 0 }, "geometry": { "type": "Point", "coordinates": [ -46.610746897200002, -23.580193422200001, 0.0 ] } },
{ "type": "Feature", "properties": { "fid": 850, "layer": "inaturalist", "status": 0 }, "geometry": { "type": "Point", "coordinates": [ -46.730477311100003, -23.569785533299999, 0.0 ] } },
{ "type": "Feature", "properties": { "fid": 851, "layer": "inaturalist", "status": 0 }, "geometry": { "type": "Point", "coordinates": [ -46.853280365499998, -23.629698801100002, 0.0 ] } },
{ "type": "Feature", "properties": { "fid": 852, "layer": "inaturalist", "status": 0 }, "geometry": { "type": "Point", "coordinates": [ -46.731627380600003, -23.568542255600001, 0.0 ] } },
{ "type": "Feature", "properties": { "fid": 853, "layer": "inaturalist", "status": 0 }, "geometry": { "type": "Point", "coordinates": [ -46.6107534, -23.5801388, 0.0 ] } },
{ "type": "Feature", "properties": { "fid": 854, "layer": "inaturalist", "status": 0 }, "geometry": { "type": "Point", "coordinates": [ -46.6109341, -23.5803072, 0.0 ] } },
{ "type": "Feature", "properties": { "fid": 855, "layer": "inaturalist", "status": 0 }, "geometry": { "type": "Point", "coordinates": [ -47.457408383500002, -23.450855627900001, 0.0 ] } },
{ "type": "Feature", "properties": { "fid": 856, "layer": "inaturalist", "status": 0 }, "geometry": { "type": "Point", "coordinates": [ -47.180901467799998, -23.143895234, 0.0 ] } },
{ "type": "Feature", "properties": { "fid": 857, "layer": "inaturalist", "status": 0 }, "geometry": { "type": "Point", "coordinates": [ -48.390103333299997, -22.90375, 0.0 ] } },
{ "type": "Feature", "properties": { "fid": 858, "layer": "inaturalist", "status": 0 }, "geometry": { "type": "Point", "coordinates": [ -47.232500463699999, -23.125039921900001, 0.0 ] } },
{ "type": "Feature", "properties": { "fid": 859, "layer": "inaturalist", "status": 0 }, "geometry": { "type": "Point", "coordinates": [ -47.203333117100001, -23.0978696279, 0.0 ] } },
{ "type": "Feature", "properties": { "fid": 860, "layer": "inaturalist", "status": 0 }, "geometry": { "type": "Point", "coordinates": [ -47.232311, -23.121753972200001, 0.0 ] } },
{ "type": "Feature", "properties": { "fid": 861, "layer": "inaturalist", "status": 0 }, "geometry": { "type": "Point", "coordinates": [ -47.2323829722, -23.1206539722, 0.0 ] } },
{ "type": "Feature", "properties": { "fid": 862, "layer": "inaturalist", "status": 0 }, "geometry": { "type": "Point", "coordinates": [ -47.410605847799999, -22.764438903799999, 0.0 ] } },
{ "type": "Feature", "properties": { "fid": 863, "layer": "inaturalist", "status": 0 }, "geometry": { "type": "Point", "coordinates": [ -51.4523808, -22.1239935997, 0.0 ] } },
{ "type": "Feature", "properties": { "fid": 864, "layer": "inaturalist", "status": 0 }, "geometry": { "type": "Point", "coordinates": [ -47.405521050099999, -22.740942323, 0.0 ] } },
{ "type": "Feature", "properties": { "fid": 865, "layer": "inaturalist", "status": 0 }, "geometry": { "type": "Point", "coordinates": [ -46.453809637699997, -23.715914594099999, 0.0 ] } },
{ "type": "Feature", "properties": { "fid": 866, "layer": "inaturalist", "status": 0 }, "geometry": { "type": "Point", "coordinates": [ -46.464943388899997, -23.6717953942, 0.0 ] } },
{ "type": "Feature", "properties": { "fid": 867, "layer": "inaturalist", "status": 0 }, "geometry": { "type": "Point", "coordinates": [ -46.454341672399998, -23.4830826916, 0.0 ] } },
{ "type": "Feature", "properties": { "fid": 868, "layer": "inaturalist", "status": 0 }, "geometry": { "type": "Point", "coordinates": [ -47.179162390499997, -23.135745868899999, 0.0 ] } },
{ "type": "Feature", "properties": { "fid": 869, "layer": "inaturalist", "status": 0 }, "geometry": { "type": "Point", "coordinates": [ -47.1799234673, -23.135731378300001, 0.0 ] } },
{ "type": "Feature", "properties": { "fid": 870, "layer": "inaturalist", "status": 0 }, "geometry": { "type": "Point", "coordinates": [ -48.150381473800003, -21.784147582900001, 0.0 ] } },
{ "type": "Feature", "properties": { "fid": 871, "layer": "inaturalist", "status": 0 }, "geometry": { "type": "Point", "coordinates": [ -48.497087499099997, -21.413104785600002, 0.0 ] } },
{ "type": "Feature", "properties": { "fid": 872, "layer": "inaturalist", "status": 0 }, "geometry": { "type": "Point", "coordinates": [ -47.179924808400003, -23.1317466936, 0.0 ] } },
{ "type": "Feature", "properties": { "fid": 873, "layer": "inaturalist", "status": 0 }, "geometry": { "type": "Point", "coordinates": [ -47.179938554800003, -23.131723261099999, 0.0 ] } },
{ "type": "Feature", "properties": { "fid": 874, "layer": "inaturalist", "status": 0 }, "geometry": { "type": "Point", "coordinates": [ -48.149667503300002, -21.7836994026, 0.0 ] } },
{ "type": "Feature", "properties": { "fid": 875, "layer": "inaturalist", "status": 0 }, "geometry": { "type": "Point", "coordinates": [ -47.1808210015, -23.130158829700001, 0.0 ] } },
{ "type": "Feature", "properties": { "fid": 876, "layer": "inaturalist", "status": 0 }, "geometry": { "type": "Point", "coordinates": [ -47.54626694, -22.39536257, 0.0 ] } },
{ "type": "Feature", "properties": { "fid": 877, "layer": "inaturalist", "status": 0 }, "geometry": { "type": "Point", "coordinates": [ -47.546303150699998, -22.395361964399999, 0.0 ] } },
{ "type": "Feature", "properties": { "fid": 878, "layer": "inaturalist", "status": 0 }, "geometry": { "type": "Point", "coordinates": [ -47.54628008, -22.39536229, 0.0 ] } },
{ "type": "Feature", "properties": { "fid": 879, "layer": "inaturalist", "status": 0 }, "geometry": { "type": "Point", "coordinates": [ -47.546353061399998, -22.395473806, 0.0 ] } },
{ "type": "Feature", "properties": { "fid": 880, "layer": "inaturalist", "status": 0 }, "geometry": { "type": "Point", "coordinates": [ -47.546475, -22.395443333300001, 0.0 ] } },
{ "type": "Feature", "properties": { "fid": 881, "layer": "inaturalist", "status": 0 }, "geometry": { "type": "Point", "coordinates": [ -47.547792792300001, -22.397133226200001, 0.0 ] } },
{ "type": "Feature", "properties": { "fid": 882, "layer": "inaturalist", "status": 0 }, "geometry": { "type": "Point", "coordinates": [ -47.54569336, -22.39517413, 0.0 ] } },
{ "type": "Feature", "properties": { "fid": 883, "layer": "inaturalist", "status": 0 }, "geometry": { "type": "Point", "coordinates": [ -46.55534853, -23.71245158, 0.0 ] } },
{ "type": "Feature", "properties": { "fid": 884, "layer": "inaturalist", "status": 0 }, "geometry": { "type": "Point", "coordinates": [ -47.879403345299998, -21.9838417741, 0.0 ] } },
{ "type": "Feature", "properties": { "fid": 885, "layer": "inaturalist", "status": 0 }, "geometry": { "type": "Point", "coordinates": [ -49.957616666699998, -20.411663333300002, 0.0 ] } },
{ "type": "Feature", "properties": { "fid": 886, "layer": "inaturalist", "status": 0 }, "geometry": { "type": "Point", "coordinates": [ -47.5458095, -22.3949692, 0.0 ] } },
{ "type": "Feature", "properties": { "fid": 887, "layer": "inaturalist", "status": 0 }, "geometry": { "type": "Point", "coordinates": [ -47.54612442, -22.39527625, 0.0 ] } },
{ "type": "Feature", "properties": { "fid": 888, "layer": "inaturalist", "status": 0 }, "geometry": { "type": "Point", "coordinates": [ -47.54618517, -22.39524047, 0.0 ] } },
{ "type": "Feature", "properties": { "fid": 889, "layer": "inaturalist", "status": 0 }, "geometry": { "type": "Point", "coordinates": [ -46.768055521, -23.590511598199999, 0.0 ] } },
{ "type": "Feature", "properties": { "fid": 890, "layer": "inaturalist", "status": 0 }, "geometry": { "type": "Point", "coordinates": [ -46.7680377513, -23.590361964100001, 0.0 ] } },
{ "type": "Feature", "properties": { "fid": 891, "layer": "inaturalist", "status": 0 }, "geometry": { "type": "Point", "coordinates": [ -46.648025154700001, -23.650416852399999, 0.0 ] } },
{ "type": "Feature", "properties": { "fid": 892, "layer": "inaturalist", "status": 0 }, "geometry": { "type": "Point", "coordinates": [ -46.411442221599998, -23.482163973399999, 0.0 ] } },
{ "type": "Feature", "properties": { "fid": 893, "layer": "inaturalist", "status": 0 }, "geometry": { "type": "Point", "coordinates": [ -46.339642144800003, -23.762003671199999, 0.0 ] } },
{ "type": "Feature", "properties": { "fid": 894, "layer": "inaturalist", "status": 0 }, "geometry": { "type": "Point", "coordinates": [ -47.546343388, -22.395690800400001, 0.0 ] } },
{ "type": "Feature", "properties": { "fid": 895, "layer": "inaturalist", "status": 0 }, "geometry": { "type": "Point", "coordinates": [ -47.545933410700002, -22.3949508364, 0.0 ] } },
{ "type": "Feature", "properties": { "fid": 896, "layer": "inaturalist", "status": 0 }, "geometry": { "type": "Point", "coordinates": [ -46.442831521700001, -23.626761114400001, 0.0 ] } },
{ "type": "Feature", "properties": { "fid": 897, "layer": "inaturalist", "status": 0 }, "geometry": { "type": "Point", "coordinates": [ -46.44946382, -23.6236787892, 0.0 ] } },
{ "type": "Feature", "properties": { "fid": 898, "layer": "inaturalist", "status": 0 }, "geometry": { "type": "Point", "coordinates": [ -46.61627, -23.548783333300001, 0.0 ] } },
{ "type": "Feature", "properties": { "fid": 899, "layer": "inaturalist", "status": 0 }, "geometry": { "type": "Point", "coordinates": [ -46.7224485, -23.5594095, 0.0 ] } },
{ "type": "Feature", "properties": { "fid": 900, "layer": "inaturalist", "status": 0 }, "geometry": { "type": "Point", "coordinates": [ -46.73327002, -23.57636378, 0.0 ] } },
{ "type": "Feature", "properties": { "fid": 901, "layer": "inaturalist", "status": 0 }, "geometry": { "type": "Point", "coordinates": [ -47.560611666699998, -22.423446666699999, 0.0 ] } },
{ "type": "Feature", "properties": { "fid": 902, "layer": "inaturalist", "status": 0 }, "geometry": { "type": "Point", "coordinates": [ -47.54586704, -22.39494979, 0.0 ] } },
{ "type": "Feature", "properties": { "fid": 903, "layer": "inaturalist", "status": 0 }, "geometry": { "type": "Point", "coordinates": [ -47.54580559, -22.39475085, 0.0 ] } },
{ "type": "Feature", "properties": { "fid": 904, "layer": "inaturalist", "status": 0 }, "geometry": { "type": "Point", "coordinates": [ -47.54566826, -22.39469823, 0.0 ] } },
{ "type": "Feature", "properties": { "fid": 905, "layer": "inaturalist", "status": 0 }, "geometry": { "type": "Point", "coordinates": [ -46.339106034700002, -23.763132883800001, 0.0 ] } },
{ "type": "Feature", "properties": { "fid": 906, "layer": "inaturalist", "status": 0 }, "geometry": { "type": "Point", "coordinates": [ -47.54521554, -22.39701133, 0.0 ] } },
{ "type": "Feature", "properties": { "fid": 907, "layer": "inaturalist", "status": 0 }, "geometry": { "type": "Point", "coordinates": [ -47.54491447, -22.39715508, 0.0 ] } },
{ "type": "Feature", "properties": { "fid": 908, "layer": "inaturalist", "status": 0 }, "geometry": { "type": "Point", "coordinates": [ -47.54467229, -22.39744749, 0.0 ] } },
{ "type": "Feature", "properties": { "fid": 909, "layer": "inaturalist", "status": 0 }, "geometry": { "type": "Point", "coordinates": [ -47.544705, -22.3988347, 0.0 ] } },
{ "type": "Feature", "properties": { "fid": 910, "layer": "inaturalist", "status": 0 }, "geometry": { "type": "Point", "coordinates": [ -47.54334171, -22.39633261, 0.0 ] } },
{ "type": "Feature", "properties": { "fid": 911, "layer": "inaturalist", "status": 0 }, "geometry": { "type": "Point", "coordinates": [ -47.54331745, -22.39635194, 0.0 ] } },
{ "type": "Feature", "properties": { "fid": 912, "layer": "inaturalist", "status": 0 }, "geometry": { "type": "Point", "coordinates": [ -46.559674702599999, -21.8372136409, 0.0 ] } },
{ "type": "Feature", "properties": { "fid": 913, "layer": "inaturalist", "status": 0 }, "geometry": { "type": "Point", "coordinates": [ -47.54328686, -22.39590909, 0.0 ] } },
{ "type": "Feature", "properties": { "fid": 914, "layer": "inaturalist", "status": 0 }, "geometry": { "type": "Point", "coordinates": [ -47.54336373, -22.39589521, 0.0 ] } },
{ "type": "Feature", "properties": { "fid": 915, "layer": "inaturalist", "status": 0 }, "geometry": { "type": "Point", "coordinates": [ -47.5470326, -22.3897001, 0.0 ] } },
{ "type": "Feature", "properties": { "fid": 916, "layer": "inaturalist", "status": 0 }, "geometry": { "type": "Point", "coordinates": [ -47.54408197, -22.39656487, 0.0 ] } },
{ "type": "Feature", "properties": { "fid": 917, "layer": "inaturalist", "status": 0 }, "geometry": { "type": "Point", "coordinates": [ -47.54406566, -22.39656964, 0.0 ] } },
{ "type": "Feature", "properties": { "fid": 918, "layer": "inaturalist", "status": 0 }, "geometry": { "type": "Point", "coordinates": [ -47.54457137, -22.39469521, 0.0 ] } },
{ "type": "Feature", "properties": { "fid": 919, "layer": "inaturalist", "status": 0 }, "geometry": { "type": "Point", "coordinates": [ -47.54540036, -22.39358673, 0.0 ] } },
{ "type": "Feature", "properties": { "fid": 920, "layer": "inaturalist", "status": 0 }, "geometry": { "type": "Point", "coordinates": [ -47.54556545, -22.39378294, 0.0 ] } },
{ "type": "Feature", "properties": { "fid": 921, "layer": "inaturalist", "status": 0 }, "geometry": { "type": "Point", "coordinates": [ -47.5455366, -22.3940165, 0.0 ] } },
{ "type": "Feature", "properties": { "fid": 922, "layer": "inaturalist", "status": 0 }, "geometry": { "type": "Point", "coordinates": [ -47.54607721, -22.39431271, 0.0 ] } },
{ "type": "Feature", "properties": { "fid": 923, "layer": "inaturalist", "status": 0 }, "geometry": { "type": "Point", "coordinates": [ -47.54685087, -22.39440413, 0.0 ] } },
{ "type": "Feature", "properties": { "fid": 924, "layer": "inaturalist", "status": 0 }, "geometry": { "type": "Point", "coordinates": [ -47.5468827, -22.3954113, 0.0 ] } },
{ "type": "Feature", "properties": { "fid": 925, "layer": "inaturalist", "status": 0 }, "geometry": { "type": "Point", "coordinates": [ -47.54672826, -22.3950885, 0.0 ] } },
{ "type": "Feature", "properties": { "fid": 926, "layer": "inaturalist", "status": 0 }, "geometry": { "type": "Point", "coordinates": [ -46.688074244399999, -23.488314497899999, 0.0 ] } },
{ "type": "Feature", "properties": { "fid": 927, "layer": "inaturalist", "status": 0 }, "geometry": { "type": "Point", "coordinates": [ -46.634868727600001, -23.7025059863, 0.0 ] } },
{ "type": "Feature", "properties": { "fid": 928, "layer": "inaturalist", "status": 0 }, "geometry": { "type": "Point", "coordinates": [ -47.5446564, -22.3977703, 0.0 ] } },
{ "type": "Feature", "properties": { "fid": 929, "layer": "inaturalist", "status": 0 }, "geometry": { "type": "Point", "coordinates": [ -46.702861666700002, -23.56527, 0.0 ] } },
{ "type": "Feature", "properties": { "fid": 930, "layer": "inaturalist", "status": 0 }, "geometry": { "type": "Point", "coordinates": [ -46.629418842500002, -23.5907869, 0.0 ] } },
{ "type": "Feature", "properties": { "fid": 931, "layer": "inaturalist", "status": 0 }, "geometry": { "type": "Point", "coordinates": [ -46.313924007099999, -23.773205133899999, 0.0 ] } },
{ "type": "Feature", "properties": { "fid": 932, "layer": "inaturalist", "status": 0 }, "geometry": { "type": "Point", "coordinates": [ -46.729693512600001, -23.5753764058, 0.0 ] } },
{ "type": "Feature", "properties": { "fid": 933, "layer": "inaturalist", "status": 0 }, "geometry": { "type": "Point", "coordinates": [ -47.025268527800002, -22.950483305599999, 0.0 ] } },
{ "type": "Feature", "properties": { "fid": 934, "layer": "inaturalist", "status": 0 }, "geometry": { "type": "Point", "coordinates": [ -47.571361362899999, -22.368452663799999, 0.0 ] } },
{ "type": "Feature", "properties": { "fid": 935, "layer": "inaturalist", "status": 0 }, "geometry": { "type": "Point", "coordinates": [ -47.8385992348, -21.174736516500001, 0.0 ] } },
{ "type": "Feature", "properties": { "fid": 936, "layer": "inaturalist", "status": 0 }, "geometry": { "type": "Point", "coordinates": [ -46.4788143, -23.5835478, 0.0 ] } },
{ "type": "Feature", "properties": { "fid": 937, "layer": "inaturalist", "status": 0 }, "geometry": { "type": "Point", "coordinates": [ -47.066667799699999, -22.8426641, 0.0 ] } },
{ "type": "Feature", "properties": { "fid": 938, "layer": "inaturalist", "status": 0 }, "geometry": { "type": "Point", "coordinates": [ -50.441788972200001, -21.185054, 0.0 ] } },
{ "type": "Feature", "properties": { "fid": 939, "layer": "insthorus", "status": 0 }, "geometry": { "type": "Point", "coordinates": [ -47.6475, -22.725, 0.0 ] } },
{ "type": "Feature", "properties": { "fid": 940, "layer": "insthorus", "status": 0 }, "geometry": { "type": "Point", "coordinates": [ -47.6775, -22.84611111111111, 0.0 ] } },
{ "type": "Feature", "properties": { "fid": 941, "layer": "insthorus", "status": 0 }, "geometry": { "type": "Point", "coordinates": [ -49.061388888888892, -22.315277777777776, 0.0 ] } },
{ "type": "Feature", "properties": { "fid": 942, "layer": "insthorus", "status": 0 }, "geometry": { "type": "Point", "coordinates": [ -46.638888888888886, -23.548888888888889, 0.0 ] } },
{ "type": "Feature", "properties": { "fid": 943, "layer": "insthorus", "status": 0 }, "geometry": { "type": "Point", "coordinates": [ -46.687222222222225, -23.335277777777776, 0.0 ] } },
{ "type": "Feature", "properties": { "fid": 944, "layer": "insthorus", "status": 0 }, "geometry": { "type": "Point", "coordinates": [ -46.812222222222225, -23.830833333333334, 0.0 ] } },
{ "type": "Feature", "properties": { "fid": 945, "layer": "insthorus", "status": 0 }, "geometry": { "type": "Point", "coordinates": [ -50.467822222222225, -22.790077777777778, 0.0 ] } },
{ "type": "Feature", "properties": { "fid": 946, "layer": "insthorus", "status": 0 }, "geometry": { "type": "Point", "coordinates": [ -51.589316666666669, -20.760330555555555, 0.0 ] } },
{ "type": "Feature", "properties": { "fid": 947, "layer": "insthorus", "status": 0 }, "geometry": { "type": "Point", "coordinates": [ -47.507777777777775, -22.576388888888889, 0.0 ] } },
{ "type": "Feature", "properties": { "fid": 948, "layer": "insthorus", "status": 0 }, "geometry": { "type": "Point", "coordinates": [ -49.951944444444443, -21.945833333333333, 0.0 ] } },
{ "type": "Feature", "properties": { "fid": 949, "layer": "insthorus", "status": 0 }, "geometry": { "type": "Point", "coordinates": [ -44.795180555555554, -22.545538888888888, 0.0 ] } },
{ "type": "Feature", "properties": { "fid": 950, "layer": "crowdmapping", "status": 0 }, "geometry": { "type": "Point", "coordinates": [ -47.715441929133888, -22.665796688189001, 0.0 ] } },
{ "type": "Feature", "properties": { "fid": 951, "layer": "crowdmapping", "status": 0 }, "geometry": { "type": "Point", "coordinates": [ -47.713323326771679, -22.662041766929157, 0.0 ] } },
{ "type": "Feature", "properties": { "fid": 952, "layer": "crowdmapping", "status": 0 }, "geometry": { "type": "Point", "coordinates": [ -47.689812007874039, -22.668173656692939, 0.0 ] } },
{ "type": "Feature", "properties": { "fid": 953, "layer": "crowdmapping", "status": 0 }, "geometry": { "type": "Point", "coordinates": [ -47.677324311023654, -22.671153479527586, 0.0 ] } },
{ "type": "Feature", "properties": { "fid": 954, "layer": "crowdmapping", "status": 0 }, "geometry": { "type": "Point", "coordinates": [ -47.645476377952797, -22.659371983464599, 0.0 ] } },
{ "type": "Feature", "properties": { "fid": 955, "layer": "crowdmapping", "status": 0 }, "geometry": { "type": "Point", "coordinates": [ -47.644615157480388, -22.68035562027562, 0.0 ] } },
{ "type": "Feature", "properties": { "fid": 956, "layer": "crowdmapping", "status": 0 }, "geometry": { "type": "Point", "coordinates": [ -47.676364050196938, -22.705206137007927, 0.0 ] } },
{ "type": "Feature", "properties": { "fid": 957, "layer": "crowdmapping", "status": 0 }, "geometry": { "type": "Point", "coordinates": [ -47.678349163385917, -22.705374075000048, 0.0 ] } },
{ "type": "Feature", "properties": { "fid": 958, "layer": "crowdmapping", "status": 0 }, "geometry": { "type": "Point", "coordinates": [ -47.67458132381897, -22.705279340748081, 0.0 ] } },
{ "type": "Feature", "properties": { "fid": 959, "layer": "crowdmapping", "status": 0 }, "geometry": { "type": "Point", "coordinates": [ -47.68237106299221, -22.707479759055179, 0.0 ] } },
{ "type": "Feature", "properties": { "fid": 960, "layer": "crowdmapping", "status": 0 }, "geometry": { "type": "Point", "coordinates": [ -47.681217027559136, -22.7087199165355, 0.0 ] } },
{ "type": "Feature", "properties": { "fid": 961, "layer": "crowdmapping", "status": 0 }, "geometry": { "type": "Point", "coordinates": [ -47.68442076771661, -22.706739109448872, 0.0 ] } },
{ "type": "Feature", "properties": { "fid": 962, "layer": "crowdmapping", "status": 0 }, "geometry": { "type": "Point", "coordinates": [ -47.677177903543352, -22.708668243307141, 0.0 ] } },
{ "type": "Feature", "properties": { "fid": 963, "layer": "crowdmapping", "status": 0 }, "geometry": { "type": "Point", "coordinates": [ -47.678271653543355, -22.707863002165404, 0.0 ] } },
{ "type": "Feature", "properties": { "fid": 964, "layer": "crowdmapping", "status": 0 }, "geometry": { "type": "Point", "coordinates": [ -47.678590305118156, -22.711699739370143, 0.0 ] } },
{ "type": "Feature", "properties": { "fid": 965, "layer": "crowdmapping", "status": 0 }, "geometry": { "type": "Point", "coordinates": [ -47.678090797244138, -22.711760024803215, 0.0 ] } },
{ "type": "Feature", "properties": { "fid": 966, "layer": "crowdmapping", "status": 0 }, "geometry": { "type": "Point", "coordinates": [ -47.67174360236222, -22.721547795472546, 0.0 ] } },
{ "type": "Feature", "properties": { "fid": 967, "layer": "crowdmapping", "status": 0 }, "geometry": { "type": "Point", "coordinates": [ -47.669504429133845, -22.723502765944996, 0.0 ] } },
{ "type": "Feature", "properties": { "fid": 968, "layer": "crowdmapping", "status": 0 }, "geometry": { "type": "Point", "coordinates": [ -47.67361245078741, -22.721664060236325, 0.0 ] } },
{ "type": "Feature", "properties": { "fid": 969, "layer": "crowdmapping", "status": 0 }, "geometry": { "type": "Point", "coordinates": [ -47.67437893700788, -22.722301363385935, 0.0 ] } },
{ "type": "Feature", "properties": { "fid": 970, "layer": "crowdmapping", "status": 0 }, "geometry": { "type": "Point", "coordinates": [ -47.672406742125972, -22.722947278740268, 0.0 ] } },
{ "type": "Feature", "properties": { "fid": 971, "layer": "crowdmapping", "status": 0 }, "geometry": { "type": "Point", "coordinates": [ -47.675029158464575, -22.720053577952854, 0.0 ] } },
{ "type": "Feature", "properties": { "fid": 972, "layer": "crowdmapping", "status": 0 }, "geometry": { "type": "Point", "coordinates": [ -47.679925196850434, -22.71842156515757, 0.0 ] } },
{ "type": "Feature", "properties": { "fid": 973, "layer": "crowdmapping", "status": 0 }, "geometry": { "type": "Point", "coordinates": [ -47.678913262795305, -22.712573878149684, 0.0 ] } },
{ "type": "Feature", "properties": { "fid": 974, "layer": "crowdmapping", "status": 0 }, "geometry": { "type": "Point", "coordinates": [ -47.680799335629935, -22.709779217716594, 0.0 ] } },
{ "type": "Feature", "properties": { "fid": 975, "layer": "crowdmapping", "status": 0 }, "geometry": { "type": "Point", "coordinates": [ -47.67192445866138, -22.722607096653658, 0.0 ] } },
{ "type": "Feature", "properties": { "fid": 976, "layer": "crowdmapping", "status": 0 }, "geometry": { "type": "Point", "coordinates": [ -47.621891855314693, -22.717276141929222, 0.0 ] } },
{ "type": "Feature", "properties": { "fid": 977, "layer": "crowdmapping", "status": 0 }, "geometry": { "type": "Point", "coordinates": [ -47.617654650590275, -22.731486279724564, 0.0 ] } },
{ "type": "Feature", "properties": { "fid": 978, "layer": "crowdmapping", "status": 0 }, "geometry": { "type": "Point", "coordinates": [ -47.601291461613812, -22.719575600590655, 0.0 ] } },
{ "type": "Feature", "properties": { "fid": 979, "layer": "crowdmapping", "status": 0 }, "geometry": { "type": "Point", "coordinates": [ -47.639426304133664, -22.770473730512144, 0.0 ] } },
{ "type": "Feature", "properties": { "fid": 980, "layer": "crowdmapping", "status": 0 }, "geometry": { "type": "Point", "coordinates": [ -47.638651205708463, -22.771167012992461, 0.0 ] } },
{ "type": "Feature", "properties": { "fid": 981, "layer": "crowdmapping", "status": 0 }, "geometry": { "type": "Point", "coordinates": [ -47.634323572834433, -22.765022204921568, 0.0 ] } },
{ "type": "Feature", "properties": { "fid": 982, "layer": "crowdmapping", "status": 0 }, "geometry": { "type": "Point", "coordinates": [ -47.635671382873809, -22.76498775610267, 0.0 ] } },
{ "type": "Feature", "properties": { "fid": 983, "layer": "crowdmapping", "status": 0 }, "geometry": { "type": "Point", "coordinates": [ -47.633169537401351, -22.765293489370389, 0.0 ] } },
{ "type": "Feature", "properties": { "fid": 984, "layer": "crowdmapping", "status": 0 }, "geometry": { "type": "Point", "coordinates": [ -47.637152682086416, -22.764359065157787, 0.0 ] } },
{ "type": "Feature", "properties": { "fid": 985, "layer": "crowdmapping", "status": 0 }, "geometry": { "type": "Point", "coordinates": [ -47.637101008858068, -22.764888715748341, 0.0 ] } },
{ "type": "Feature", "properties": { "fid": 986, "layer": "crowdmapping", "status": 0 }, "geometry": { "type": "Point", "coordinates": [ -47.636872785432871, -22.763906924409753, 0.0 ] } },
{ "type": "Feature", "properties": { "fid": 987, "layer": "crowdmapping", "status": 0 }, "geometry": { "type": "Point", "coordinates": [ -47.635559424212367, -22.768187190157803, 0.0 ] } },
{ "type": "Feature", "properties": { "fid": 988, "layer": "crowdmapping", "status": 0 }, "geometry": { "type": "Point", "coordinates": [ -47.637570374015517, -22.771343563189308, 0.0 ] } },
{ "type": "Feature", "properties": { "fid": 989, "layer": "crowdmapping", "status": 0 }, "geometry": { "type": "Point", "coordinates": [ -47.598716324682847, -22.70948180331845, 0.0 ] } },
{ "type": "Feature", "properties": { "fid": 990, "layer": "crowdmapping", "status": 0 }, "geometry": { "type": "Point", "coordinates": [ -47.60175132008041, -22.711603036660833, 0.0 ] } },
{ "type": "Feature", "properties": { "fid": 991, "layer": "crowdmapping", "status": 0 }, "geometry": { "type": "Point", "coordinates": [ -47.596513505442687, -22.710738226144322, 0.0 ] } },
{ "type": "Feature", "properties": { "fid": 992, "layer": "crowdmapping", "status": 0 }, "geometry": { "type": "Point", "coordinates": [ -47.597737293909447, -22.710721908964764, 0.0 ] } },
{ "type": "Feature", "properties": { "fid": 993, "layer": "crowdmapping", "status": 0 }, "geometry": { "type": "Point", "coordinates": [ -47.593070580556208, -22.712435212818228, 0.0 ] } },
{ "type": "Feature", "properties": { "fid": 994, "layer": "crowdmapping", "status": 0 }, "geometry": { "type": "Point", "coordinates": [ -47.593698791969153, -22.710762701913659, 0.0 ] } },
{ "type": "Feature", "properties": { "fid": 995, "layer": "crowdmapping", "status": 0 }, "geometry": { "type": "Point", "coordinates": [ -47.592450527733064, -22.71684085129856, 0.0 ] } }
]
}
